اسم المصنع / المنشأة,الاسم بالإنجليزية,القطاع الصناعي,المنطقة الفرعية / المجمع الصناعي,حالة المطابقة مع CRM,الاسم المطابق في السيستم,رقم التليفون,الموقع الإلكتروني,العنوان التفصيلي,رابط Google Maps المباشر,خط العرض (Latitude),خط الطول (Longitude),التصنيف التقني Overture,المعرف الفرعي (Overture ID)
Egyptian Engineering Company - EEC,,غزل ونسيج وملابس جاهزة,منطقة المطورين الصناعيين (بولاريس / بيراميدز / CPC),مصنع جديد تماماً (حصري),—,+201090015701,http://www.eecmena.com/,"Industrial Zone, 6th district extension","https://www.google.com/maps?q=29.908752,30.75844",29.908752,30.75844,engineering_services,bbf37b26-b07f-4fdf-87ae-3d5b3951ab5c
شركة الأولى للمطاحن والمواد الغذائية,,صناعات غذائية ومشروبات ومطاحن,المنطقة الصناعية الرابعة (6 أكتوبر),مصنع جديد تماماً (حصري),—,—,http://www.aloulaa.net/,"El-Oula Flour Mills, 6th of October City (2)","https://www.google.com/maps?q=29.943399,30.844694",29.943399,30.844694,industrial_company,a6942cd3-e0c6-49c1-989d-ba2fb2077942
Schlumberger,,صناعات سيارات وشاحنات ومركبات تجارية,المنطقة الصناعية الرابعة (6 أكتوبر),مصنع جديد تماماً (حصري),—,+201012031869,www.slb.com,شارع المنطقه الصناعية,"https://www.google.com/maps?q=29.945259,30.846338",29.945259,30.846338,corporate_office,a2c9f529-da63-474d-b2fc-87a7027c95d8
Merital Metal Industries,,غزل ونسيج وملابس جاهزة,المنطقة الصناعية الرابعة (6 أكتوبر),مصنع جديد تماماً (حصري),—,+201271934353,—,"Eloula industerial park, plot 8 from","https://www.google.com/maps?q=29.938108,30.845928",29.938108,30.845928,metal_fabricator,d17999e2-9aa4-4229-b399-e4dae44bb575
Alluco EGYPT,,تصنيع وإنتاج هندسي عام ومعدات,المنطقة الصناعية الرابعة (6 أكتوبر),مصنع جديد تماماً (حصري),—,+201112444096,http://www.alluco.com/,"North Extensions IDG-e2- Sami Saad , Workshop A1, 6th October City(2),Giza Governorate","https://www.google.com/maps?q=29.944963,30.847118",29.944963,30.847118,commercial_industrial,ef4037a1-43f9-4e4e-a208-e3313e1453fa
ECEMI,,غزل ونسيج وملابس جاهزة,المنطقة الصناعية الرابعة (6 أكتوبر),مصنع جديد تماماً (حصري),—,—,https://ecemi-alu.com/,"Block No 9 - Al-Oula Industrial Parks Developments - 6 October, Egypt","https://www.google.com/maps?q=29.939501,30.846693",29.939501,30.846693,metal_fabricator,ea38ad1f-69db-48a5-969b-df853b2ff245
Henkel Plant,,كيماويات وبتروكيماويات ودهانات وزيوت,المنطقة الصناعية الرابعة (6 أكتوبر),مصنع جديد تماماً (حصري),—,—,—,"Polaris zamil Industrial Zone, developers industrial zone ,6th of october,","https://www.google.com/maps?q=29.946684,30.848276",29.946684,30.848276,chemical_plant,361ab448-a397-44ca-a28d-6e73a6940f9b
Power Pro Technology Electric,,صناعات سيارات وشاحنات ومركبات تجارية,المنطقة الصناعية الرابعة (6 أكتوبر),مصنع جديد تماماً (حصري),—,+201080500008,http://power-pro.tech/,Aloula industrial park,"https://www.google.com/maps?q=29.937269,30.84911",29.937269,30.84911,business_manufacturing_and_supply,3b8f0aef-77be-4176-8e1b-98b49376598e
Nathalie Design,,تصنيع وإنتاج هندسي عام ومعدات,المنطقة الصناعية الرابعة (6 أكتوبر),مصنع جديد تماماً (حصري),—,+201550502627,https://www.instagram.com/nathalie.design.eg?igsh=MTI3cGFvZTNxd3J3Yg%3D%3D,٦ اكتوبر المنطقة الصناعية الثالثة مجمع مبارك الصناعي ,"https://www.google.com/maps?q=29.946579,30.849968",29.946579,30.849968,furniture_store,fb15f7a9-98d7-4830-a445-391e52674d8e
Vaccine Valley  فاكسين فالي,,أدوية ومستحضرات تجميل ومستلزمات طبية,المنطقة الصناعية الخامسة (6 أكتوبر),مصنع جديد تماماً (حصري),—,+20238243485,http://www.vaccinevalley.com/,"Second 6th of October, ","https://www.google.com/maps?q=29.927774,30.852533",29.927774,30.852533,pharmaceutical_companies,e941d3ef-667a-4b8d-b80f-097eb1a59fb2
البهلول لماكينات البلاستيك بلاست سيرفيس جروب للتجارة و الصناعة,,صناعات بلاستيكية ومطاطية ومواسير,المنطقة الصناعية الرابعة (6 أكتوبر),مصنع جديد تماماً (حصري),—,+201007515075,http://www.bahloulcom.com/,التوسعات الشمالية أمتداد المنطة الصناعية الثالثةمجمع سامي خلف منطقة الملاعب,"https://www.google.com/maps?q=29.946835,30.853693",29.946835,30.853693,plastic_manufacturer,2011c19d-a9cd-4e83-9136-ff6fcbacdc33
Hayat Egypt,,صناعات سيارات وشاحنات ومركبات تجارية,المنطقة الصناعية الرابعة (6 أكتوبر),مصنع جديد تماماً (حصري),—,—,—,الجيزة,"https://www.google.com/maps?q=29.93894,30.854259",29.93894,30.854259,business_manufacturing_and_supply,6c8f6237-2fca-4818-b3f2-779e9eda15a6
Logistica-E2E,,نقل بري ولوجستيات وتخزين وأساطيل,المنطقة الصناعية الرابعة (6 أكتوبر),مصنع جديد تماماً (حصري),—,+20237742234,—,بولارس الزامل المنطقه الصناعيه الرابعه-6 اكتوبر,"https://www.google.com/maps?q=29.937141,30.854408",29.937141,30.854408,transportation,24a55541-e6d7-4a80-b39a-188a898d5bba
"Aramex Mashreq for Logistics Services - Egypt, 6 October City.",,نقل بري ولوجستيات وتخزين وأساطيل,المنطقة الصناعية الرابعة (6 أكتوبر),مصنع جديد تماماً (حصري),—,—,www.aramex.com,6 October City,"https://www.google.com/maps?q=29.952934,30.854839",29.952934,30.854839,freight_and_cargo_service,1987bbef-b5a4-4a6d-96d6-fad340d6d364
Elif Global Packaging,,صناعات بلاستيكية ومطاطية ومواسير,المنطقة الصناعية الرابعة (6 أكتوبر),مصنع جديد تماماً (حصري),—,+20238642088,http://www.elifglobal.com/,الجيزة,"https://www.google.com/maps?q=29.947445,30.857208",29.947445,30.857208,plastic_company,6c76b4b6-a79e-464f-8250-48470804fd45
شركة الاتحاد لنقل لأثاث في اكتوبر01014368654 شركة نقل عفش,,نقل بري ولوجستيات وتخزين وأساطيل,المنطقة الصناعية الرابعة (6 أكتوبر),موجود بالفعل بالسيستم (تحديث/إثراء إحداثيات),شركة نقل عفش بالعاشر من رمضان 01014368654 ،شركات نقل اثاث,+201014368654,—,اكتوبر,"https://www.google.com/maps?q=29.975458,30.858583",29.975458,30.858583,freight_and_cargo_service,325b15be-a18d-4b9f-aab0-0462583d2883
GCrystal Polycarbonate Sheets - جي كريستال لألواح البولي كربونيت,,صناعات بلاستيكية ومطاطية ومواسير,المنطقة الصناعية الرابعة (6 أكتوبر),مصنع جديد تماماً (حصري),—,+201095990442,https://www.gcrystal-pc.com/,المنطقة الصناعية الرابعة (6 أكتوبر),"https://www.google.com/maps?q=29.972633,30.859221",29.972633,30.859221,plastic_manufacturer,5dc3e17b-8cc9-476c-807b-07a2f2a4c5d9
Al-Fursan International For Food Industries,,صناعات غذائية ومشروبات ومطاحن,المنطقة الصناعية الرابعة (6 أكتوبر),مصنع جديد تماماً (حصري),—,+201226241057,http://www.alfursaneg.com/,"O15-Z4 Engineering Square, North Expansions of industrial zone 12566 6 October","https://www.google.com/maps?q=29.943874,30.859148",29.943874,30.859148,food_consultant,105b0d28-a205-429c-bc4f-dc4b4d124236
Krypton Chemical Egypt,,تصنيع وإنتاج هندسي عام ومعدات,المنطقة الصناعية الرابعة (6 أكتوبر),مصنع جديد تماماً (حصري),—,+201070060660,http://www.kryptonegypt.com/,Polaris Industrial Park,"https://www.google.com/maps?q=29.938429,30.858995",29.938429,30.858995,engineering_services,d3a69607-b385-4952-b2f9-5ad22a49c0ac
Alfa Logistics II,,نقل بري ولوجستيات وتخزين وأساطيل,المنطقة الصناعية الرابعة (6 أكتوبر),مصنع جديد تماماً (حصري),—,—,—,الجيزة,"https://www.google.com/maps?q=29.933622,30.858952",29.933622,30.858952,freight_and_cargo_service,88656e63-0a1f-4121-975d-dd748f4cd978
محطة مصر للبترول -المنطقة الصناعية 6 أكتوبر,,كيماويات وبتروكيماويات ودهانات وزيوت,المنطقة الصناعية الخامسة (6 أكتوبر),مصنع جديد تماماً (حصري),—,—,http://www.masrpetrolum.com/,https://maps.app.goo.gl/PFtgYsQkoC5JPm6S7,"https://www.google.com/maps?q=29.929646,30.859304",29.929646,30.859304,gas_station,4db3019d-f011-4279-b79f-16273ef6ac3f
cairopac,,نقل بري ولوجستيات وتخزين وأساطيل,المنطقة الصناعية الرابعة (6 أكتوبر),مصنع جديد تماماً (حصري),—,+2038642062,—,شارع، 1,"https://www.google.com/maps?q=29.943937,30.860559",29.943937,30.860559,storage_facility,dc9cc964-4960-4835-bfa4-d18f37f7662e
Elezaby Automotive,,صناعات سيارات وشاحنات ومركبات تجارية,المنطقة الصناعية الرابعة (6 أكتوبر),مصنع جديد تماماً (حصري),—,+201118970999,http://www.elezaby-group.com/,"6th of October, Engineering Square, Plot No. 3 Building No. F6 North Extenstions of Industrial Zones, Giza, Egypt,","https://www.google.com/maps?q=29.952644,30.860229",29.952644,30.860229,automotive_repair,34070729-7862-4018-9a75-dada518fb4c2
Canex Aluminum,,غزل ونسيج وملابس جاهزة,المنطقة الصناعية الرابعة (6 أكتوبر),مصنع جديد تماماً (حصري),—,+20238642361,http://www.canexalu.com/,Canex Aluminum,"https://www.google.com/maps?q=29.941113,30.860189",29.941113,30.860189,metal_fabricator,a09f1ae4-2efe-4193-a3e3-5d8dc02ac3c5
بلاست 2000 للصناعة والتجارة,,تصنيع وإنتاج هندسي عام ومعدات,المنطقة الصناعية الرابعة (6 أكتوبر),مصنع جديد تماماً (حصري),—,012 23470022,http://www.plast2000co.com,"القطعة 13 K و 15 K - - انجينيرنج سكوير - التوسعات الشمالية 3, السادس من اكتوبر","https://www.google.com/maps?q=29.94557,30.861017",29.94557,30.861017,industrial_equipment,d77d7b82-84ab-4f54-9424-5baa96ef1ebd
Nerhadou Giza,,تصنيع وإنتاج هندسي عام ومعدات,المنطقة الصناعية الرابعة (6 أكتوبر),مصنع جديد تماماً (حصري),—,+201147771126,—,Giza,"https://www.google.com/maps?q=29.930702,30.86186",29.930702,30.86186,industrial_equipment,604b46c0-f02f-4ffe-93b2-c65c19544ae7
Gazelle Envelope Manufacturers,,تصنيع وإنتاج هندسي عام ومعدات,المنطقة الصناعية الخامسة (6 أكتوبر),مصنع جديد تماماً (حصري),—,+201552056649,http://www.gazellenvelope.com/,"Factory #11 Plot 1/8, 4th Industrial Zone, P.O Box 19, 6th of October City, Egypt.","https://www.google.com/maps?q=29.928009,30.862915",29.928009,30.862915,industrial_company,afa0c37f-6fea-46b0-a3d7-a575bf251119
e2 October - IDG,,تصنيع وإنتاج هندسي عام ومعدات,المنطقة الصناعية الرابعة (6 أكتوبر),مصنع جديد تماماً (حصري),—,+201288333341,http://www.engineering-square.com/,"North Extensions of, No. 33 Al Mostakbal Wai","https://www.google.com/maps?q=29.94874,30.862738",29.94874,30.862738,commercial_industrial,55e8d49c-81dd-4666-aa98-845605a7544d
sarmac,,تصنيع وإنتاج هندسي عام ومعدات,المنطقة الصناعية الرابعة (6 أكتوبر),مصنع جديد تماماً (حصري),—,+20238642007,http://www.sarmacegypt.com/,"CPC Industrial compound, Zone (D) , Str. no. (2), Factory no.(17), 6th October","https://www.google.com/maps?q=29.955479,30.864887",29.955479,30.864887,industrial_company,903e6e9e-5d92-4657-b9ae-2795af8b8283
SleepHigh,,تصنيع وإنتاج هندسي عام ومعدات,المنطقة الصناعية الرابعة (6 أكتوبر),مصنع جديد تماماً (حصري),—,—,http://www.sleephigh-eg.com/,2 شارع 8,"https://www.google.com/maps?q=29.947496,30.864546",29.947496,30.864546,industrial_company,d895d3cd-c298-497a-acc6-18a24f63b1c8
Sigmatec For Pharmaceutical Industries,,أدوية ومستحضرات تجميل ومستلزمات طبية,المنطقة الصناعية الرابعة (6 أكتوبر),مصنع جديد تماماً (حصري),—,+20238278760,—,، 6th Industrial Zone,"https://www.google.com/maps?q=29.93648,30.864813",29.93648,30.864813,pharmaceutical_companies,d7be0551-c431-4cac-867f-c05c8bbba319
Biolink-Egypt For Chemical Industries,,كيماويات وبتروكيماويات ودهانات وزيوت,المنطقة الصناعية الرابعة (6 أكتوبر),مصنع جديد تماماً (حصري),—,+20233821432,http://www.Biolink-Egypt.com/,A9 Engineering Square Industrial Park,"https://www.google.com/maps?q=29.932919,30.864717",29.932919,30.864717,chemical_plant,6b09d660-6893-4015-834d-a128621eb0c8
Alandalous Pharmaceutical,,أدوية ومستحضرات تجميل ومستلزمات طبية,المنطقة الصناعية الرابعة (6 أكتوبر),مصنع جديد تماماً (حصري),—,+20238243257,http://www.alandalous.org/,الجيزه - الواحات البحرية,"https://www.google.com/maps?q=29.931026,30.865412",29.931026,30.865412,pharmaceutical_companies,6df32720-4694-4537-82f3-e355caa2e575
Smart Plast,,صناعات بلاستيكية ومطاطية ومواسير,المنطقة الصناعية الخامسة (6 أكتوبر),مصنع جديد تماماً (حصري),—,+201149035609,—,6 شارع حي السكرية,"https://www.google.com/maps?q=29.913872,30.865595",29.913872,30.865595,plastic_manufacturer,e758d4f9-d544-434d-93f8-5d534a1439dd
Aqua Flow - اكوا فلو,,صناعات بلاستيكية ومطاطية ومواسير,المنطقة الصناعية الرابعة (6 أكتوبر),مصنع جديد تماماً (حصري),—,—,http://www.aquaflow.com.eg/,6th. Of October,"https://www.google.com/maps?q=29.964455,30.866091",29.964455,30.866091,plastic_manufacturer,da64d9bf-9127-4266-b9bf-5eac6e50c529
حلاوة و طحينة أركان - Arkan Halawa &Tahini,,صناعات غذائية ومشروبات ومطاحن,المنطقة الصناعية الرابعة (6 أكتوبر),مصنع جديد تماماً (حصري),—,+201028883777,http://www.arkanfoods.co/,5 شارع 5,"https://www.google.com/maps?q=29.937963,30.866543",29.937963,30.866543,shopping,d296fb57-02ff-4416-bc7d-9bdac15e54bb
EL Salam Plast,,صناعات بلاستيكية ومطاطية ومواسير,المنطقة الصناعية الخامسة (6 أكتوبر),مصنع جديد تماماً (حصري),—,+201066648108,http://www.elsalamplast.com/,"Plot 492, رقم 18_3","https://www.google.com/maps?q=29.913057,30.866249",29.913057,30.866249,plastic_company,d09b04c9-a51c-4023-b3d6-a1dce5da2e08
Proglass Factory,,تصنيع وإنتاج هندسي عام ومعدات,المنطقة الصناعية الرابعة (6 أكتوبر),مصنع جديد تماماً (حصري),—,02 38642300,http://www.proglass-egypt.com,"CPC Industrial Park, Block 2, Developers Area, Northern Extensions, 6th of October City, No. 114","https://www.google.com/maps?q=29.955648,30.866959",29.955648,30.866959,commercial_industrial,1192ef89-968a-4aa3-bc1b-ee4b4950350f
Red.Spark.Machines,,تصنيع وإنتاج هندسي عام ومعدات,المنطقة الصناعية الخامسة (6 أكتوبر),مصنع جديد تماماً (حصري),—,+201065657956,—,القطعة رقم 510 - المنطقة الصناعيه مخازن الشباب - مدينة 6 اكتوبر محافظه الجيزة,"https://www.google.com/maps?q=29.913952,30.867722",29.913952,30.867722,machine_shop,ff623798-4cf3-4727-8459-de7e11f352d4
Target mix,,تصنيع وإنتاج هندسي عام ومعدات,المنطقة الصناعية الخامسة (6 أكتوبر),مصنع جديد تماماً (حصري),—,+201098697193,—,المنطقة الصناعية، ثان 6 اكتوبر،،,"https://www.google.com/maps?q=29.920933,30.86792",29.920933,30.86792,community_services_non_profits,d97ce06c-777a-43f9-9207-e8f96e633d73
مخازن كازيون اكتوبر,,نقل بري ولوجستيات وتخزين وأساطيل,المنطقة الصناعية الرابعة (6 أكتوبر),مصنع جديد تماماً (حصري),—,—,—,المنطقة الصناعية,"https://www.google.com/maps?q=29.930031,30.868361",29.930031,30.868361,,e1122ad7-c13d-431f-9f09-02defd2c76df
Premco Precast Egypt,,تصنيع وإنتاج هندسي عام ومعدات,المنطقة الصناعية الرابعة (6 أكتوبر),مصنع جديد تماماً (حصري),—,+201004422392,https://premco-precast.com/,"CPC Industrial park, Block #2, Developers land, Industrial zone, 6th of October city, Giza, Egypt","https://www.google.com/maps?q=29.959183,30.869341",29.959183,30.869341,construction_services,0986cc8f-9cb3-4efb-90c6-e4cf770c3e9b
Alwan Ice Cream,,تصنيع وإنتاج هندسي عام ومعدات,المنطقة الصناعية الرابعة (6 أكتوبر),مصنع جديد تماماً (حصري),—,+201094833988,https://goo.gl/maps/fcaTwudM4EmXLEdv7,‏السادس من أكتوبر ، المنطقه الصناعيه ‏، ‏محافظة الجيزة‏، ‏مصر‏ ,"https://www.google.com/maps?q=29.934118,30.869148",29.934118,30.869148,ice_cream_shop,537e7c5a-25db-4f8c-9e03-15d5a808e510
masa,,صناعات سيارات وشاحنات ومركبات تجارية,المنطقة الصناعية الخامسة (6 أكتوبر),مصنع جديد تماماً (حصري),—,+201099565845,—,، المنطقة الصناعية،,"https://www.google.com/maps?q=29.913406,30.869764",29.913406,30.869764,business_manufacturing_and_supply,e8727acf-4dc3-4a44-9e91-b6209bf8c245
Iron Pack,,صناعات سيارات وشاحنات ومركبات تجارية,المنطقة الصناعية الخامسة (6 أكتوبر),مصنع جديد تماماً (حصري),—,+201005072214,—,822 Street 706,"https://www.google.com/maps?q=29.910543,30.86968",29.910543,30.86968,business_manufacturing_and_supply,e26a8204-2bc7-4641-b436-08c9eefb3f4f
Geochem,,كيماويات وبتروكيماويات ودهانات وزيوت,المنطقة الصناعية الخامسة (6 أكتوبر),مصنع جديد تماماً (حصري),—,+201066326316,http://www.geo-chem.com/,"Of, 849 Giza-City","https://www.google.com/maps?q=29.909702,30.869371",29.909702,30.869371,business_manufacturing_and_supply,04528103-3bc1-4f2b-9968-6fb293ea8198
Egypt Technology (laboratory and scientific equipment)-ايجيبت تكنولوجى لتصنيع الأجهزة العلمية والمعملية,,صناعات سيارات وشاحنات ومركبات تجارية,المنطقة الصناعية الخامسة (6 أكتوبر),مصنع جديد تماماً (حصري),—,01112043338,https://egyptech.net/,814 Youth Stores,"https://www.google.com/maps?q=29.909885,30.868906",29.909885,30.868906,laboratory_equipment_supplier,0d06e8a7-7938-4df8-a142-74f7e4d75280
Elkhabaz,,صناعات بلاستيكية ومطاطية ومواسير,المنطقة الصناعية الخامسة (6 أكتوبر),مصنع جديد تماماً (حصري),—,+201006268135,http://WWW.ELKHABAZPLAST.WEBNODE.COM/,104 Industrial zone youth stores 300 meters Block NO. 120 - 6 October - Giza – Egypt,"https://www.google.com/maps?q=29.912294,30.870544",29.912294,30.870544,plastic_manufacturer,da0f6c08-3d2c-4241-bce3-694f9e95ff00
Cairo Shades - كايروشيدز,,تصنيع وإنتاج هندسي عام ومعدات,المنطقة الصناعية الخامسة (6 أكتوبر),مصنع جديد تماماً (حصري),—,+201288222656,http://www.cairoshades.com/,Cairo,"https://www.google.com/maps?q=29.913223,30.870083",29.913223,30.870083,commercial_industrial,33d7f918-1850-49c0-9124-ae07bb32d1d1
الشركة الهندسية لخدمات المياه وحفر الأبار,,تصنيع وإنتاج هندسي عام ومعدات,المنطقة الصناعية الرابعة (6 أكتوبر),مصنع جديد تماماً (حصري),—,+201066638935,https://hndcya-pumps.com/,٦ اكتوبر .امتداد، القطعة 58، مدينة 6 أكتوبر، امتداد الثالثة,"https://www.google.com/maps?q=29.935621,30.87035",29.935621,30.87035,industrial_equipment,26e15932-5695-4c7e-815f-26ba898b3ffb
Al-Safwa Industry الصفوة للصناعة,,غزل ونسيج وملابس جاهزة,المنطقة الصناعية الرابعة (6 أكتوبر),مصنع جديد تماماً (حصري),—,+201201111920,http://www.alsafwa-eg.com/,"26,CPC Industrial Park,6th of October City-Egypt","https://www.google.com/maps?q=29.954784,30.871195",29.954784,30.871195,industrial_equipment,633cc767-6331-49c2-8b29-965a1ef6634b
DSV,,نقل بري ولوجستيات وتخزين وأساطيل,المنطقة الصناعية الرابعة (6 أكتوبر),مصنع جديد تماماً (حصري),—,+20 2 22460128,https://www.dsv.com/en/countries/africa/egypt,"Plot 167, 6th industrial area extension of 6th industrial area","https://www.google.com/maps?q=29.941446,30.870806",29.941446,30.870806,freight_and_cargo_service,da3db9fe-2a73-43ac-9bf4-9b5343ed549c
Mars Egypt,,صناعات غذائية ومشروبات ومطاحن,المنطقة الصناعية الرابعة (6 أكتوبر),مصنع جديد تماماً (حصري),—,+20238288500,—,3 شارع المنطقه الصناعية,"https://www.google.com/maps?q=29.933823,30.870659",29.933823,30.870659,corporate_office,9e73f81f-b269-4e60-9607-879dd605b2f1
MOM Industries,,صناعات سيارات وشاحنات ومركبات تجارية,المنطقة الصناعية الخامسة (6 أكتوبر),مصنع جديد تماماً (حصري),—,+201097347482,https://www.mom-industries-eg.com/,6th October industries street 719,"https://www.google.com/maps?q=29.913372,30.870657",29.913372,30.870657,business_manufacturing_and_supply,477f16e6-1b4e-43ce-8719-9c746bd06ba2
Auto Vario,,صناعات سيارات وشاحنات ومركبات تجارية,المنطقة الصناعية الخامسة (6 أكتوبر),مصنع جديد تماماً (حصري),—,+201000124215,https://www.autovario-egy.com/,"مصنع دجلة للكيماويات, السادس من أكتوبر، Egypt-امتداد المنطقة الصناعية السادسة بجوار","https://www.google.com/maps?q=29.915464,30.870674",29.915464,30.870674,business_manufacturing_and_supply,41cd0a76-5069-4f35-8bd5-c6e10449fe49
Promill Engineering Industries,,تصنيع وإنتاج هندسي عام ومعدات,المنطقة الصناعية الخامسة (6 أكتوبر),مصنع جديد تماماً (حصري),—,+201061010109,http://www.promilleg.com/,300 area,"https://www.google.com/maps?q=29.914801,30.87072",29.914801,30.87072,engineering_services,e4e900cd-4db3-493c-9200-daf41b25b12c
Al Saqr Steel ,,غزل ونسيج وملابس جاهزة,المنطقة الصناعية الخامسة (6 أكتوبر),مصنع جديد تماماً (حصري),—,+201000128005,https://alsaqrsteel.com/,"6 October-Sixth Industrial\nZone-plot.83,Giza,Egypt","https://www.google.com/maps?q=29.919241,30.871201",29.919241,30.871201,metal_fabricator,e0d7afdf-11a1-4517-9a2c-16ddd81375be
Modern Engineer Industries,,تصنيع وإنتاج هندسي عام ومعدات,المنطقة الصناعية الخامسة (6 أكتوبر),مصنع جديد تماماً (حصري),—,+201092082584,—,الجيزة,"https://www.google.com/maps?q=29.914619,30.871273",29.914619,30.871273,engineering_services,20a43e7c-566e-4d5e-a1e9-815f7e30290e
Egyptian Electronics Recycling,,تصنيع وإنتاج هندسي عام ومعدات,المنطقة الصناعية الخامسة (6 أكتوبر),مصنع جديد تماماً (حصري),—,+201062218955,https://www.eerc-group.com/,787، Industrial Zone,"https://www.google.com/maps?q=29.914324,30.871237",29.914324,30.871237,recycling_center,d3b37f0f-fd12-4a5e-a9c6-46a99c1728a2
Al-Hazem Steel Factory,,غزل ونسيج وملابس جاهزة,المنطقة الصناعية الرابعة (6 أكتوبر),مصنع جديد تماماً (حصري),—,+201097777753,https://steel.al-hazemcon.com/,"lot#112, 6th of October city, CPC's park, Egypt","https://www.google.com/maps?q=29.952301,30.87171",29.952301,30.87171,engineering_services,4234e787-190e-43e4-9b1a-3a7c8ebfefd6
Advanced TruLaser,,تصنيع وإنتاج هندسي عام ومعدات,المنطقة الصناعية الرابعة (6 أكتوبر),مصنع جديد تماماً (حصري),—,+201065525605,http://www.Advancedegy.net/,Unnamed Road,"https://www.google.com/maps?q=29.952993,30.871624",29.952993,30.871624,professional_services,30d67811-3dfc-4a50-bd17-30fcfdcfaa49
Raya Auto - راية أوتو,,صناعات سيارات وشاحنات ومركبات تجارية,المنطقة الصناعية الرابعة (6 أكتوبر),مصنع جديد تماماً (حصري),—,+201091836367,http://www.rayaauto.com/,قطعة ٣٣ منطقة بولاريس الدولية الصناعية ارض المطورين - المنطقة الصناعية الرابعة-مدينة ٦ أكتوبر,"https://www.google.com/maps?q=29.961945,30.872747",29.961945,30.872747,automotive_services_and_repair,b978821a-96f5-4df6-b087-f49247dd8db0
Cairo Foam Sales Khaled Mahmoud كايرو فوم  إدارة المبيعات  خالد محمود,,تصنيع وإنتاج هندسي عام ومعدات,المنطقة الصناعية الرابعة (6 أكتوبر),مصنع جديد تماماً (حصري),—,+201110002032,—,السادس من اكتوبر,"https://www.google.com/maps?q=29.941511,30.872143",29.941511,30.872143,engineering_services,263214e9-b12d-48ad-85fc-e15358639a30
المصرية لصيانة وسائل النقل,,نقل بري ولوجستيات وتخزين وأساطيل,المنطقة الصناعية الخامسة (6 أكتوبر),مصنع جديد تماماً (حصري),—,+201024636215,—,القطعة 195 - مخازن الشباب - المنطقة الصناعية السادسة,"https://www.google.com/maps?q=29.914036,30.872522",29.914036,30.872522,truck_repair,7236afe5-2493-42c3-8150-7c65ce5b2c49
Egypanel Factory,,تصنيع وإنتاج هندسي عام ومعدات,المنطقة الصناعية الخامسة (6 أكتوبر),مصنع جديد تماماً (حصري),—,+201141112611,http://egypanels.com/,المنطقة الصناعية,"https://www.google.com/maps?q=29.911383,30.872244",29.911383,30.872244,furniture_store,a4588d4c-f1a6-4cce-887f-65bdbe6303ee
مجموعة شركات الامين لصناعة المواسير ومنتجات البلاستيك,,صناعات بلاستيكية ومطاطية ومواسير,المنطقة الصناعية الخامسة (6 أكتوبر),مصنع جديد تماماً (حصري),—,02 38243341,http://www.alaminforpipes.com,القطعة 28 - - المنطقة الصناعية السادسة,"https://www.google.com/maps?q=29.924793,30.87347",29.924793,30.87347,building_supply_store,3cd69958-105a-4313-961c-c628f9ce815a
"Diamond for doors, windows & facade systems.",,غزل ونسيج وملابس جاهزة,المنطقة الصناعية الرابعة (6 أكتوبر),مصنع جديد تماماً (حصري),—,+201095544448,http://Www.diamond-dwf.com/,Street 26,"https://www.google.com/maps?q=29.930414,30.873472",29.930414,30.873472,windows_installation,aa3b8a09-d9c5-4deb-989e-fc4e573e2dcc
انسيكو - الشركة الدولية للهندسة والانشاءات,,تصنيع وإنتاج هندسي عام ومعدات,المنطقة الصناعية الرابعة (6 أكتوبر),مصنع جديد تماماً (حصري),—,02 38290296,http://www.incecoegypt.com,القطعة 81 - - امتداد المنطقة الصناعية الثالثة,"https://www.google.com/maps?q=29.932177,30.873304",29.932177,30.873304,construction_services,a8cd2dbd-5afd-4c51-8994-c0d7cb1f350f
Marina For Armored Doors - مارينا للأبواب المصفحة,,تصنيع وإنتاج هندسي عام ومعدات,المنطقة الصناعية الرابعة (6 أكتوبر),مصنع جديد تماماً (حصري),—,+201222168014,http://www.marinadoors.com/,السادس من اكتوبر,"https://www.google.com/maps?q=29.951033,30.873392",29.951033,30.873392,industrial_company,1d1695da-74c3-4520-baf5-510a0f0646aa
Kevanobaths - بانيو كيفانو,,تصنيع وإنتاج هندسي عام ومعدات,المنطقة الصناعية الرابعة (6 أكتوبر),مصنع جديد تماماً (حصري),—,+201155464444,https://www.linkedin.com/company/kevano,السادس من اكتوبر,"https://www.google.com/maps?q=29.951069,30.873512",29.951069,30.873512,contractor,c3054b04-220e-4053-95a1-b6e1197bc2c0
NovoChem Factory,,كيماويات وبتروكيماويات ودهانات وزيوت,المنطقة الصناعية الرابعة (6 أكتوبر),مصنع جديد تماماً (حصري),—,+201001593941,http://www.novochemshop.com/,Street 26,"https://www.google.com/maps?q=29.931196,30.873547",29.931196,30.873547,chemical_plant,22b9c045-f5d6-4777-9997-9b1123c72d78
Ryada Chem,,كيماويات وبتروكيماويات ودهانات وزيوت,المنطقة الصناعية الخامسة (6 أكتوبر),مصنع جديد تماماً (حصري),—,+201010012066,http://www.ryadachem.com/,6th Industrial Zone Extension,"https://www.google.com/maps?q=29.916901,30.873646",29.916901,30.873646,chemical_plant,dfc85d78-555b-46b8-8d76-d629187cc548
National Group of companies for modern packaging,,صناعات بلاستيكية ومطاطية ومواسير,المنطقة الصناعية الخامسة (6 أكتوبر),مصنع جديد تماماً (حصري),—,—,http://www.nato-pack.com/,6 October City,"https://www.google.com/maps?q=29.918022,30.874352",29.918022,30.874352,commercial_industrial,d4e16796-7711-4aab-b166-f5b6df31d35a
Super pack _شركة سوبر باك للصناعات الهندسيه,,تصنيع وإنتاج هندسي عام ومعدات,المنطقة الصناعية الخامسة (6 أكتوبر),مصنع جديد تماماً (حصري),—,+201098885817,http://www.superpackegypt.com/,مدينة 6 اكتوبر _ امتداد المنطقة الصناعيه السادسه _قطعة رقم 82,"https://www.google.com/maps?q=29.926382,30.87451",29.926382,30.87451,industrial_company,9bff9f18-cc6f-481a-921d-c170d6e1da86
"Egywrap,Icopack and Copack Group",,تصنيع وإنتاج هندسي عام ومعدات,المنطقة الصناعية الخامسة (6 أكتوبر),مصنع جديد تماماً (حصري),—,—,http://www.copack.com.eg/, Industrial Area No.1,"https://www.google.com/maps?q=29.918524,30.8748",29.918524,30.8748,industrial_company,356ca13c-9d94-474c-8525-1b343cabeca0
IFCG EGYPT,,صناعات سيارات وشاحنات ومركبات تجارية,المنطقة الصناعية الرابعة (6 أكتوبر),مصنع جديد تماماً (حصري),—,+201000220409,—,u202bمجمع سي.بي.سي. الصناعي قطعةu202c، التوسعات الشماليه,"https://www.google.com/maps?q=29.953375,30.874352",29.953375,30.874352,business_manufacturing_and_supply,4b336d88-eec5-49ad-8b47-e5e37580ec55
Lana tex,,تصنيع وإنتاج هندسي عام ومعدات,المنطقة الصناعية الرابعة (6 أكتوبر),مصنع جديد تماماً (حصري),—,—,http://www.lanatex-eg.com/,المدينة الصناعية,"https://www.google.com/maps?q=29.934746,30.875454",29.934746,30.875454,commercial_industrial,2302ceff-363f-43da-ab96-c486f84269f5
العربية لتجهيزات السيارات المتخصصة,,صناعات سيارات وشاحنات ومركبات تجارية,المنطقة الصناعية الخامسة (6 أكتوبر),مصنع جديد تماماً (حصري),—,+201200127070,https://www.instagram.com/alarabiave/,السادس من اكتوبر,"https://www.google.com/maps?q=29.926874,30.87565",29.926874,30.87565,automotive_repair,78d12bb7-b1b6-4aba-8adc-29905f8f2ca8
الشركة السورية لصناعة الأقمشة البلاستيكية,,صناعات بلاستيكية ومطاطية ومواسير,المنطقة الصناعية الخامسة (6 أكتوبر),مصنع جديد تماماً (حصري),—,+201272114757,—,المنطقه الصناعيه امتداد السادسه,"https://www.google.com/maps?q=29.915478,30.875788",29.915478,30.875788,fabric_store,2fce002a-c4a0-48cc-81f7-fc83a97a155f
المنطقه الصناعيه الرابعه 6اكتوبر شركه الأهرام للتجاره والصناعه,,غزل ونسيج وملابس جاهزة,المنطقة الصناعية الرابعة (6 أكتوبر),مصنع جديد تماماً (حصري),—,—,—,المنطقه الصناعيه الرابعه قطعه 57,"https://www.google.com/maps?q=29.941523,30.876307",29.941523,30.876307,b2b_textiles,d9a02216-aa67-4f6e-8150-325fc06a6bf9
الشركة المتحدة للصناعات المغذية,,تصنيع وإنتاج هندسي عام ومعدات,المنطقة الصناعية الرابعة (6 أكتوبر),مصنع جديد تماماً (حصري),—,02 38338554,http://www.fimcoegypt.com,المنطقة الصناعية الرابعة,"https://www.google.com/maps?q=29.944691,30.87668",29.944691,30.87668,auto_parts_and_supply_store,45cfa47a-4880-4e5c-a129-5445d6754b6f
Se Wiring System Egypt,,تصنيع وإنتاج هندسي عام ومعدات,المنطقة الصناعية الخامسة (6 أكتوبر),مصنع جديد تماماً (حصري),—,+20238243151,—,الحي السادس,"https://www.google.com/maps?q=29.918577,30.877209",29.918577,30.877209,auto_manufacturers_and_distributors,9162bea5-04f1-49d6-82ed-6f3a60f2ca5b
El Dardery Glass,,مواد بناء ورخام وسيراميك وخرسانة جاهزة,المنطقة الصناعية الخامسة (6 أكتوبر),مصنع جديد تماماً (حصري),—,+20238339575,http://www.darderyglass.com/,Street 6,"https://www.google.com/maps?q=29.9179,30.877481",29.9179,30.877481,glass_manufacturer,3042ba39-2659-4ef5-9ebf-b1c522c9675d
Bedoo plant,,صناعات سيارات وشاحنات ومركبات تجارية,المنطقة الصناعية الرابعة (6 أكتوبر),مصنع جديد تماماً (حصري),—,+201067399352,https://www.hopp.bio/bedo-company,"Plot 36, , 4th،","https://www.google.com/maps?q=29.94462,30.878061",29.94462,30.878061,business_manufacturing_and_supply,7ae56d40-708d-48f3-8b68-454e8e7b2794
شركة الإبداع لصناعة ماكينة الشيكولاتة,,تصنيع وإنتاج هندسي عام ومعدات,المنطقة الصناعية الرابعة (6 أكتوبر),مصنع جديد تماماً (حصري),—,+201028333775,http://alebdaa.net/,السادس من اكتوبر,"https://www.google.com/maps?q=29.933615,30.878172",29.933615,30.878172,,dc70d471-94b7-4ecf-b45e-c9a5b0f99675
Nissan Motor Egypt,,تصنيع وإنتاج هندسي عام ومعدات,المنطقة الصناعية الخامسة (6 أكتوبر),مصنع جديد تماماً (حصري),—,+20221600194,http://www.nissan.com.eg,Industrial Rd 22,"https://www.google.com/maps?q=29.929314,30.878696",29.929314,30.878696,auto_manufacturers_and_distributors,f32394ce-f264-4b5b-a568-c3bdf838be3e
مخزن محجوب للسيراميك والبورسلين (5)‎ و (٦),,مواد بناء ورخام وسيراميك وخرسانة جاهزة,المنطقة الصناعية السادسة (6 أكتوبر),مصنع جديد تماماً (حصري),—,01113144331,https://www.mahgoub.com/,طريق الواحات بجوار مخزن محجوب 7 للسيراميك,"https://www.google.com/maps?q=29.899866,30.877937",29.899866,30.877937,warehouses,ecc85958-8968-4cd3-b17f-363b61765778
شركة الكارمكو للصناعات المعدنية,,تصنيع وإنتاج هندسي عام ومعدات,المنطقة الصناعية الخامسة (6 أكتوبر),مصنع جديد تماماً (حصري),—,+201113355690,http://www.alkaremco.com/,144 شارع 6,"https://www.google.com/maps?q=29.909716,30.879642",29.909716,30.879642,construction_services,f1de35af-2458-4d30-afc3-e46543b05212
توكيل سانج يونج,,صناعات سيارات وشاحنات ومركبات تجارية,المنطقة الصناعية الرابعة (6 أكتوبر),مصنع جديد تماماً (حصري),—,—,—,السادس من اكتوبر,"https://www.google.com/maps?q=29.933146,30.879482",29.933146,30.879482,car_dealer,3ab4fa4f-95b8-49be-ae86-1d2ec8e9c552
Unilever Soap and Powder Plants Egypt,,صناعات سيارات وشاحنات ومركبات تجارية,المنطقة الصناعية الرابعة (6 أكتوبر),مصنع جديد تماماً (حصري),—,+20238333441,—,، 4th Industrial Zone,"https://www.google.com/maps?q=29.937433,30.87892",29.937433,30.87892,business_manufacturing_and_supply,fa9c2eb3-c7a2-46e1-bf23-2c0ed14e9ce4
Global Advanced Pharmaceuticals (GAP),,تصنيع وإنتاج هندسي عام ومعدات,المنطقة الصناعية الرابعة (6 أكتوبر),مصنع جديد تماماً (حصري),—,02 38640125,https://www.globalpharmaceuticalgroup.com,"24, North Extensions Area, 6th Industrial Zone.","https://www.google.com/maps?q=29.965778,30.879107",29.965778,30.879107,commercial_industrial,71541fe0-ba03-4244-9bb4-f6e88c67c51f
الشركة الوطنية للاعشاب الطبية والعطرية,,تصنيع وإنتاج هندسي عام ومعدات,المنطقة الصناعية الأولى (6 أكتوبر),مصنع جديد تماماً (حصري),—,+201008300112,https://unherbs.com/,6th of October,"https://www.google.com/maps?q=29.998106,30.880207",29.998106,30.880207,shopping,91248c4b-c2a9-43b4-9936-f07b5e03ccbf
"Power House ""Power Generation solutions""",,تصنيع وإنتاج هندسي عام ومعدات,المنطقة الصناعية الخامسة (6 أكتوبر),مصنع جديد تماماً (حصري),—,012 23980046,http://www.powerhouseegypt.com,"6th of October ,","https://www.google.com/maps?q=29.916363,30.879591",29.916363,30.879591,commercial_industrial,b8582b34-4c4c-43e5-ad4f-f87efc2f4f03
مصنع جهينة 6 اكتوبر,,صناعات غذائية ومشروبات ومطاحن,المنطقة الصناعية الثانية (6 أكتوبر),مصنع جديد تماماً (حصري),—,—,www.juhayna.com,6th Industrial Zone,"https://www.google.com/maps?q=29.922195,30.880585",29.922195,30.880585,commercial_industrial,0ca9d6da-5d22-444f-abd9-a160cdfae29a
Misr Compressor - شركة مصر كمبرسور لتجارة و آستيراد ضواغط الهواء,,تصنيع وإنتاج هندسي عام ومعدات,المنطقة الصناعية الثانية (6 أكتوبر),مصنع جديد تماماً (حصري),—,+201221641594,http://www.misrcompressor.com/,"شركة مصر كمبروسر | Misr Compressor Company، قطعه ١٤٠ امتداد المنطقه الصناعيه الثالثه, Giza Governorate 12451","https://www.google.com/maps?q=29.920921,30.880653",29.920921,30.880653,industrial_equipment,aa549888-c7d3-4064-a830-089397bc7392
High Star Plast Co.,,صناعات بلاستيكية ومطاطية ومواسير,المنطقة الصناعية الثانية (6 أكتوبر),مصنع جديد تماماً (حصري),—,+201020440504,—,16-3 رقم 6,"https://www.google.com/maps?q=29.921038,30.880751",29.921038,30.880751,plastic_company,3b6ed0b5-b51a-4b07-8905-6281a1d6ccbb
سنابل للصناعات الالكترونية,,صناعات كهربائية وكابلات والكترونيات,المنطقة الصناعية الثانية (6 أكتوبر),مصنع جديد تماماً (حصري),—,010 01506683,http://www.sanabeleg.com,القطعة 84 أ/1 - - المنطقة الصناعية السادسة,"https://www.google.com/maps?q=29.917929,30.880997",29.917929,30.880997,electronics,cc9d7019-f84e-482e-8bce-d29075327191
شركة اولاد يحيي لقطع غيار السيارات النقل الثقيل ,,نقل بري ولوجستيات وتخزين وأساطيل,المنطقة الصناعية الأولى (6 أكتوبر),مصنع جديد تماماً (حصري),—,+201027609029,—,شركة اولاد يحيي الحي ال ١٢ امام شركة الكهرباء المحور الموزي للاوسطي ,"https://www.google.com/maps?q=29.976494,30.880459",29.976494,30.880459,truck_dealer,d994d1d5-c5cf-461a-94b8-b9488d341900
VSP ENERGY Limited,,تصنيع وإنتاج هندسي عام ومعدات,المنطقة الصناعية الأولى (6 أكتوبر),مصنع جديد تماماً (حصري),—,+201095584473,https://vspenergyltd.com/,VSP Energy ltd.,"https://www.google.com/maps?q=29.978148,30.880554",29.978148,30.880554,construction_services,07c04546-7d9e-47b9-976a-2963ff067f1a
Procter & Gamble Egypt,,تصنيع وإنتاج هندسي عام ومعدات,المنطقة الصناعية الثانية (6 أكتوبر),مصنع جديد تماماً (حصري),—,—,https://www.pg.com/en_EG/index.shtml,Industrial Zone 4,"https://www.google.com/maps?q=29.939951,30.881672",29.939951,30.881672,commercial_industrial,f4f701b2-806d-4d0d-8ad4-80a58de0de77
Dotra,,كيماويات وبتروكيماويات ودهانات وزيوت,المنطقة الصناعية الأولى (6 أكتوبر),مصنع جديد تماماً (حصري),—,+201227736053,https://linktr.ee/dotra_app,Polaris,"https://www.google.com/maps?q=29.953903,30.881565",29.953903,30.881565,chemical_plant,e3c21ae3-74eb-4f61-bf63-9e2cc7408f50
Cairo Foam,,تصنيع وإنتاج هندسي عام ومعدات,المنطقة الصناعية الثانية (6 أكتوبر),مصنع جديد تماماً (حصري),—,+201111179611,http://www.cairofoam.com/,طريق المصانع 22، قسم ثان 6 أكتوبر، محافظة الجيزة 12211,"https://www.google.com/maps?q=29.931541,30.881523",29.931541,30.881523,industrial_company,bbaf5594-64bd-4ff1-b790-bd81158eaaad
Agility Logistics Egypt,,نقل بري ولوجستيات وتخزين وأساطيل,المنطقة الصناعية الثالثة (6 أكتوبر),مصنع جديد تماماً (حصري),—,+20238270700,—,"Agility Logistics Egypt - Plot#167, Warehouse area, 6th industrial area extension","https://www.google.com/maps?q=29.894754,30.882748",29.894754,30.882748,freight_and_cargo_service,a49aafb2-acd0-452d-8737-2914c678da1f
Expert Middle East,,تصنيع وإنتاج هندسي عام ومعدات,المنطقة الصناعية الأولى (6 أكتوبر),مصنع جديد تماماً (حصري),—,+201000749984,http://expert-mideast.com/,Plot No. 7 - Northern Expansions Polaris Industrial Center,"https://www.google.com/maps?q=29.955149,30.882484",29.955149,30.882484,hvac_services,c10f7578-39c6-45a1-8318-2f71307d1949
Tepco Egypt,,صناعات كهربائية وكابلات والكترونيات,المنطقة الصناعية الأولى (6 أكتوبر),مصنع جديد تماماً (حصري),—,+20238331015,http://www.tepco-group.com/,"4th Industrial zone, 51 street, Bock 27","https://www.google.com/maps?q=29.946732,30.883001",29.946732,30.883001,electric_utility_provider,9818f055-94e5-4e8a-b632-a9efa7147fc3
البنا لتشغيل المعادن,,غزل ونسيج وملابس جاهزة,المنطقة الصناعية الثانية (6 أكتوبر),مصنع جديد تماماً (حصري),—,+201005622600,https://elbannasteel.com/,720 مخازن الشباب المنطقة الصناعية 6 اكتوبر,"https://www.google.com/maps?q=29.937712,30.882633",29.937712,30.882633,shopping,2ba700a0-2584-4e08-8762-8a057abcec88
ميتال ماتريكس للتوريدات الهندسية و المقاولات العامة,,تصنيع وإنتاج هندسي عام ومعدات,المنطقة الصناعية الثانية (6 أكتوبر),مصنع جديد تماماً (حصري),—,+201020301286,—,2nd District - Group 4 - Bldng. 925 - 6 October city.,"https://www.google.com/maps?q=29.92671,30.88352",29.92671,30.88352,commercial_industrial,0561fd15-9a9c-415d-a18e-fa122207ac6b
المنير لتشغيل المعادن وتصنيع العجانات,,حديد وصلب وألومنيوم وتشكيل معادن,المنطقة الصناعية الثانية (6 أكتوبر),مصنع جديد تماماً (حصري),—,+201275509445,—,No. 16 - 3,"https://www.google.com/maps?q=29.917837,30.883974",29.917837,30.883974,machine_shop,d92b290a-8271-4fa1-8e60-8a10386f33e9
Amin Auto,,صناعات سيارات وشاحنات ومركبات تجارية,المنطقة الصناعية الأولى (6 أكتوبر),مصنع جديد تماماً (حصري),—,+201156316315,—,مجمع بولاريس الصناعى بوصله ٣ وحده I10,"https://www.google.com/maps?q=29.958031,30.883802",29.958031,30.883802,automotive_repair,e664a5a6-73a6-44d1-981c-9cf5f2f24e15
شركة الفزاري ستون,,تصنيع وإنتاج هندسي عام ومعدات,المنطقة الصناعية الأولى (6 أكتوبر),مصنع جديد تماماً (حصري),—,+201154278825,https://n9.cl/g8xay,6 October City,"https://www.google.com/maps?q=29.978123,30.883348",29.978123,30.883348,,67d15a07-b063-461c-aa5a-d0e8720bef56
El Bardi Paper Mill,,صناعات سيارات وشاحنات ومركبات تجارية,المنطقة الصناعية الأولى (6 أكتوبر),مصنع جديد تماماً (حصري),—,—,—,بدون اسم رقم 4,"https://www.google.com/maps?q=29.940054,30.884443",29.940054,30.884443,business_manufacturing_and_supply,fc41c65c-4918-4276-8675-af8e24086855
المصرية السورية لصناعة الأفران,,تصنيع وإنتاج هندسي عام ومعدات,المنطقة الصناعية الثانية (6 أكتوبر),مصنع جديد تماماً (حصري),—,+201149341111,http://www.eso-eg.com/,6th October المنطقة الصناعية الثانية قطعة 218/4,"https://www.google.com/maps?q=29.918062,30.88409",29.918062,30.88409,industrial_equipment,cbf4aebe-f07c-49c6-9a01-5767f084c08f
مجموعة امان وسيفتى لصناعة زجاج السيارات,,مواد بناء ورخام وسيراميك وخرسانة جاهزة,المنطقة الصناعية الثانية (6 أكتوبر),مصنع جديد تماماً (حصري),—,02 38304315,http://www.aman-safetygroup.com,"القطعة 66, المنطقة الصناعية الثالثة, المنطقة الصناعية, السادس من اكتوبر","https://www.google.com/maps?q=29.921741,30.885017",29.921741,30.885017,commercial_industrial,9a7d0d7e-15ef-4629-910e-e5ddb89c0e09
Synergy Egypt - سينرجي مصر,,تصنيع وإنتاج هندسي عام ومعدات,المنطقة الصناعية الثانية (6 أكتوبر),مصنع جديد تماماً (حصري),—,+201001102003,http://Synergy-eg.org/,"Plant 236, Third industrial zone extension","https://www.google.com/maps?q=29.915731,30.885347",29.915731,30.885347,industrial_equipment,c0cc8ae6-141e-409b-b734-7f452a4dce0f
الهندية للدهانات ALHENDIA Paints,,كيماويات وبتروكيماويات ودهانات وزيوت,المنطقة الصناعية الثانية (6 أكتوبر),مصنع جديد تماماً (حصري),—,+201066624574,https://alhendiapaints.com/,"ALHENDIA Paints, Second Industrial Zone","https://www.google.com/maps?q=29.938622,30.884918",29.938622,30.884918,painting,550f03ef-2b52-48fc-9b61-b10797ce943e
المتحدة للصناعة - دايا ثيرم ش.م.م,,تصنيع وإنتاج هندسي عام ومعدات,المنطقة الصناعية الأولى (6 أكتوبر),مصنع جديد تماماً (حصري),—,02 38642351,http://www.dayatherm.com,القطعة 16 و17 و24 و25 - بلوك 2 - - مجمع سى بى سى - منطقة التوسعات الشمالية - ارض المطور الصناعى,"https://www.google.com/maps?q=29.951357,30.885887",29.951357,30.885887,plumbing,93b92868-f6c3-4ec9-8f11-c6daa4e3d0a0
Bluepack,,تصنيع وإنتاج هندسي عام ومعدات,المنطقة الصناعية الثانية (6 أكتوبر),مصنع جديد تماماً (حصري),—,+201111800208,http://www.bluepackeg.com/,قطعه رقم ٢٩٠ امتداد المنطقه الصناعية الثالثه . خلف اللبان ساره . ٦ اكتوبر ,"https://www.google.com/maps?q=29.916025,30.886318",29.916025,30.886318,industrial_company,e376433c-bf1b-4d70-be3a-95a36846e82d
طنطا لتقطيع المعادن بالليزر,,حديد وصلب وألومنيوم وتشكيل معادن,المنطقة الصناعية الثانية (6 أكتوبر),مصنع جديد تماماً (حصري),—,+201014710720,http://www.tantalaser.com/,امتداد الصناعة الثالثة ٢٣٩,"https://www.google.com/maps?q=29.915718,30.88641",29.915718,30.88641,professional_services,aecede0c-98bd-42e9-a341-9e61631a26c7
ناشيونال موتورز,,صناعات سيارات وشاحنات ومركبات تجارية,المنطقة الصناعية الثانية (6 أكتوبر),مصنع جديد تماماً (حصري),—,+201229950065,—,16 Street 3,"https://www.google.com/maps?q=29.919416,30.886503",29.919416,30.886503,party_and_event_planning,66071b10-a818-4951-ac2f-d57527915feb
افريكان يونيون للاستيراد والتصدير,,نقل بري ولوجستيات وتخزين وأساطيل,المنطقة الصناعية الثانية (6 أكتوبر),مصنع جديد تماماً (حصري),—,011 44411414,http://www.africanuniongroup.com,القطعة 255 - - امتداد المنطقة الصناعية الثالثة,"https://www.google.com/maps?q=29.915047,30.886673",29.915047,30.886673,freight_and_cargo_service,e271ea9a-d524-4f39-9a83-1ed39ba2ffec
Zimmer UPVC,,تصنيع وإنتاج هندسي عام ومعدات,المنطقة الصناعية الثانية (6 أكتوبر),مصنع جديد تماماً (حصري),—,+201211801000,https://www.zimmer-eg.com/,          المنطقة الصناعية الثالثة ، محور خدمي أول قطعة 30,"https://www.google.com/maps?q=29.920485,30.88669",29.920485,30.88669,industrial_company,18bb7a98-5412-4756-878e-87d51f643599
Air Liquide 6th October,,تصنيع وإنتاج هندسي عام ومعدات,المنطقة الصناعية الثانية (6 أكتوبر),مصنع جديد تماماً (حصري),—,+20227687611,—,الجيزة,"https://www.google.com/maps?q=29.926908,30.887341",29.926908,30.887341,industrial_equipment,24c417e3-7288-44ea-884b-1724a300c457
El-Yosr,,صناعات سيارات وشاحنات ومركبات تجارية,المنطقة الصناعية الثانية (6 أكتوبر),مصنع جديد تماماً (حصري),—,+201001774040,http://elyosr.org/,Giza,"https://www.google.com/maps?q=29.914324,30.887333",29.914324,30.887333,automotive_repair,b0fc77bd-fde2-4637-8652-f55af58fdfcf
كيماويات المعادن والبناء - ام سي سي,,كيماويات وبتروكيماويات ودهانات وزيوت,المنطقة الصناعية الثانية (6 أكتوبر),مصنع جديد تماماً (حصري),—,+20238290045,http://www.mcccompany.net,"القطعة 324,325 - - المنطقة الصناعية الثالثة","https://www.google.com/maps?q=29.912575,30.887598",29.912575,30.887598,chemical_plant,20d99700-2be5-4ef8-9daa-1723e718ccb2
Eastern Company,,غزل ونسيج وملابس جاهزة,المنطقة الصناعية الثانية (6 أكتوبر),مصنع جديد تماماً (حصري),—,—,—,El Wahat Rd,"https://www.google.com/maps?q=29.905542,30.887033",29.905542,30.887033,tobacco_company,9756142c-31fa-4a84-accb-cf385f7bf3a3
Mobayed Steel,,غزل ونسيج وملابس جاهزة,المنطقة الصناعية الثانية (6 أكتوبر),مصنع جديد تماماً (حصري),—,+201559287224,—,المنطقة الصناعية - مجمع الشرق الأوسط,"https://www.google.com/maps?q=29.92692,30.887875",29.92692,30.887875,metal_fabricator,11aa61d3-6733-4835-94fd-b85da58c2f79
أم بى للمقاولات العامه والتوريدات العمومية وبيع وتأجير معدات الثقيلة,,تصنيع وإنتاج هندسي عام ومعدات,المنطقة الصناعية الثانية (6 أكتوبر),مصنع جديد تماماً (حصري),—,+201008867333,https://g.co/kgs/Ek6uCc3,الثالثه. مجمع اضواء العاصمه خلف شركه دايو,"https://www.google.com/maps?q=29.918821,30.888283",29.918821,30.888283,rental_service,a0e8f26c-3d93-432f-80ad-d06a28ce3b3b
شيبسي,,صناعات غذائية ومشروبات ومطاحن,المنطقة الصناعية الأولى (6 أكتوبر),مصنع جديد تماماً (حصري),—,—,http://www.pepsico.com/,6 october,"https://www.google.com/maps?q=29.948858,30.888016",29.948858,30.888016,industrial_company,15e54009-dcc9-4d50-b147-35b72fce2a62
Cairo Foam Sales Ahmed El Morshedy,,تصنيع وإنتاج هندسي عام ومعدات,المنطقة الصناعية الثانية (6 أكتوبر),مصنع جديد تماماً (حصري),—,+201125269989,http://Www.cairo-foam.net/,مدينة 6 اكتوبر - المنطقة الصناعيةامتداد المحور المركزي - قطعة 37/2,"https://www.google.com/maps?q=29.93619,30.888697",29.93619,30.888697,industrial_company,d62e9ca2-933a-4cfd-900f-d91245d2a6ca
(شركة الشرق الأوسط الخدمة وتجارة الديزل الحاج( نبيل المصري)( رافت و رزق,,صناعات سيارات وشاحنات ومركبات تجارية,المنطقة الصناعية الثانية (6 أكتوبر),مصنع جديد تماماً (حصري),—,+201120679697,—,مجمع الشرق الأوسط,"https://www.google.com/maps?q=29.920366,30.888639",29.920366,30.888639,automotive_repair,87b0c39b-98db-4968-bb0d-de2a8a701baf
Estambat,,صناعات بلاستيكية ومطاطية ومواسير,المنطقة الصناعية الثانية (6 أكتوبر),مصنع جديد تماماً (حصري),—,+201006689081,http://www.estambat.com/,plot 330 3rd industrial region ext.,"https://www.google.com/maps?q=29.913301,30.888765",29.913301,30.888765,plastic_company,04da482f-ed99-4fb2-8ba8-153543f34dcb
Aller Aqua Egypt - أللر أكوا إيچيبت,,صناعات غذائية ومشروبات ومطاحن,المنطقة الصناعية الثانية (6 أكتوبر),مصنع جديد تماماً (حصري),—,+201208600098,http://www.aller-aqua.com/,المنطقة الصناعية الثالثة قطعة 59 و 60,"https://www.google.com/maps?q=29.923521,30.88871",29.923521,30.88871,food_truck,b46dd06b-b81f-4f96-aa56-5c59343e1d74
العالمية للخدمات الهندسية,,غزل ونسيج وملابس جاهزة,المنطقة الصناعية الثانية (6 أكتوبر),مصنع جديد تماماً (حصري),—,+201092603206,—,مجمع الشرق الاوسط منط,"https://www.google.com/maps?q=29.919996,30.888933",29.919996,30.888933,engineering_services,274eb1fb-7af7-4f79-b6b8-bb48b857368d
Hikma Pharma,,أدوية ومستحضرات تجميل ومستلزمات طبية,المنطقة الصناعية الثانية (6 أكتوبر),مصنع جديد تماماً (حصري),—,—,—,Street 7,"https://www.google.com/maps?q=29.934235,30.88908",29.934235,30.88908,pharmaceutical_companies,40589e2d-0939-418a-9339-dd43ca84a860
El Amin For Gelatin,,صناعات سيارات وشاحنات ومركبات تجارية,المنطقة الصناعية الثانية (6 أكتوبر),مصنع جديد تماماً (حصري),—,+201103015332,—,3rd,"https://www.google.com/maps?q=29.92181,30.889885",29.92181,30.889885,business_manufacturing_and_supply,d0b65316-9d93-41b4-b6c4-93e20ec3f9b9
Bavarian Auto Manufacturing Company,,صناعات سيارات وشاحنات ومركبات تجارية,المنطقة الصناعية الأولى (6 أكتوبر),مصنع جديد تماماً (حصري),—,+201100352101,https://www.bmw-eg.com/en/index.html,قطعة Street 1,"https://www.google.com/maps?q=29.951405,30.889311",29.951405,30.889311,auto_manufacturers_and_distributors,87b8c87a-bfba-4b29-9811-cefc47b17837
BAMC,,صناعات سيارات وشاحنات ومركبات تجارية,المنطقة الصناعية الأولى (6 أكتوبر),مصنع جديد تماماً (حصري),—,—,—,قطعة رقم 1/10، المناطق الصناعيه الرابعه، بمدينه 6 أكتوبر، الجيزة،,"https://www.google.com/maps?q=29.951237,30.889309",29.951237,30.889309,business_manufacturing_and_supply,a3e81a7e-77b6-4e12-a88a-d7db2cedbe5c
AUTO NILE Workshop,,صناعات سيارات وشاحنات ومركبات تجارية,المنطقة الصناعية الأولى (6 أكتوبر),مصنع جديد تماماً (حصري),—,+201099032905,http://WWW.AUTONILE.COM/,6 october,"https://www.google.com/maps?q=29.960978,30.890295",29.960978,30.890295,automotive_repair,5ec21a4d-8571-49fe-9f38-9d98d94d76f9
جام باك لتصنيع مواد التعبئة والتغليف,,تعبئة وتغليف وكرتون وطباعة,المنطقة الصناعية الثانية (6 أكتوبر),مصنع جديد تماماً (حصري),—,011 20010495,http://www.jampackaging.org,"القطعة 389, 390 - امتداد المنطقة الصناعية الثالثة","https://www.google.com/maps?q=29.910053,30.890631",29.910053,30.890631,industrial_equipment,a88b2bf9-f799-48a6-9ecb-d81629cad356
Mecca trade,,كيماويات وبتروكيماويات ودهانات وزيوت,المنطقة الصناعية الثانية (6 أكتوبر),مصنع جديد تماماً (حصري),—,+201006865146,—,أرض مخازن الشباب امتداد المنطقة الصناعية الثالثة ق 91 مدينة 6 أكتوبر،,"https://www.google.com/maps?q=29.910658,30.889479",29.910658,30.889479,chemical_plant,b6eeb40f-d949-460c-87e6-fc54d5cb52d4
المصرية لصناعة خطوط الانتاج,,صناعات سيارات وشاحنات ومركبات تجارية,المنطقة الصناعية الثانية (6 أكتوبر),مصنع جديد تماماً (حصري),—,+20238290488,http://www.eghand.net/,القطعة 401 - - امتداد المنطقة الصناعية الثالثة,"https://www.google.com/maps?q=29.910578,30.891823",29.910578,30.891823,business_manufacturing_and_supply,b58116af-07af-4889-b4be-11ae86c762cd
PASABAHCE Egypt S.A.E,,مواد بناء ورخام وسيراميك وخرسانة جاهزة,المنطقة الصناعية الثالثة (6 أكتوبر),مصنع جديد تماماً (حصري),—,—,http://www.pasabahce.com/tr,الجيزة,"https://www.google.com/maps?q=29.897327,30.891493",29.897327,30.891493,business_manufacturing_and_supply,0094b437-8db4-4387-b281-1f83539d8ee5
الشركة العالمية لتكنولوجيا التعبئة والتغليف - بلاست رافيا,,صناعات بلاستيكية ومطاطية ومواسير,المنطقة الصناعية الثانية (6 أكتوبر),مصنع جديد تماماً (حصري),—,012 22117074,http://www.plastrafia.com,قطعة 407 - 409 - - امتداد المنطقة الصناعية الثالثة,"https://www.google.com/maps?q=29.912256,30.891239",29.912256,30.891239,plastic_company,0a666593-cf93-4925-9975-98fa095af92d
Givaudan Egypt S.A.E,,صناعات سيارات وشاحنات ومركبات تجارية,المنطقة الصناعية الثانية (6 أكتوبر),مصنع جديد تماماً (حصري),—,+20238204293,—,"37, 3 محمد سيد - قطعه 1076 - منطقه 4 د","https://www.google.com/maps?q=29.925554,30.8908",29.925554,30.8908,business_manufacturing_and_supply,d005a052-0b35-4373-9b34-bfb83caa1442
ماس فود,,صناعات سيارات وشاحنات ومركبات تجارية,المنطقة الصناعية الثانية (6 أكتوبر),مصنع جديد تماماً (حصري),—,+20238333001,http://www.massfood.com,ش 16,"https://www.google.com/maps?q=29.924896,30.8913",29.924896,30.8913,appliance_store,6e6682ba-f1c2-441b-87f4-4825b3f5f0dd
Alpha Pack for Carton Industry,,تصنيع وإنتاج هندسي عام ومعدات,المنطقة الصناعية الثانية (6 أكتوبر),مصنع جديد تماماً (حصري),—,010 02221034,http://www.alphapack-egypt.com,"plot# 99, 3rd Industrial Zone","https://www.google.com/maps?q=29.921865,30.891773",29.921865,30.891773,commercial_industrial,cd5d47fd-1756-4032-866d-37f817dfe231
شركة الكيماويات والتقنية المتطورة,,كيماويات وبتروكيماويات ودهانات وزيوت,المنطقة الصناعية الثانية (6 أكتوبر),مصنع جديد تماماً (حصري),—,02 38204591,http://www.act.com.eg,المنطقة الصناعية الثالثة,"https://www.google.com/maps?q=29.91416,30.892159",29.91416,30.892159,chemical_plant,09520652-0003-4892-b1be-e2a6d66c5416
ستيل فورس طلاء Pvd تصنيع أثاث  تقطيع ليزر,,تصنيع وإنتاج هندسي عام ومعدات,المنطقة الصناعية الأولى (6 أكتوبر),مصنع جديد تماماً (حصري),—,+201000603042,http://www.steelforce-eg.com/,ستيل فورس للصناعة والتوريداتhttps://goo.gl/maps/FBKFFP1D5uLqKr8B9,"https://www.google.com/maps?q=29.958904,30.892824",29.958904,30.892824,industrial_equipment,3da9d225-69c9-4b1b-ab28-100c4e5450e8
الملاح نيوماتيك اكتوبر لاستيراد وتجارة لوازم الهواء والنيوماتيك,,تصنيع وإنتاج هندسي عام ومعدات,المنطقة الصناعية الأولى (6 أكتوبر),مصنع جديد تماماً (حصري),—,+201119890459,https://wa.me/message/AQNCW3TLNXJBH1,مبني ج  محل رقم 7 مول علي الدين ميدان ليلة القدر  اعلي محل القصيم ,"https://www.google.com/maps?q=29.971766,30.892849",29.971766,30.892849,industrial_equipment,6d4ea2ed-980b-4e1a-b91b-407e6cd5fb37
شركة جنوب القاهرة لتوزيع الكهرباء-6 اكتوبر,,صناعات كهربائية وكابلات والكترونيات,المنطقة الصناعية الأولى (6 أكتوبر),مصنع جديد تماماً (حصري),—,+20238332198,—,طريق المستقبل,"https://www.google.com/maps?q=29.956486,30.893124",29.956486,30.893124,party_and_event_planning,e09ae0fc-8291-4550-b2bc-e5ac911ceba5
IoTech Solutions,,صناعات سيارات وشاحنات ومركبات تجارية,المنطقة الصناعية الثانية (6 أكتوبر),مصنع جديد تماماً (حصري),—,+201019937155,https://www.iotech-solutions.com/,Giza Electronic Industries Complex Block No. 3 Factory No. 12 2nd floor- the first service axis Third,"https://www.google.com/maps?q=29.924864,30.893265",29.924864,30.893265,business_manufacturing_and_supply,c87c8cf9-1b24-4c96-a8a8-9af6cfab734e
6th October Industrial Zone   المنطقة الصناعية,,تصنيع وإنتاج هندسي عام ومعدات,المنطقة الصناعية الثانية (6 أكتوبر),مصنع جديد تماماً (حصري),—,—,—,6th October City,"https://www.google.com/maps?q=29.9305,30.893078",29.9305,30.893078,commercial_industrial,a74a528a-2f51-4a88-9c86-eeab81b0b045
Prosper Way,,كيماويات وبتروكيماويات ودهانات وزيوت,المنطقة الصناعية الثانية (6 أكتوبر),مصنع جديد تماماً (حصري),—,+201122224632,https://prosper-way.com/ar,"Land plot 467, Industrial Zone 3rd Extention Six","https://www.google.com/maps?q=29.906475,30.893599",29.906475,30.893599,business_manufacturing_and_supply,246db4ac-8af7-410e-b8ba-ddb76c7442e7
كلاركات اوناش للايجار بمصر 01094177345,,تصنيع وإنتاج هندسي عام ومعدات,المنطقة الصناعية الثانية (6 أكتوبر),مصنع جديد تماماً (حصري),—,+201094177345,—,6 October City,"https://www.google.com/maps?q=29.904596,30.894522",29.904596,30.894522,commercial_industrial,a5c52297-96e1-4c01-9c5b-d31a84af7193
GhostService,,صناعات سيارات وشاحنات ومركبات تجارية,المنطقة الصناعية الثانية (6 أكتوبر),مصنع جديد تماماً (حصري),—,+201011194546,https://drive.google.com/file/d/1Vq8kmasqF-C27dMSL69CvMUQ1yY1NEYw/view?usp=sharing, مدينة 6 اكتوبر امتداد المنطقة الثالثه الصناعيه قطعة 507-508  امام بوابه5  الشرقيه للدخان,"https://www.google.com/maps?q=29.904556,30.894047",29.904556,30.894047,automotive_repair,e6900244-b556-4aa3-b2c2-6d2dd799e672
H.B. Fuller Egymelt,,صناعات سيارات وشاحنات ومركبات تجارية,المنطقة الصناعية الثانية (6 أكتوبر),مصنع جديد تماماً (حصري),—,—,—,السادس من اكتوبر,"https://www.google.com/maps?q=29.92301,30.894121",29.92301,30.894121,business_manufacturing_and_supply,45431e68-6a33-4b43-a93c-5ff6b7d9e11a
PSG plast service group for electrical conduit and fitting  ,,صناعات كهربائية وكابلات والكترونيات,المنطقة الصناعية الأولى (6 أكتوبر),مصنع جديد تماماً (حصري),—,+201273667711,http://Www.psg-egy.com/,"z18 samy sad complex ,elbahloul plast service ,6 october,egypt","https://www.google.com/maps?q=29.957745,30.894102",29.957745,30.894102,industrial_company,cc08f90c-bdd5-490f-87ca-1e97250f9524
Egyptian German Automotive _ EGA Careers,,تصنيع وإنتاج هندسي عام ومعدات,المنطقة الصناعية الأولى (6 أكتوبر),مصنع جديد تماماً (حصري),—,+201223988922,http://www.egasae.com/,6th of October city - Fourth industrial zone,"https://www.google.com/maps?q=29.94964,30.893908",29.94964,30.893908,auto_manufacturers_and_distributors,c360cfe0-2fbc-49d8-b6d4-00e64a64ab46
Wahdan Service Center - Peugeot,,صناعات سيارات وشاحنات ومركبات تجارية,المنطقة الصناعية الثانية (6 أكتوبر),مصنع جديد تماماً (حصري),—,—,https://www.peugeot-eg.com/,6TH OCTOBER,"https://www.google.com/maps?q=29.914158,30.895006",29.914158,30.895006,automotive_repair,a003cd55-6ae3-4a7c-b0b4-ba02d169e27a
Labtronic Industries,,تصنيع وإنتاج هندسي عام ومعدات,المنطقة الصناعية الثانية (6 أكتوبر),مصنع جديد تماماً (حصري),—,+201129375270,https://www.lab-tronic.com/,200 Street 6,"https://www.google.com/maps?q=29.913851,30.895241",29.913851,30.895241,surgical_appliances_and_supplies,7cb5407d-2f2d-4a58-a905-0811543ccc38
ايه جى سى - الشركة المصرية الالمانية,,صناعات بلاستيكية ومطاطية ومواسير,المنطقة الصناعية الثانية (6 أكتوبر),مصنع جديد تماماً (حصري),—,02 38202263,http://www.egcplast.com,"القطعة 60, 61 - ش 14 تقاطع ش 7 - المنطقة الصناعية الثانية","https://www.google.com/maps?q=29.92873,30.895433",29.92873,30.895433,plastic_company,75948c3c-0fe8-4f92-8caf-d131dee28713
الصاوي لخدمات السيارات المتكاملة,,صناعات سيارات وشاحنات ومركبات تجارية,المنطقة الصناعية الأولى (6 أكتوبر),مصنع جديد تماماً (حصري),—,+201005081592,https://cutt.us/TuJtI,الحي ١١ ،خلف سنتر الوجيه، سنتر الشهداء متفرع من محور جمال عبد الناصر، أمام ميدان الجوهري,"https://www.google.com/maps?q=29.963503,30.896599",29.963503,30.896599,automotive_repair,4e2bdca8-9603-4740-adef-d78973955b59
Hi-Tek Engineering,,تصنيع وإنتاج هندسي عام ومعدات,المنطقة الصناعية الثانية (6 أكتوبر),مصنع جديد تماماً (حصري),—,+201003606800,http://www.hitekeng.com/,المنطقة الصناعية الثانية,"https://www.google.com/maps?q=29.927841,30.896181",29.927841,30.896181,machine_shop,3db12d45-36eb-4577-a3e5-2979534ad09a
الصفا للبلاستيك,,صناعات بلاستيكية ومطاطية ومواسير,المنطقة الصناعية الثانية (6 أكتوبر),مصنع جديد تماماً (حصري),—,011 44221177,http://www.safaplast.com,"وحدة 61 - - المنطقة الصناعية الثالثة - داخل مجمع مبارك, المنطقة الصناعية, السادس من اكتوبر","https://www.google.com/maps?q=29.916353,30.896416",29.916353,30.896416,plastic_company,09b5ae08-063b-4857-b5d8-c38ffbdf3332
المصرى راينو لصناعة سلندرات الطباعة,,تصنيع وإنتاج هندسي عام ومعدات,المنطقة الصناعية الثانية (6 أكتوبر),مصنع جديد تماماً (حصري),—,012 23456721,http://www.elmisryryno.com,القطعة 565 - - المنطقة الصناعية الثالثة,"https://www.google.com/maps?q=29.902447,30.896044",29.902447,30.896044,printing_services,e6b5796e-0ac7-43bd-a036-45893a12e65b
Best Media Egypt,,صناعات سيارات وشاحنات ومركبات تجارية,المنطقة الصناعية الثانية (6 أكتوبر),مصنع جديد تماماً (حصري),—,+201001419171,http://www.bestmediaegypt.com/,قطعة ٦٠٢، امتداد الثالثة,"https://www.google.com/maps?q=29.902092,30.898212",29.902092,30.898212,business_manufacturing_and_supply,60cc5f64-ea52-4191-855d-8bd211d25e43
شركة الوليد للبلاستيك,,صناعات بلاستيكية ومطاطية ومواسير,المنطقة الصناعية الثانية (6 أكتوبر),مصنع جديد تماماً (حصري),—,+201119768200,—,قطعه 215,"https://www.google.com/maps?q=29.911362,30.897787",29.911362,30.897787,plastic_company,c1224a38-4fa9-48fb-82d2-bbd4956ed8fa
مجمع كرنفال الصناعى,,تصنيع وإنتاج هندسي عام ومعدات,المنطقة الصناعية الثانية (6 أكتوبر),مصنع جديد تماماً (حصري),—,+201026666461,http://carnavalind.com/,المنطقة الصناعية الثالثة_مدينة 6 أكتوبر,"https://www.google.com/maps?q=29.911943,30.897169",29.911943,30.897169,commercial_industrial,51d92158-d98b-4be9-b815-6a62d60b160b
المدينه بلاست للماستر باتش,,صناعات بلاستيكية ومطاطية ومواسير,المنطقة الصناعية الثانية (6 أكتوبر),مصنع جديد تماماً (حصري),—,+201022028328,http://www.madinaplast.com/,أكتوبر مول المجد الصناعي ,"https://www.google.com/maps?q=29.901705,30.897058",29.901705,30.897058,plastic_company,87282bc8-ff74-4517-8004-e151a1ffd56c
Digital for Printing and Packaging,,نقل بري ولوجستيات وتخزين وأساطيل,المنطقة الصناعية الثانية (6 أكتوبر),مصنع جديد تماماً (حصري),—,+20238202205,https://www.digitalpackeg.com/,Street 7,"https://www.google.com/maps?q=29.924328,30.897451",29.924328,30.897451,storage_facility,b5bc77b1-1740-4d0e-a9fc-07452a651366
هارد كروم تكنولوجي - Hard Chrome Technology,,غزل ونسيج وملابس جاهزة,المنطقة الصناعية الثانية (6 أكتوبر),مصنع جديد تماماً (حصري),—,01069981890,https://www.hardchrometechnology.com/,شارع 1 مجمع العالمية، المنطقة الصناعية الثالثة,"https://www.google.com/maps?q=29.919289,30.897324",29.919289,30.897324,metal_fabricator,0907be5a-6070-4297-b354-9eac1f0ecfe9
StraightLine,,صناعات سيارات وشاحنات ومركبات تجارية,المنطقة الصناعية الأولى (6 أكتوبر),مصنع جديد تماماً (حصري),—,—,—,StraightLine 01551171580 https://maps.app.goo.gl/WJmpQzpf8mmNMjVP7 أخر شارع رنا مول الرئيسى فى اتجاه محور الكفراوى بجوار أورانج جيم و مركز الشيمى لزيوت السيارات ,"https://www.google.com/maps?q=29.956549,30.897348",29.956549,30.897348,auto_detailing,d18efd2f-efdf-4b12-969a-ed3f2c446936
Meat Mart ميت مارت للمنتجات الغذائية,,تصنيع وإنتاج هندسي عام ومعدات,المنطقة الصناعية الأولى (6 أكتوبر),مصنع جديد تماماً (حصري),—,+201113009027,http://www.meatmart-egypt.com/,المنطقة الصناعية - مصانع الشباب - قطعة ٣٤٨,"https://www.google.com/maps?q=29.960678,30.897621",29.960678,30.897621,butcher_shop,dd405abf-4b3a-48ce-a13a-7d260270c2fc
كينج التوفير 4u,,كيماويات وبتروكيماويات ودهانات وزيوت,المنطقة الصناعية الأولى (6 أكتوبر),مصنع جديد تماماً (حصري),—,—,—,مخازن الشباب,"https://www.google.com/maps?q=29.962158,30.897772",29.962158,30.897772,chemical_plant,b59110f7-6c08-4cb2-91ff-ab290f6139cf
شركة الرسالة لتشغيل العمال و ادارة خطوط الانتاج,,تصنيع وإنتاج هندسي عام ومعدات,المنطقة الصناعية الأولى (6 أكتوبر),مصنع جديد تماماً (حصري),—,+201000103383,http://www.resala-jobs.com/,بجوار كافتيريا الخديوي، السادس من أكتوبر، مصر، الحي الثاني عشر ، شارع كان كان,"https://www.google.com/maps?q=29.956776,30.898071",29.956776,30.898071,employment_agencies,94fccd5a-0459-4e7b-a1a5-269145e34d1f
Domty,,تصنيع وإنتاج هندسي عام ومعدات,المنطقة الصناعية الثانية (6 أكتوبر),مصنع جديد تماماً (حصري),—,+201003213322,http://www.domty.org/,Street 5,"https://www.google.com/maps?q=29.934,30.897993",29.934,30.897993,eat_and_drink,254223f0-ff53-4dd2-b1de-885100453650
مركز اسبرانزاوي,,صناعات سيارات وشاحنات ومركبات تجارية,المنطقة الصناعية الثانية (6 أكتوبر),مصنع جديد تماماً (حصري),—,—,—,"المنطقة الصناعية الثانية - قطعة 44, ثان 6 اكتوبر، الجيزة،","https://www.google.com/maps?q=29.927017,30.898161",29.927017,30.898161,automotive_repair,f8e97ece-650c-4b18-be64-c0b711d55503
Johnson & Johnson - Egypt,,صناعات سيارات وشاحنات ومركبات تجارية,المنطقة الصناعية الثانية (6 أكتوبر),مصنع جديد تماماً (حصري),—,+20238202278,https://www.jnj.com/,المنطقة الصناعية الثانية,"https://www.google.com/maps?q=29.933029,30.898247",29.933029,30.898247,hair_supply_stores,eaa10f4f-415f-4679-8c12-a2f930fd3809
ايميكو - الشركة الهندسية للاعمال الكهربائية والميكانيكية,,صناعات كهربائية وكابلات والكترونيات,المنطقة الصناعية الثانية (6 أكتوبر),مصنع جديد تماماً (حصري),—,02 38206576,http://www.emecotray.com,المنطقة الصناعية الثالثة,"https://www.google.com/maps?q=29.914066,30.898491",29.914066,30.898491,electronics,56ad3563-6a50-4c11-83d8-3ceebfecde2c
Car service خيري السمكري,,صناعات سيارات وشاحنات ومركبات تجارية,المنطقة الصناعية الأولى (6 أكتوبر),مصنع جديد تماماً (حصري),—,+201097310972,—,اجياد فيو,"https://www.google.com/maps?q=29.95986,30.899712",29.95986,30.899712,automotive_repair,48b607fe-e7a7-4b5e-b867-a12c7f5e4c17
شركة الهرم لمواد التعبئة والتغليف,,صناعات بلاستيكية ومطاطية ومواسير,المنطقة الصناعية الثانية (6 أكتوبر),مصنع جديد تماماً (حصري),—,+201141238129,—,Divided from Daeoo St,"https://www.google.com/maps?q=29.923471,30.898979",29.923471,30.898979,plastic_company,080ced43-4efc-4618-a5d9-f720adabbb46
ELCO,,تصنيع وإنتاج هندسي عام ومعدات,المنطقة الصناعية الثانية (6 أكتوبر),مصنع جديد تماماً (حصري),—,+20238204738,http://www.elcostone.com/,"القطعة 170ب, المنطقة الصناعية الثالثة","https://www.google.com/maps?q=29.913849,30.899668",29.913849,30.899668,granite_supplier,851f7c9b-58fc-47ba-9449-1b1c46d64ce6
Eipal إيبـــــال,,تصنيع وإنتاج هندسي عام ومعدات,المنطقة الصناعية الثانية (6 أكتوبر),مصنع جديد تماماً (حصري),—,+20238206335,http://WWW.EIPAL.COM/,Egypt- Giza -6October city- Industrial zone No. 3 area  258/259 ,"https://www.google.com/maps?q=29.905102,30.899565",29.905102,30.899565,commercial_industrial,088ba1ba-fab4-4d8b-89c9-ea0f30085b8c
الشركة المصرية الدولية لانتاج قطاعات الالومنيوم ش.م.م-ايبال,,حديد وصلب وألومنيوم وتشكيل معادن,المنطقة الصناعية الثانية (6 أكتوبر),مصنع جديد تماماً (حصري),—,—,—,شارع 2,"https://www.google.com/maps?q=29.90629,30.898865",29.90629,30.898865,party_and_event_planning,22ff65e6-a38e-48a1-bf5c-e69e37ce03bc
مصنع الفا باك لصناعة الكرتون,,تعبئة وتغليف وكرتون وطباعة,المنطقة الصناعية الثانية (6 أكتوبر),مصنع جديد تماماً (حصري),—,010 02221034,http://www.alphapack-egypt.com,القطعة 762 - - منطقة مخازن الشباب - امتداد المنطقة الصناعية السادسة,"https://www.google.com/maps?q=29.910769,30.90064",29.910769,30.90064,printing_services,49bf7e78-887c-4ece-9826-dc2d6f961dc7
مصنع الجيزة للمطاط,,صناعات بلاستيكية ومطاطية ومواسير,المنطقة الصناعية الثانية (6 أكتوبر),مصنع جديد تماماً (حصري),—,+201001785783,https://gizarubber-factory-products-supplier.business.site/?utm_source=gmb&utm_medium=referral,"قطعة232 المنطقة الصناعية الثالثة, Street 6","https://www.google.com/maps?q=29.909212,30.90023",29.909212,30.90023,plastic_manufacturer,698a98c8-3e15-41b9-8e33-fd3285f0500d
INDE,,تصنيع وإنتاج هندسي عام ومعدات,المنطقة الصناعية الثالثة (6 أكتوبر),مصنع جديد تماماً (حصري),—,+20238164056,https://www.indepowersolutions.com/,el wahat rd 6th OF OCTOBER,"https://www.google.com/maps?q=29.899082,30.899889",29.899082,30.899889,auto_manufacturers_and_distributors,d51121de-1aeb-44e7-a9c4-384ed7df7334
زمزم للصناعات الهندسية,,تصنيع وإنتاج هندسي عام ومعدات,المنطقة الصناعية الثانية (6 أكتوبر),مصنع جديد تماماً (حصري),—,02 38206144,http://www.zamzam-eg.com,ش 36 - المنطقة الصناعية الثالثة,"https://www.google.com/maps?q=29.908966,30.900076",29.908966,30.900076,building_supply_store,d16cafc8-af31-451b-9e6f-8eab7d64c831
National Steel Fabrication Co. - NSF,,غزل ونسيج وملابس جاهزة,المنطقة الصناعية الثانية (6 أكتوبر),مصنع جديد تماماً (حصري),—,+20238333641,—,، 3rd industrial Zone,"https://www.google.com/maps?q=29.903841,30.899803",29.903841,30.899803,metal_fabricator,2b0a1a73-24a5-4980-925e-b2b518b9cad9
ساب لتقطيع المعادن باليزر,,غزل ونسيج وملابس جاهزة,المنطقة الصناعية الثانية (6 أكتوبر),مصنع جديد تماماً (حصري),—,+201159898661,https://sab-sy.com/ar/%d8%aa%d9%82%d8%b7%d9%8a%d8%b9-%d9%88%d8%aa%d8%b4%d9%83%d9%8a%d9%84-%d8%a7%d9%84%d9%85%d8%b9%d8%a7%d8%af%d9%86-%d8%a8%d8%a7%d9%84%d9%84%d9%8a%d8%b2%d8%b1%e2%80%8e/,المنطقة الصناعية الثانية ، شارع أوت ليت ، تقاطع اللوادر ، أمام شركة العجيزي,"https://www.google.com/maps?q=29.928549,30.899843",29.928549,30.899843,metal_plating_service,3a4a22ef-cdd9-4f26-be0e-484ac5f7757a
جهينة للصناعات الغذائية,,تصنيع وإنتاج هندسي عام ومعدات,المنطقة الصناعية الثانية (6 أكتوبر),مصنع جديد تماماً (حصري),—,—,http://www.juhayna.com,"القطعة 39, 40 - - المنطقة الصناعية الاولى","https://www.google.com/maps?q=29.93289,30.900204",29.93289,30.900204,fishmonger,26da9621-edb6-4e02-b057-7520ef67a4fc
شركة اولياترا للصناعة,,صناعات بلاستيكية ومطاطية ومواسير,المنطقة الصناعية الثانية (6 أكتوبر),مصنع جديد تماماً (حصري),—,+201001430037,http://www.oliatra.com/,WV6V+9F3 المنطقه الصناعيه الثالثه,"https://www.google.com/maps?q=29.938597,30.900146",29.938597,30.900146,plastic_manufacturer,6c645493-6005-49db-ad16-31636bd45f51
مركز العالميه - Alealamih center,,صناعات سيارات وشاحنات ومركبات تجارية,المنطقة الصناعية الأولى (6 أكتوبر),مصنع جديد تماماً (حصري),—,+201004736381,—,سنتر الاردنيه الحي الحادي عشر أمام قسم ثاني 6 أكتوبر,"https://www.google.com/maps?q=29.967396,30.899733",29.967396,30.899733,automotive_repair,fa25c24d-1787-4e70-b042-724292be5319
شعبان الشوربجي لصيانه السيارات,,صناعات سيارات وشاحنات ومركبات تجارية,المنطقة الصناعية الأولى (6 أكتوبر),مصنع جديد تماماً (حصري),—,+201092993966,—,مدخل الشباب,"https://www.google.com/maps?q=29.967379,30.899721",29.967379,30.899721,automotive_repair,27619efd-033e-4409-ad60-01fe8ba43206
Petrotel for Lifting Solutions,,تصنيع وإنتاج هندسي عام ومعدات,المنطقة الصناعية الأولى (6 أكتوبر),مصنع جديد تماماً (حصري),—,+201009019835,https://petrotel-eg.com/,"City Center Mall, Gamal Abd Al Nassir Axis","https://www.google.com/maps?q=29.962494,30.900421",29.962494,30.900421,rental_service,3d486791-1d56-4532-884f-3cc2c136e80c
الوجيه سنتر,,صناعات غذائية ومشروبات ومطاحن,المنطقة الصناعية الأولى (6 أكتوبر),مصنع جديد تماماً (حصري),—,—,—,السادس من اكتوبر,"https://www.google.com/maps?q=29.962683,30.900606",29.962683,30.900606,grocery_store,29223313-aa99-43fa-8ae0-8e62c1809509
اخوان عماد الخواجة,,صناعات سيارات وشاحنات ومركبات تجارية,المنطقة الصناعية الأولى (6 أكتوبر),مصنع جديد تماماً (حصري),—,+201221712688,—,Gamal Abd Al Nassir Axis,"https://www.google.com/maps?q=29.962765,30.900785",29.962765,30.900785,automotive_repair,e6c62f9f-fa06-4713-9ada-2859c3d20fbc
شركة ابو ادم للتسويق العقاري,,تصنيع وإنتاج هندسي عام ومعدات,المنطقة الصناعية الأولى (6 أكتوبر),مصنع جديد تماماً (حصري),—,+201129040596,—,6اكتوبر,"https://www.google.com/maps?q=29.954988,30.900759",29.954988,30.900759,shopping,033d3296-99e4-4fb7-8adf-3290b9bf97cd
Autofresh,,صناعات سيارات وشاحنات ومركبات تجارية,المنطقة الصناعية الأولى (6 أكتوبر),مصنع جديد تماماً (حصري),—,+201155529555,http://www.autofreshegypt.com/,"Arkan Mall, Garage ground floor. Sheikh Zayed city","https://www.google.com/maps?q=29.953709,30.900597",29.953709,30.900597,auto_detailing,e919eb93-91a9-4023-ad6d-f0c7e0ae865d
الزهور للصناعات المعدنية - اشرف محمود وسحر دسوقى,,تصنيع وإنتاج هندسي عام ومعدات,المنطقة الصناعية الثانية (6 أكتوبر),مصنع جديد تماماً (حصري),—,02 38248144,http://www.alzhoorsa.com,11 ب - المنطقة الصناعية الثانية - مجمع وادى الملكة الصناعى,"https://www.google.com/maps?q=29.926346,30.900906",29.926346,30.900906,plumbing,d822f6ee-ff1d-4660-8889-eef99ee7ec62
الشركة المصرية للخرسانة والهندسة والديكور,,مواد بناء ورخام وسيراميك وخرسانة جاهزة,المنطقة الصناعية الثانية (6 أكتوبر),مصنع جديد تماماً (حصري),—,02 38204080,http://masriamix.com,القطعة 165 - - المنطقة الصناعية الثالثة,"https://www.google.com/maps?q=29.914808,30.901711",29.914808,30.901711,building_supply_store,8a933436-ebdc-47b0-96f8-1f28c62694a3
ابواليزيد للشكمانات Abouelyazeed,,صناعات سيارات وشاحنات ومركبات تجارية,المنطقة الصناعية الثانية (6 أكتوبر),مصنع جديد تماماً (حصري),—,+201065520213,http://www.abouelyazeed.com/,"Engineering Co. for Exhaust systems - Abou El Yazeed, 39, Giza, Giza Governorate, Egypt","https://www.google.com/maps?q=29.92025,30.901945",29.92025,30.901945,auto_manufacturers_and_distributors,19e6602a-c53b-4fb0-8934-d9f9490df7bf
Sedico Pharmaceutical,,أدوية ومستحضرات تجميل ومستلزمات طبية,المنطقة الصناعية الثانية (6 أكتوبر),مصنع جديد تماماً (حصري),—,+20238200696,https://www.sedicopharma.com/,1st Industrial Zone,"https://www.google.com/maps?q=29.939157,30.901804",29.939157,30.901804,pharmaceutical_companies,af49309e-17be-4c54-b7e5-d07398367ce3
كايرو تانك سيرفيس للخدمات البيئية,,حديد وصلب وألومنيوم وتشكيل معادن,المنطقة الصناعية الأولى (6 أكتوبر),مصنع جديد تماماً (حصري),—,+201026419503,https://cairotank.com/,  مدينة 6 اكتوبر الحى 12 مجاوره 4 عماره 8 دور ارضى شقه 1 اول شارع كان كان ,"https://www.google.com/maps?q=29.959862,30.901772",29.959862,30.901772,environmental_conservation_organization,89ce9774-be98-406b-9af8-52be54c35400
المصطفي لتوريد وتركيب جميع انواع الرخام والجرانيت,,مواد بناء ورخام وسيراميك وخرسانة جاهزة,المنطقة الصناعية الأولى (6 أكتوبر),مصنع جديد تماماً (حصري),—,+201027476740,—,عمارة 62 - الاتحاد التعاوني,"https://www.google.com/maps?q=29.975292,30.901245",29.975292,30.901245,contractor,ab84c260-740b-4898-8bfa-4edf9b7a2dca
Concret for Contracting and Decoration,,تصنيع وإنتاج هندسي عام ومعدات,المنطقة الصناعية الأولى (6 أكتوبر),مصنع جديد تماماً (حصري),—,+201116164441,https://g.page/ConcreteForDecor/review,ع ٧١ معرض ٥ الاتحاد التعاوني أمام الشماليات,"https://www.google.com/maps?q=29.973755,30.901892",29.973755,30.901892,contractor,700087f6-822d-4a2b-82b7-ea369bda968f
Al-Ola Tex,,تصنيع وإنتاج هندسي عام ومعدات,المنطقة الصناعية الأولى (6 أكتوبر),مصنع جديد تماماً (حصري),—,+201007088868,http://www.alolatex.com/,"Third Industrial Zone Street 66 from Street 7, Plot No. 131 Egypt - 6th of October City.","https://www.google.com/maps?q=29.967054,30.902504",29.967054,30.902504,industrial_company,13cd002b-32c0-40d2-a6f6-82ec75a1e4a8
كيرو كار| صيانة السيارات الألمانية,,صناعات سيارات وشاحنات ومركبات تجارية,المنطقة الصناعية الأولى (6 أكتوبر),مصنع جديد تماماً (حصري),—,+201095207520,https://n9.cl/kero_car,"سنتر النخيل 2، الحي 11, Gamal Abd Al Nassir Axis","https://www.google.com/maps?q=29.963064,30.902403",29.963064,30.902403,automotive_repair,2abadb84-202d-404f-9a5b-428287c7da2f
High Design Adv,,تصنيع وإنتاج هندسي عام ومعدات,المنطقة الصناعية الأولى (6 أكتوبر),مصنع جديد تماماً (حصري),—,+201111727329,—,السادس من اكتوبر,"https://www.google.com/maps?q=29.953829,30.902418",29.953829,30.902418,advertising_agency,e0f9bf6c-13ec-4eee-85d6-3bc8d9aae5fa
القدس لزجاج السيارات,,مواد بناء ورخام وسيراميك وخرسانة جاهزة,المنطقة الصناعية الأولى (6 أكتوبر),مصنع جديد تماماً (حصري),—,+201119996321,—,6 اكتوبر-الحى الرابع-محور الكفراوى-بجوار مسجد عماد راغب-سنتر رباح,"https://www.google.com/maps?q=29.953829,30.902418",29.953829,30.902418,commercial_industrial,fa92ccb8-08dd-4c68-9322-a22b31d62b49
شركة نقل عفش 6 اكتوبر 01032428296،شركات نقل الأثاث,,نقل بري ولوجستيات وتخزين وأساطيل,المنطقة الصناعية الأولى (6 أكتوبر),موجود بالفعل بالسيستم (تحديث/إثراء إحداثيات),شركة نقل عفش العاشرمن رمضان 01032428296،شركات نقل الأثاث,+201032428296,https://www.facebook.com/furnituretransfercompany.october/,6 اكتوبر,"https://www.google.com/maps?q=29.953829,30.902418",29.953829,30.902418,freight_and_cargo_service,e2689deb-eb02-4a4e-b320-758b916cc675
Hossam paints - حسام للدهانات والديكورات,,كيماويات وبتروكيماويات ودهانات وزيوت,المنطقة الصناعية الأولى (6 أكتوبر),مصنع جديد تماماً (حصري),—,+201151500444,—,6 اكتوبر - الحى الرابع - المجاورة الأولى - المحور المركزى - ميدان النجدة أمام أجياد فيو وبنك الاسكان والتعمير ,"https://www.google.com/maps?q=29.953829,30.902418",29.953829,30.902418,painting,b5ae2b97-d27e-4468-b037-7dd6af7f9a41
خيرات بلدنا,,تصنيع وإنتاج هندسي عام ومعدات,المنطقة الصناعية الأولى (6 أكتوبر),مصنع جديد تماماً (حصري),—,+201007337465,https://www.instagram.com/khairat_baladna1?igsh=eGF4NjB2bmJoamxv,https://maps.app.goo.gl/GTsJht7wi8FuVZdc9,"https://www.google.com/maps?q=29.953829,30.902418",29.953829,30.902418,shopping,a3a98b09-e32e-4d36-b460-8d2d8403f6f3
الشركه الهندسيه لصناعه الشكمانات - ابو اليزيد,,تصنيع وإنتاج هندسي عام ومعدات,المنطقة الصناعية الثانية (6 أكتوبر),مصنع جديد تماماً (حصري),—,+20238333962,http://www.abouelyazeed.com,المنطقه الصناعيه الثانيه - قطعه 117,"https://www.google.com/maps?q=29.920036,30.902014",29.920036,30.902014,car_dealer,075d33b5-f761-4044-9aa0-a90a9768cf17
جي إم فايف لتشكيل وتشغيل المعادن - GM5 Formation and Metalworking,,حديد وصلب وألومنيوم وتشكيل معادن,المنطقة الصناعية الثانية (6 أكتوبر),مصنع جديد تماماً (حصري),—,+201555350037,https://www.gm5.com.eg/,المنطقة الصناعية،,"https://www.google.com/maps?q=29.909653,30.902489",29.909653,30.902489,business_manufacturing_and_supply,16ce04f0-dab5-4801-a6cb-c7846c397467
الجوكر للمقاولات والتشطيبات اكتوبر الجديده,,صناعات كهربائية وكابلات والكترونيات,المنطقة الصناعية الثالثة (6 أكتوبر),مصنع جديد تماماً (حصري),—,+201554973897,https://joker800new.blogspot.com/,زهراء اكتوبر الجديدة مول القدس,"https://www.google.com/maps?q=29.89366,30.90206",29.89366,30.90206,computer_hardware_company,9fcb44dc-2f04-4b4f-80c6-7ed371d9ed38
Turkish Egyptian For Plastic Industries,,صناعات بلاستيكية ومطاطية ومواسير,المنطقة الصناعية الثانية (6 أكتوبر),مصنع جديد تماماً (حصري),—,+201155911233,http://www.turkishegyptian.com/,7 المنطقه الصناعيه 3 - شارع 53 - متفرع من شارع ,"https://www.google.com/maps?q=29.911963,30.902056",29.911963,30.902056,industrial_company,aa6ca57c-3460-42ca-8282-08bc7aecb586
الشركة الوطنية للصناعات الحديدية - ان اس اف,,حديد وصلب وألومنيوم وتشكيل معادن,المنطقة الصناعية الثانية (6 أكتوبر),مصنع جديد تماماً (حصري),—,02 38206643,http://www.nsfegypt.com,القطعة رقم 260 - 261 - - المنطقة الصناعية الثالثة,"https://www.google.com/maps?q=29.903692,30.901613",29.903692,30.901613,metal_supplier,bd9f33ae-1724-4e1b-a9a0-7aa9a138595f
Maxtronics Machinery,,صناعات سيارات وشاحنات ومركبات تجارية,المنطقة الصناعية الثالثة (6 أكتوبر),مصنع جديد تماماً (حصري),—,+201064034740,—,"434 NEW OCTOBER , INDUSTRIAL ZONE , GIZA","https://www.google.com/maps?q=29.895594,30.901346",29.895594,30.901346,business_manufacturing_and_supply,f602e8bc-5da4-4ce9-b3d8-d4f1819cbfe1
Better Pack for Paper Products,,صناعات سيارات وشاحنات ومركبات تجارية,المنطقة الصناعية الثانية (6 أكتوبر),مصنع جديد تماماً (حصري),—,+201003303428,—,Street 36,"https://www.google.com/maps?q=29.907627,30.903965",29.907627,30.903965,business_manufacturing_and_supply,a0a44a83-7a9a-4924-9a96-07cd9629c46e
Misr Copper,,غزل ونسيج وملابس جاهزة,المنطقة الصناعية الثانية (6 أكتوبر),مصنع جديد تماماً (حصري),—,—,http://misrcopper.co/ar/,المنطقة الصناعية السادسة -القطعة 126 ,"https://www.google.com/maps?q=29.928455,30.902822",29.928455,30.902822,commercial_industrial,6df22cb5-a3dc-468b-bb13-924788ed3815
أوبكو للماستر باتش,,كيماويات وبتروكيماويات ودهانات وزيوت,المنطقة الصناعية الثانية (6 أكتوبر),مصنع جديد تماماً (حصري),—,+201145620707,https://obecoeg.com/,محور خدمي أول - قطعة أرض 5/6 - شارع اللوادر,"https://www.google.com/maps?q=29.931225,30.903221",29.931225,30.903221,chemical_plant,f08a2e16-dc3d-4e36-8528-ce078abb45ed
Cairo Plaza - القاهرة بلازا,,تصنيع وإنتاج هندسي عام ومعدات,المنطقة الصناعية الأولى (6 أكتوبر),مصنع جديد تماماً (حصري),—,+201008711711,—,المحور المركزي -  ميدان لليلة القدر - 6 اكتوبر,"https://www.google.com/maps?q=29.946133,30.903316",29.946133,30.903316,commercial_industrial,461549d6-edba-4ef6-bd5c-50cbe4ee3044
STAR LIFT,,تصنيع وإنتاج هندسي عام ومعدات,المنطقة الصناعية الأولى (6 أكتوبر),مصنع جديد تماماً (حصري),—,+201002570552,—,السادس من اكتوبر,"https://www.google.com/maps?q=29.952377,30.902918",29.952377,30.902918,industrial_equipment,b08167c6-9a1a-4a7b-9965-a3b541afd2ce
مان ليفت & سيزر ليفت - Al ADAWI,,تصنيع وإنتاج هندسي عام ومعدات,المنطقة الصناعية الأولى (6 أكتوبر),مصنع جديد تماماً (حصري),—,+201032007827,—,السادس من اكتوبر,"https://www.google.com/maps?q=29.952528,30.90276",29.952528,30.90276,industrial_equipment,74ea2cad-cec6-4ec4-bc9f-2581d422728b
Al Nader Trade,,نقل بري ولوجستيات وتخزين وأساطيل,المنطقة الصناعية الأولى (6 أكتوبر),مصنع جديد تماماً (حصري),—,+201224559787,http://www.alnadertrade.com/,2 النخيل,"https://www.google.com/maps?q=29.963083,30.902864",29.963083,30.902864,transportation,4d9dd694-32ab-43aa-aa9b-76fa25498829
محترفون للدعاية والاعلان والتسويق الالكترونى,,صناعات سيارات وشاحنات ومركبات تجارية,المنطقة الصناعية الأولى (6 أكتوبر),مصنع جديد تماماً (حصري),—,+201225400909,http://www.p-adv.com/,سنتر النخيل 2، الحى 11,"https://www.google.com/maps?q=29.962227,30.903967",29.962227,30.903967,marketing_agency,09e2310e-91e1-444a-9487-ef6421d23b7b
Egyptian British Co.,,كيماويات وبتروكيماويات ودهانات وزيوت,المنطقة الصناعية الأولى (6 أكتوبر),مصنع جديد تماماً (حصري),—,+20238202202,http://www.egyptianbritishco.net/,"2nd industrial zone  Block no. 161-165 , 6th of October city , Egypt","https://www.google.com/maps?q=29.958361,30.904083",29.958361,30.904083,chemical_plant,8396a072-fb09-48b3-8204-f7a61281ef10
مؤسسة الشروق للكيماويات,,كيماويات وبتروكيماويات ودهانات وزيوت,المنطقة الصناعية الأولى (6 أكتوبر),مصنع جديد تماماً (حصري),—,+201007368183,—,El-Tahrir Rd,"https://www.google.com/maps?q=29.9503,30.903868",29.9503,30.903868,shopping,ed3aafc5-67bf-4e43-851c-abaa5fd04cc5
الدولية للاستيراد والتصدير وبيع وتأجير المعدات الثقيلة,,نقل بري ولوجستيات وتخزين وأساطيل,المنطقة الصناعية الأولى (6 أكتوبر),مصنع جديد تماماً (حصري),—,+201009812997,—,٦ اكتوبر الحى ١٢ المجاوره الاوله عماره ٢٤,"https://www.google.com/maps?q=29.950344,30.90398",29.950344,30.90398,freight_and_cargo_service,a37ed85b-0ac9-4c72-bd8f-1d429c0a0aae
مركز كرم أوبل صيانة وفحص اوبل و شيفرولية و قطع غيار,,صناعات سيارات وشاحنات ومركبات تجارية,المنطقة الصناعية الأولى (6 أكتوبر),مصنع جديد تماماً (حصري),—,+201005843705,https://maps.google.com/?q=29.959129%2C30.903416,السادس من اكتوبر,"https://www.google.com/maps?q=29.959169,30.90349",29.959169,30.90349,automotive_repair,947c6cac-53ae-46d3-87e1-2a2e80bf63ca
شركة Boom Lift لتأجير المعدات الثقيلة,,تصنيع وإنتاج هندسي عام ومعدات,المنطقة الصناعية الأولى (6 أكتوبر),مصنع جديد تماماً (حصري),—,+201050515353,http://www.boomlift-eg.com/,بجوار مطعم الشرقاوي، الحي 12خلف، علي الدين,"https://www.google.com/maps?q=29.950201,30.90354",29.950201,30.90354,industrial_equipment,62bfaba1-0169-4577-bb41-0a76314b21d8
Egy Elite Woodworking إيجي إيليت لصناعة الأخشاب,,تصنيع وإنتاج هندسي عام ومعدات,المنطقة الصناعية الثانية (6 أكتوبر),مصنع جديد تماماً (حصري),—,+201017156219,http://www.egyelite.com/,Hamada Imam,"https://www.google.com/maps?q=29.915661,30.90357",29.915661,30.90357,furniture_store,53ae12a6-d447-4ad2-a068-b6e9e6ae1133
مصنع الاتحاد الهندسي الدولي,,صناعات بلاستيكية ومطاطية ومواسير,المنطقة الصناعية الثانية (6 أكتوبر),مصنع جديد تماماً (حصري),—,+20238202070,yes-pac.com,القطعة 1/181 - ش 5 - المنطقة الصناعية الثانية,"https://www.google.com/maps?q=29.925694,30.9039",29.925694,30.9039,plastic_manufacturer,2930feb4-1553-47d6-b4b1-ecc0dfd50c42
بلال ريحاني لتصنيع ماكينات الرخام,,مواد بناء ورخام وسيراميك وخرسانة جاهزة,المنطقة الصناعية الثانية (6 أكتوبر),مصنع جديد تماماً (حصري),—,+201124444053,https://www.belalrihani.com/,"29.913657, 30.903990","https://www.google.com/maps?q=29.913717,30.904036",29.913717,30.904036,business_manufacturing_and_supply,ed5bf429-1a9f-426b-ab6c-e1bd7c3c81ec
مصنع العفاف للأخشاب و الموبيليا,,تصنيع وإنتاج هندسي عام ومعدات,المنطقة الصناعية الثانية (6 أكتوبر),مصنع جديد تماماً (حصري),—,+201005206352,—,مدينة 6 أكتوبر - المنطقة الصناعية الثالثة - قطعة رقم 159 تقاطع شارع 7 مع 8,"https://www.google.com/maps?q=29.915773,30.904131",29.915773,30.904131,furniture_store,940625b8-a276-4364-916d-21f63beb6b8f
Delta Aromatic International,,صناعات غذائية ومشروبات ومطاحن,المنطقة الصناعية الثانية (6 أكتوبر),مصنع جديد تماماً (حصري),—,+20238200259,http://www.deltaaromatic.com/,1st,"https://www.google.com/maps?q=29.933191,30.904858",29.933191,30.904858,aromatherapy,3f2d46af-ce80-4d27-ae99-3558b68cf24a
فلكسباك - الشركة العربية للعبوات الدوائية,,تصنيع وإنتاج هندسي عام ومعدات,المنطقة الصناعية الثانية (6 أكتوبر),مصنع جديد تماماً (حصري),—,02 38320581,http://www.flexipack-eg.com,القطعة 46 - ش 92 - المنطقة الصناعية الاولى,"https://www.google.com/maps?q=29.936966,30.904245",29.936966,30.904245,industrial_equipment,01e1d97b-ea45-40aa-9ed6-3648b11fffda
مجمع عمال مصر الصناعي,,صناعات سيارات وشاحنات ومركبات تجارية,المنطقة الصناعية الأولى (6 أكتوبر),مصنع جديد تماماً (حصري),—,+201101500974,http://www.omalmisr.com/,المقر الرئيسى :-6اكتوبر- مجمع سي بي سي الصناعي - البوابة الثالثة - القطعه 92.93 ( مجموعة عمال مصر ),"https://www.google.com/maps?q=29.992716,30.904875",29.992716,30.904875,industrial_company,1390e987-4616-41d7-980f-bc8db64566f6
Egypt For Engineering & Trading,,تصنيع وإنتاج هندسي عام ومعدات,المنطقة الصناعية الأولى (6 أكتوبر),مصنع جديد تماماً (حصري),—,+201099855245,—,"Laylat Al-Qadr, Al-Majd Mall, next to Ali Al-Din Complex Fourth floor, office 6","https://www.google.com/maps?q=29.949038,30.905695",29.949038,30.905695,engineering_services,75b1ec70-0c47-47eb-ab6a-d3759ffb06ba
الاصلى لقطع الغيار طه منير,,صناعات سيارات وشاحنات ومركبات تجارية,المنطقة الصناعية الأولى (6 أكتوبر),مصنع جديد تماماً (حصري),—,+201069969657,—,داخل مجمع على الدين مبنى ب - الدور الارضى المحور المركزىميدان ليلة القدرGiza Governorate,"https://www.google.com/maps?q=29.947447,30.905701",29.947447,30.905701,auto_parts_and_supply_store,853c56c8-1b4f-4976-ade3-d6fbb22cfbae
Al Masreya 2000,,تصنيع وإنتاج هندسي عام ومعدات,المنطقة الصناعية الأولى (6 أكتوبر),مصنع جديد تماماً (حصري),—,+20238838080,http://www.elmasria2000.com/,"مجمع علي الدين, Central Axis","https://www.google.com/maps?q=29.947636,30.905487",29.947636,30.905487,industrial_equipment,1fa9de29-6924-4ccb-98f7-02c1b90653db
الشرق اطارات وبطاريات,,صناعات سيارات وشاحنات ومركبات تجارية,المنطقة الصناعية الأولى (6 أكتوبر),مصنع جديد تماماً (حصري),—,+201063855203,https://www.google.com/maps?q=29.9516267%2C30.9053483,بالقرب من 30 طريق التحرير، قسم ثان 6 أكتوبر، محافظة الجيزة 3224467,"https://www.google.com/maps?q=29.9515,30.905453",29.9515,30.905453,automotive_repair,4010922f-47f0-4caa-a446-7276b60ec167
Elmarakby Steel,,غزل ونسيج وملابس جاهزة,المنطقة الصناعية الأولى (6 أكتوبر),مصنع جديد تماماً (حصري),—,—,www.elmarakbysteel.com,6th Industrial Zone,"https://www.google.com/maps?q=29.951303,30.905243",29.951303,30.905243,metal_fabricator,39e3f50f-01bf-4d8d-b530-d311a7757b1f
المثنى Al Mothana BKH,,تصنيع وإنتاج هندسي عام ومعدات,المنطقة الصناعية الأولى (6 أكتوبر),مصنع جديد تماماً (حصري),—,+201286150039,—,المثنى لتجارة الرولمان بلى والسيور,"https://www.google.com/maps?q=29.948654,30.905111",29.948654,30.905111,commercial_industrial,965b95c2-01cc-4236-9a4d-536cb73e9259
xmachine.sy,,تصنيع وإنتاج هندسي عام ومعدات,المنطقة الصناعية الأولى (6 أكتوبر),مصنع جديد تماماً (حصري),—,+201146675498,http://xmachinesy.com/,المنطقه الصناعية الثالثه مجمع مبارك,"https://www.google.com/maps?q=29.947273,30.905251",29.947273,30.905251,engineering_services,3d72bee8-560b-47ac-88a1-49d84c6e5496
شركة إما لهندسة الهيدرونيوماتيك,,تصنيع وإنتاج هندسي عام ومعدات,المنطقة الصناعية الأولى (6 أكتوبر),مصنع جديد تماماً (حصري),—,+201066643893,http://www.ema-eg.net/,Central Spine,"https://www.google.com/maps?q=29.947824,30.905264",29.947824,30.905264,shopping,b1b522ac-3ee2-40dc-ab5b-dcaf960db878
اكتوبر للمواسير البلاستيكية,,صناعات بلاستيكية ومطاطية ومواسير,المنطقة الصناعية الثانية (6 أكتوبر),مصنع جديد تماماً (حصري),—,02 38306982,http://www.october.hebeishgroup.com,"القطعة 142, 143 - - المنطقة الصناعية الاولى","https://www.google.com/maps?q=29.928684,30.905159",29.928684,30.905159,building_supply_store,b8793217-9c0a-4c37-b0e3-ffe2f07a067d
Egyptian British Company For Chemicals and Auxiliaries,,كيماويات وبتروكيماويات ودهانات وزيوت,المنطقة الصناعية الثانية (6 أكتوبر),مصنع جديد تماماً (حصري),—,+20238202782,—,المنطقة الصناعية الثانية,"https://www.google.com/maps?q=29.922001,30.90519",29.922001,30.90519,chemical_plant,b1f599e8-9c66-4f72-9e10-82e3be018c27
الجيزة للبلاستيك,,صناعات بلاستيكية ومطاطية ومواسير,المنطقة الصناعية الثانية (6 أكتوبر),مصنع جديد تماماً (حصري),—,02 38323027,http://www.gizaplastics.com,قطعة 1/221 - - المنطقة الصناعية الثانية,"https://www.google.com/maps?q=29.919388,30.90523",29.919388,30.90523,plastic_company,630df62d-d79e-455e-bd6a-544beeb4049b
Masa Pack,,صناعات بلاستيكية ومطاطية ومواسير,المنطقة الصناعية الثانية (6 أكتوبر),مصنع جديد تماماً (حصري),—,+201111302083,https://masapack-eg.com/,4 Street 2,"https://www.google.com/maps?q=29.918709,30.905409",29.918709,30.905409,pharmaceutical_companies,469045a8-49a0-4d7f-84a7-1d5644ad900c
الخياط بلاست,,صناعات بلاستيكية ومطاطية ومواسير,المنطقة الصناعية الثانية (6 أكتوبر),مصنع جديد تماماً (حصري),—,02 38202678,http://www.elkhayatplast.com,القطعة 1/232 - ش حمادة امام - المنطقة الصناعية الثانية,"https://www.google.com/maps?q=29.915365,30.905439",29.915365,30.905439,plastic_company,f096b3c7-8668-476e-85ad-af10a2963bb8
روزيرا - Roseraie,,تصنيع وإنتاج هندسي عام ومعدات,المنطقة الصناعية الثانية (6 أكتوبر),مصنع جديد تماماً (حصري),—,+201210333348,https://roseraie-co.com/,"Block 5/232, Street 7, 2nd industrial zone","https://www.google.com/maps?q=29.914433,30.905594",29.914433,30.905594,industrial_company,afb9ef6c-df3a-41bf-a6a9-e7efdca9f5dc
Sign and Sign for Trading and Contracting,,تصنيع وإنتاج هندسي عام ومعدات,المنطقة الصناعية الثانية (6 أكتوبر),مصنع جديد تماماً (حصري),—,+201002112155,http://www.signandsign-egy.com/,السادس من اكتوبر,"https://www.google.com/maps?q=29.912445,30.905201",29.912445,30.905201,contractor,bb3fd7fe-aee1-4153-ae6b-204dd3430a54
Zamzam For Engineering Industries,,تصنيع وإنتاج هندسي عام ومعدات,المنطقة الصناعية الثانية (6 أكتوبر),مصنع جديد تماماً (حصري),—,+20238206144,—,ش 36,"https://www.google.com/maps?q=29.908863,30.906548",29.908863,30.906548,engineering_services,bc7c9e7f-788a-4626-aa78-a5b03a90effb
Print Master For Advertising,,صناعات سيارات وشاحنات ومركبات تجارية,المنطقة الصناعية الثانية (6 أكتوبر),مصنع جديد تماماً (حصري),—,+201099088203,—,رقم 2، ثان 6 اكتوبر، الجيزة،,"https://www.google.com/maps?q=29.910778,30.905851",29.910778,30.905851,advertising_agency,842e7024-338a-4ce3-b202-1808173399c7
مركز ساند جروب لصيانه وتجديد السيارات,,صناعات سيارات وشاحنات ومركبات تجارية,المنطقة الصناعية الثانية (6 أكتوبر),مصنع جديد تماماً (حصري),—,+201110015944,http://sandgroup-egy.blogspot.com.eg/,"الجيزه, 6 اكتوبر, المنطقه الصناعيه الثانيه, محور خدمي ثاني قطعه 23","https://www.google.com/maps?q=29.915255,30.90617",29.915255,30.90617,automotive_repair,3820b656-ebfb-4b86-93cd-62195badbcc3
المنار جروب,,صناعات سيارات وشاحنات ومركبات تجارية,المنطقة الصناعية الثانية (6 أكتوبر),مصنع جديد تماماً (حصري),—,02 38202500,http://www.almanargroup.com,القطعة 215 - - المنطقة الصناعية الثانية,"https://www.google.com/maps?q=29.916124,30.906374",29.916124,30.906374,automotive_repair,752342b8-5e90-40b0-9eab-f4b66de24dd3
Uni Power for Eng. & Trade يونى باور للهندسة والتجارة,,تصنيع وإنتاج هندسي عام ومعدات,المنطقة الصناعية الأولى (6 أكتوبر),مصنع جديد تماماً (حصري),—,+201145509946,https://unipowercompany.business.site/?m=true,6 أكتوبر - ميدان ليلة القدر - مجمع على الدين مبنى (ب) الدور الثالث - مكتب (326-327) ,"https://www.google.com/maps?q=29.947571,30.906122",29.947571,30.906122,engineering_services,fcf65116-6bf2-412a-bea6-d1e51a195ff2
شركة المصرى لضواغط الهواء,,صناعات سيارات وشاحنات ومركبات تجارية,المنطقة الصناعية الأولى (6 أكتوبر),مصنع جديد تماماً (حصري),—,+201000581196,—,Central Axis,"https://www.google.com/maps?q=29.947741,30.906206",29.947741,30.906206,business_manufacturing_and_supply,941e8c06-9a90-4510-a4f0-502307443535
شركه النور للديكور والمقاولات,,تصنيع وإنتاج هندسي عام ومعدات,المنطقة الصناعية الأولى (6 أكتوبر),مصنع جديد تماماً (حصري),—,+201117711912,—,القاهره ,"https://www.google.com/maps?q=29.947721,30.906261",29.947721,30.906261,contractor,9abb1181-fa50-43e4-b68a-20697b1dd453
بروفيشنال باك التجارية - ماكينات تعبئة و تغليف Professional Pack,,تعبئة وتغليف وكرتون وطباعة,المنطقة الصناعية الأولى (6 أكتوبر),مصنع جديد تماماً (حصري),—,+201001902239,https://www.facebook.com/professionalpack.trd,مدينة 6 أكتوبر - جانب ميدان ليلة القدر - خلف مجمع على الدين ,"https://www.google.com/maps?q=29.948496,30.90626",29.948496,30.90626,industrial_equipment,98a19050-238c-43da-b508-c71d2f018439
Boiler House بيت الغلايات,,تصنيع وإنتاج هندسي عام ومعدات,المنطقة الصناعية الأولى (6 أكتوبر),مصنع جديد تماماً (حصري),—,+201001969135,http://elrasheed.com/,Laylat Al Kadr,"https://www.google.com/maps?q=29.948891,30.906088",29.948891,30.906088,industrial_equipment,7870bee3-8b91-4ea1-a59e-af07fa592bbc
اوتو بلس لكماليات السيارات بمدينة 6 اكتوبر,,صناعات سيارات وشاحنات ومركبات تجارية,المنطقة الصناعية الأولى (6 أكتوبر),مصنع جديد تماماً (حصري),—,+201128191606,—,مول المجد خلف مول السويدى و بجوار مجمع على الدين ليلة القدر ,"https://www.google.com/maps?q=29.948811,30.905924",29.948811,30.905924,car_stereo_store,0e1cb807-2e6a-48dd-896d-763d6e843b87
رواد السبتية للأدوات الصحية,,تصنيع وإنتاج هندسي عام ومعدات,المنطقة الصناعية الأولى (6 أكتوبر),مصنع جديد تماماً (حصري),—,+201115558104,http://www.rowadelsabtya.com/,6 اكتوبر المحور المركزى ليلة القدر   مول الزهور خلف  مول شبانه   بجوار بنزينة توتال الحى 12,"https://www.google.com/maps?q=29.949656,30.905977",29.949656,30.905977,wholesale_store,bff10edb-7572-4e73-b189-aa463fd9d7db
شركة الطارق للتوريدات العمومية,,صناعات سيارات وشاحنات ومركبات تجارية,المنطقة الصناعية الأولى (6 أكتوبر),مصنع جديد تماماً (حصري),—,+201017387675,http://www.altareksupplies.com/,مجمع علي الدين بميدان ليلة القدر مبني ج الدور الثالث مكتب 308,"https://www.google.com/maps?q=29.948286,30.90605",29.948286,30.90605,business_manufacturing_and_supply,6eb84665-88d5-46c9-b3cd-404be383503a
الخليل للتوريدات,,تصنيع وإنتاج هندسي عام ومعدات,المنطقة الصناعية الأولى (6 أكتوبر),مصنع جديد تماماً (حصري),—,+201009292934,http://www.alkhalilgroup-eg.com/,داخل مجمع على الدين، المحور المركزى - ميدان ليلة القدر,"https://www.google.com/maps?q=29.947664,30.906067",29.947664,30.906067,industrial_equipment,4665f56b-9f1e-49f2-a4e7-34584f380e24
Al Marwa for General Suppliers,,صناعات سيارات وشاحنات ومركبات تجارية,المنطقة الصناعية الأولى (6 أكتوبر),مصنع جديد تماماً (حصري),—,+201068650100,https://www.linkedin.com/feed/,"مبنى ب، المحور المركزى - ميدان ليلة القدر, داخل مجمع على الدين","https://www.google.com/maps?q=29.94776,30.906012",29.94776,30.906012,business_manufacturing_and_supply,e13ab617-aeb2-47d6-ac78-82cb73c51e17
El Fath WheelTech - الفتح ويل تيك (عجل صناعي),,تصنيع وإنتاج هندسي عام ومعدات,المنطقة الصناعية الأولى (6 أكتوبر),مصنع جديد تماماً (حصري),—,+201554338723,https://www.elfathwheeltech.com/,"محل 35, مبنى ب مجمع علي الدين، ميدان ليلة القدر، 6 أكتوبر","https://www.google.com/maps?q=29.947916,30.905975",29.947916,30.905975,industrial_equipment,0c1a7b25-6b35-4979-8c49-742ada992dfb
Salah El Deen - مؤسسة صلاح الدين,,صناعات سيارات وشاحنات ومركبات تجارية,المنطقة الصناعية الأولى (6 أكتوبر),مصنع جديد تماماً (حصري),—,+201121201915,https://t.me/salaheldeenstore,"مجمع على الدين شارع المحور المركزى قسم ٦ أكتوبر Building (B), 12 Zone, No. 19, 20","https://www.google.com/maps?q=29.948189,30.905975",29.948189,30.905975,business_advertising,102966ed-0dfb-4ced-9e7f-fbc9fc6a10a8
Power Trade,,تصنيع وإنتاج هندسي عام ومعدات,المنطقة الصناعية الأولى (6 أكتوبر),مصنع جديد تماماً (حصري),—,+201001446616,http://www.powertrade-eg.com/,"office: 333, building A Ali El Din Complex 6 October","https://www.google.com/maps?q=29.947622,30.905893",29.947622,30.905893,machine_shop,f0f6d525-c367-446a-9553-b31683697bba
المركز الهندسى للتوريدات والمقاولات الكهربية,,تصنيع وإنتاج هندسي عام ومعدات,المنطقة الصناعية الأولى (6 أكتوبر),مصنع جديد تماماً (حصري),—,011 41075568,http://www.engineeringcenter.3rab.pro,مبنى ب - ميدان ليلة القدر - مجمع على الدين الدور 2,"https://www.google.com/maps?q=29.947924,30.905813",29.947924,30.905813,building_supply_store,3ebf7a4f-e615-4f47-9b5d-347f1cdcc229
Aly Eldin Complex   مجمع علي الدين,,تصنيع وإنتاج هندسي عام ومعدات,المنطقة الصناعية الأولى (6 أكتوبر),مصنع جديد تماماً (حصري),—,—,—,السادس من اكتوبر,"https://www.google.com/maps?q=29.947901,30.905794",29.947901,30.905794,construction_services,8b321527-32d1-4e02-b0b0-55966967d8af
رولمان بلي - شركة إنترناشونال بيرنج - Bearing,,تصنيع وإنتاج هندسي عام ومعدات,المنطقة الصناعية الأولى (6 أكتوبر),مصنع جديد تماماً (حصري),—,+201007076954,—,داخل سنتر المجد - بجوار مجمع علي الدين - ميدان ليلة القدر - 6أكتوبر - الجيزة,"https://www.google.com/maps?q=29.948647,30.905725",29.948647,30.905725,party_and_event_planning,fe6b138c-168d-4dbd-9dd7-8094e381d9a2
Elsaad Electric,,تصنيع وإنتاج هندسي عام ومعدات,المنطقة الصناعية الأولى (6 أكتوبر),مصنع جديد تماماً (حصري),—,+201277706838,http://www.elsaadelectric.com/,مول المجد شارع المحور المركزى ٦ أكتوبر,"https://www.google.com/maps?q=29.9491,30.905828",29.9491,30.905828,appliance_manufacturer,41a4c401-7c78-40cd-a73d-f41c6563f874
Sidam Car service,,صناعات سيارات وشاحنات ومركبات تجارية,المنطقة الصناعية الأولى (6 أكتوبر),مصنع جديد تماماً (حصري),—,+201003372955,—,10 Street 7,"https://www.google.com/maps?q=29.960342,30.906019",29.960342,30.906019,automotive_repair,fdfc8665-b48b-47a2-b4b6-0046fd053c0e
المحور,,صناعات غذائية ومشروبات ومطاحن,المنطقة الصناعية الأولى (6 أكتوبر),مصنع جديد تماماً (حصري),—,—,—,شارع 2,"https://www.google.com/maps?q=29.964249,30.906342",29.964249,30.906342,grocery_store,6809ac03-81aa-4f04-a916-a67f7f62afad
الشافعي للأسمدة والكيماويات,,كيماويات وبتروكيماويات ودهانات وزيوت,المنطقة الصناعية الأولى (6 أكتوبر),مصنع جديد تماماً (حصري),—,+201116556615,https://elshafeycompost.com/home/,"مكتب 1, Gamal Abd Al Nassir Axis","https://www.google.com/maps?q=29.967979,30.90703",29.967979,30.90703,agricultural_service,99ed933c-0aaa-49a5-be37-cec8734578a1
Alio-Mar,,تصنيع وإنتاج هندسي عام ومعدات,المنطقة الصناعية الأولى (6 أكتوبر),مصنع جديد تماماً (حصري),—,+201150504058,—,"خلف مول على الدين, مول الزهور بشارع, Al Mehwar Al Markazi","https://www.google.com/maps?q=29.951105,30.907049",29.951105,30.907049,industrial_equipment,db513ee0-d9f6-4c67-b493-cef277ce0b90
Ring Motors,,صناعات سيارات وشاحنات ومركبات تجارية,المنطقة الصناعية الأولى (6 أكتوبر),مصنع جديد تماماً (حصري),—,+201142442367,—,"Head Office, Five Stars Mall , 2nd floor , Office 407","https://www.google.com/maps?q=29.950903,30.90703",29.950903,30.90703,automotive_repair,3d632b16-65ac-40cc-9f13-c2858def3c7a
مركز ابو محروس لسمكرة السيارات,,صناعات سيارات وشاحنات ومركبات تجارية,المنطقة الصناعية الأولى (6 أكتوبر),مصنع جديد تماماً (حصري),—,+201020086825,https://www.facebook.com/profile.php?id=100077981259328&mibextid=ZbWKwL,"بنزينه توتال بجانب المونوريل اسفل مول الزهور, Khalf Al Madrasa","https://www.google.com/maps?q=29.949438,30.907131",29.949438,30.907131,automotive_repair,027d38d8-32bd-4e84-9917-46a8fc24d191
Steel technology,,غزل ونسيج وملابس جاهزة,المنطقة الصناعية الأولى (6 أكتوبر),مصنع جديد تماماً (حصري),—,+201115119013,https://linktr.ee/steeltechnology,23 October School,"https://www.google.com/maps?q=29.946629,30.906849",29.946629,30.906849,metal_fabricator,71f9b2dd-27d2-4387-81df-afbfb279d883
Auto fast service,,صناعات سيارات وشاحنات ومركبات تجارية,المنطقة الصناعية الأولى (6 أكتوبر),مصنع جديد تماماً (حصري),—,+201225900636,—,"قسم ثان, 15 El-Tahrir Rd","https://www.google.com/maps?q=29.959732,30.90675",29.959732,30.90675,automotive_repair,3b1cb7ca-7545-49e4-a5f4-f55c32db07a9
Mechano Motors Service,,صناعات سيارات وشاحنات ومركبات تجارية,المنطقة الصناعية الأولى (6 أكتوبر),مصنع جديد تماماً (حصري),—,+201119555836,—,Al Batea- Moazi Llmehwar Al Markazi,"https://www.google.com/maps?q=29.950342,30.906754",29.950342,30.906754,automotive_repair,ce102395-cb83-4916-a02e-3f2718445b54
Control Car Service,,صناعات سيارات وشاحنات ومركبات تجارية,المنطقة الصناعية الأولى (6 أكتوبر),مصنع جديد تماماً (حصري),—,+201222151438,—,"Al Mehwar Al khadamy Next to Total Gas Station Behind, Vodafone Square","https://www.google.com/maps?q=29.951208,30.906651",29.951208,30.906651,automotive_repair,cb2773ef-5de8-4c96-953b-9b20c5da0478
مركز بروفيشنال لصيانة السيارات,,صناعات سيارات وشاحنات ومركبات تجارية,المنطقة الصناعية الأولى (6 أكتوبر),مصنع جديد تماماً (حصري),—,+201005038378,—,الحى 11مجاورة 7عمارة 14، ثان 6 اكتوبر، الجيزة،,"https://www.google.com/maps?q=29.959171,30.906637",29.959171,30.906637,automotive_repair,ced8703a-dbc5-4172-8b6b-923c24d8b787
مركز بيبو لهندسة كهرباء السيارات الحديثة,,صناعات سيارات وشاحنات ومركبات تجارية,المنطقة الصناعية الأولى (6 أكتوبر),مصنع جديد تماماً (حصري),—,+201224945892,—,14 El-Tahrir Rd,"https://www.google.com/maps?q=29.959637,30.906567",29.959637,30.906567,automotive_repair,8741c919-c969-49cf-8480-ff13667e5e66
ناصر احمد عمر,,تصنيع وإنتاج هندسي عام ومعدات,المنطقة الصناعية الأولى (6 أكتوبر),مصنع جديد تماماً (حصري),—,+20238838177,—,40 Central Axis,"https://www.google.com/maps?q=29.949043,30.906544",29.949043,30.906544,industrial_equipment,d9d42c5e-05c7-4f4e-a69a-2e8cdbdc7deb
شركة الملاح انترناشيونال لاستيراد وتجارة لوازم الهواء والنيوماتيك,,صناعات سيارات وشاحنات ومركبات تجارية,المنطقة الصناعية الأولى (6 أكتوبر),مصنع جديد تماماً (حصري),—,+201022883387,http://www.elbadrstores.com/,"مول السويدي، محل رقم 1, Central Axis","https://www.google.com/maps?q=29.948086,30.906523",29.948086,30.906523,business_manufacturing_and_supply,bf441631-5ba9-4ee5-9eaa-cdb711cac308
ايجل رزين,,كيماويات وبتروكيماويات ودهانات وزيوت,المنطقة الصناعية الثانية (6 أكتوبر),مصنع جديد تماماً (حصري),—,02 38330679,http://www.eagleresin.com,قطعة 233 - - المنطقة الصناعية الثانية,"https://www.google.com/maps?q=29.914408,30.906542",29.914408,30.906542,chemical_plant,8926b53f-c390-4424-9138-2225e632f48c
Elmerghany Automotive Service Center,,صناعات سيارات وشاحنات ومركبات تجارية,المنطقة الصناعية الثانية (6 أكتوبر),مصنع جديد تماماً (حصري),—,+201068383091,—,No. 74 1,"https://www.google.com/maps?q=29.931158,30.907076",29.931158,30.907076,automotive_repair,363c3d7b-ccad-4a9c-a3c8-793acda50f65
Delta ProFloor Misr,,تصنيع وإنتاج هندسي عام ومعدات,المنطقة الصناعية الثانية (6 أكتوبر),مصنع جديد تماماً (حصري),—,+201222150570,https://www.deltaprofloor.com/,Unnamed Road,"https://www.google.com/maps?q=29.933529,30.907654",29.933529,30.907654,home_service,b8559fa4-6c3d-4999-abfc-a12197daa2d4
Mega light لفوانيس السيارات,,صناعات سيارات وشاحنات ومركبات تجارية,المنطقة الصناعية الأولى (6 أكتوبر),مصنع جديد تماماً (حصري),—,+201028703018,https://megalight.site/,"مول طيبه جراند مول (شبانة, Central Axis","https://www.google.com/maps?q=29.950008,30.907824",29.950008,30.907824,automotive_repair,2ef1ec9c-cee4-4eff-a19a-14701e4cbbad
أبو عدي,,صناعات سيارات وشاحنات ومركبات تجارية,المنطقة الصناعية الأولى (6 أكتوبر),مصنع جديد تماماً (حصري),—,+201111711301,https://www.facebook.com/profile.php?id=100064127317667&mibextid=ZbWKw,"داخل طيبة جراند مول, القطعة 3, 65 Central Axis","https://www.google.com/maps?q=29.94973,30.907927",29.94973,30.907927,automotive_repair,ac0f6436-4eb1-4f29-8e97-4e070da0cce6
المنذر اوبل,,صناعات سيارات وشاحنات ومركبات تجارية,المنطقة الصناعية الأولى (6 أكتوبر),مصنع جديد تماماً (حصري),—,+201006717333,—,Al Batea- Moazi Llmehwar Al Markazi,"https://www.google.com/maps?q=29.950472,30.907269",29.950472,30.907269,automotive_repair,3cb1c146-a88e-4cd5-b0d2-de3d39d089bd
فانوس وباغة لفوانيس السيارات,,صناعات سيارات وشاحنات ومركبات تجارية,المنطقة الصناعية الأولى (6 أكتوبر),مصنع جديد تماماً (حصري),—,+201095209952,—,مجمع الزهور,"https://www.google.com/maps?q=29.950926,30.907251",29.950926,30.907251,auto_restoration_services,ddd2432c-aa25-46ab-a8ef-ee06a23e5850
مركز كويل لتكييف وقطع غيار السيارات,,صناعات سيارات وشاحنات ومركبات تجارية,المنطقة الصناعية الأولى (6 أكتوبر),مصنع جديد تماماً (حصري),—,+201111691003,—,خلف مول شبانه، مول الزهور بجوار بنزينه توتال,"https://www.google.com/maps?q=29.950607,30.907318",29.950607,30.907318,hvac_services,75b0d758-c831-49b3-8192-b1c1cc6ba02a
شركة الأدهم للمعدات الثقيلة,,تصنيع وإنتاج هندسي عام ومعدات,المنطقة الصناعية الأولى (6 أكتوبر),مصنع جديد تماماً (حصري),—,+201020137629,http://www.facbook.com/basmalla,XW34+3W3الحور المركزي الحي الثاني عشر,"https://www.google.com/maps?q=29.952631,30.907368",29.952631,30.907368,hardware_store,fe42f398-6d46-421b-b6e5-3d372f9979c3
الصباحي و الجابري,,نقل بري ولوجستيات وتخزين وأساطيل,المنطقة الصناعية الأولى (6 أكتوبر),مصنع جديد تماماً (حصري),—,+201120227243,—,17 طريق التحرير، ثان 6 اكتوبر، الجيزة،،,"https://www.google.com/maps?q=29.960049,30.907396",29.960049,30.907396,auto_parts_and_supply_store,a3fe0b07-2b57-4690-95c2-be4d38126be5
مركز الطيار لصيانة عفشة السيارات,,صناعات سيارات وشاحنات ومركبات تجارية,المنطقة الصناعية الأولى (6 أكتوبر),مصنع جديد تماماً (حصري),—,+201154888566,—,"El Badawi center ,11 Street9,","https://www.google.com/maps?q=29.960781,30.9074",29.960781,30.9074,automotive_repair,32723c93-126c-47f9-aec8-3f53e99b0b2a
Special-1,,صناعات سيارات وشاحنات ومركبات تجارية,المنطقة الصناعية الأولى (6 أكتوبر),مصنع جديد تماماً (حصري),—,+201021380249,https://www.instagram.com/youssefelgabrycars?igsh=MWtmdXJid2U1emYxcg%3D%3D,Taawonyat Rd,"https://www.google.com/maps?q=29.973452,30.907911",29.973452,30.907911,automotive_repair,5f78a607-224d-4aaa-b244-26b31b94837f
مركز لما لصيانة السيارات,,صناعات سيارات وشاحنات ومركبات تجارية,المنطقة الصناعية الأولى (6 أكتوبر),مصنع جديد تماماً (حصري),—,+201111932617,—,التحرير,"https://www.google.com/maps?q=29.960623,30.908287",29.960623,30.908287,automotive_repair,adf15215-8d42-4d8c-8c0a-12299bca7b32
Bmw Auto Spare Parts,,صناعات سيارات وشاحنات ومركبات تجارية,المنطقة الصناعية الأولى (6 أكتوبر),مصنع جديد تماماً (حصري),—,+201100920648,—,"طيبه جراند مول(شبانه) الدور الارضي, ثان Vodafone Square","https://www.google.com/maps?q=29.949766,30.908524",29.949766,30.908524,auto_parts_and_supply_store,0dc7bf54-57f3-4a34-b7ed-4af2b3b5c2bd
دار للاستشارات الهندسية,,تصنيع وإنتاج هندسي عام ومعدات,المنطقة الصناعية الأولى (6 أكتوبر),مصنع جديد تماماً (حصري),—,+201147806511,http://dar-eng.net/,Central Axis,"https://www.google.com/maps?q=29.949596,30.908583",29.949596,30.908583,architectural_designer,cd159b6b-3167-4e98-b9c0-1813f0a5077d
ديزاين ستار للالوميتال,,تصنيع وإنتاج هندسي عام ومعدات,المنطقة الصناعية الأولى (6 أكتوبر),مصنع جديد تماماً (حصري),—,+201151893855,https://www.design-star.com/,مدينة السادس من أكتوبر،، الجيزة،،,"https://www.google.com/maps?q=29.949251,30.908489",29.949251,30.908489,furniture_store,822210ff-5bd8-4301-a861-65acc8791e9f
Nour Auto,,صناعات سيارات وشاحنات ومركبات تجارية,المنطقة الصناعية الأولى (6 أكتوبر),مصنع جديد تماماً (حصري),—,+201033334575,—,"Behind Tiba Grand Mall, 6 October , Central Axis, Vodafone Square","https://www.google.com/maps?q=29.949999,30.90848",29.949999,30.90848,automotive_repair,8c3fc7ef-a3ad-493a-ac36-384e1ad8fe1b
El Tayep 4car's Fiber  repair,,صناعات سيارات وشاحنات ومركبات تجارية,المنطقة الصناعية الأولى (6 أكتوبر),مصنع جديد تماماً (حصري),—,+201017151643,—,شارع الطيار سنتر الهداية,"https://www.google.com/maps?q=29.959499,30.908504",29.959499,30.908504,automotive_repair,ed08ac7e-2b28-4f2b-866b-124ce55d7ee4
رويال للأرضيات الصناعية Polished concrete,,تصنيع وإنتاج هندسي عام ومعدات,المنطقة الصناعية الأولى (6 أكتوبر),مصنع جديد تماماً (حصري),—,+201013505025,http://www.royal-if.com/,طريق التحرير  - متفرع من المحور ,"https://www.google.com/maps?q=29.954346,30.908258",29.954346,30.908258,construction_services,bb5aa9fe-843e-4042-8d10-75e59d05de9c
Yilmaz Redüktör EGYPT,,تصنيع وإنتاج هندسي عام ومعدات,المنطقة الصناعية الأولى (6 أكتوبر),مصنع جديد تماماً (حصري),—,+201099199467,https://yilmazegypt.com/,موتور هاوس للتجارة - يلمز ريدكتور مصر، ميدان فودافون - مول جراند طيبة,"https://www.google.com/maps?q=29.949688,30.9083",29.949688,30.9083,industrial_company,fe505e5b-4125-44b2-8f01-66478178ba01
شركة الخبير,,تصنيع وإنتاج هندسي عام ومعدات,المنطقة الصناعية الأولى (6 أكتوبر),مصنع جديد تماماً (حصري),—,+201117777595,—,"مول شبانة المحور المركزي, Vodafone Square","https://www.google.com/maps?q=29.949741,30.908251",29.949741,30.908251,auto_parts_and_supply_store,eb699df1-fc8c-4a7c-86d1-030663d35a23
معدات ثقيلة إيجار وبيع رافعات اوناش كلاركات مولدات حفارات سيزرلفت مان لفت,,تصنيع وإنتاج هندسي عام ومعدات,المنطقة الصناعية الأولى (6 أكتوبر),مصنع جديد تماماً (حصري),—,+201034075406,https://narina-egypt.com/,السادس من اكتوبر,"https://www.google.com/maps?q=29.951502,30.908228",29.951502,30.908228,industrial_equipment,3e033e2b-0cc7-401d-a8a5-c8c65ebfeb6f
ونش رفع اثاث في اكتوبر,,نقل بري ولوجستيات وتخزين وأساطيل,المنطقة الصناعية الأولى (6 أكتوبر),مصنع جديد تماماً (حصري),—,+201158063650,https://elmagdnaqlafsh.com/,أكتوبر ,"https://www.google.com/maps?q=29.943363,30.908243",29.943363,30.908243,travel_services,4669abac-d720-4da9-b403-e01ee47ddae1
الشركة الدولية لتصنيع وتجميع السيارات-الوهاب جروب,,صناعات سيارات وشاحنات ومركبات تجارية,المنطقة الصناعية الثانية (6 أكتوبر),مصنع جديد تماماً (حصري),—,—,—,السادس من اكتوبر,"https://www.google.com/maps?q=29.907263,30.908648",29.907263,30.908648,party_and_event_planning,e92183a6-0093-419e-965f-83161d851a25
شركة صالح للسكن للتطوير العقارى,,تصنيع وإنتاج هندسي عام ومعدات,المنطقة الصناعية الثالثة (6 أكتوبر),مصنع جديد تماماً (حصري),—,+201011733320,https://maps.app.goo.gl/7amvfmFKh6buJ9cC7,\nبالقرب من مدينة السادس من أكتوبر، قسم أول 6 أكتوبر، اول 6 أكتوبر، الجيزة\nhttps://maps.app.goo.gl/7amvfmFKh6buJ9cC7,"https://www.google.com/maps?q=29.897539,30.910118",29.897539,30.910118,real_estate_service,c6dd0e25-fa14-4244-a6b4-61eb2bbc2c63
Saint-Gobain Construction Chemicals Egypt,,تصنيع وإنتاج هندسي عام ومعدات,المنطقة الصناعية الثانية (6 أكتوبر),مصنع جديد تماماً (حصري),—,+2015802,https://www.middleeast.weber/,"Factory & Head Office: 5th Industrial Zone, Plot 95B/96  City, Egypt","https://www.google.com/maps?q=29.903818,30.90988",29.903818,30.90988,industrial_company,98f97e03-f117-4dc5-8c3b-5a7eefe6c268
PerBuild / بيربيلد,,كيماويات وبتروكيماويات ودهانات وزيوت,المنطقة الصناعية الثانية (6 أكتوبر),مصنع جديد تماماً (حصري),—,—,http://www.perbuild.com/,"31st Street, Plot No. 218, First Ind. Area, 6 of October City, Egypt","https://www.google.com/maps?q=29.923084,30.909006",29.923084,30.909006,business_manufacturing_and_supply,4ea48663-dab6-4b5f-a703-e2af1f2c46f1
شركه مودرن ستون للاحجار الطبيعيه,,مواد بناء ورخام وسيراميك وخرسانة جاهزة,المنطقة الصناعية الأولى (6 أكتوبر),مصنع جديد تماماً (حصري),—,+201096115416,https://elmodernstone.com/,شارع الثانويه,"https://www.google.com/maps?q=29.943317,30.909225",29.943317,30.909225,landscaping,1abf0b86-3f78-48ee-8c4b-7cfaa40de93b
Elsawy Group / لصيانة البانيوهات والفيبر جلاس,,تصنيع وإنتاج هندسي عام ومعدات,المنطقة الصناعية الأولى (6 أكتوبر),مصنع جديد تماماً (حصري),—,+201114510518,—,٦اكتوبر المنطقه الصناعيه السادسه,"https://www.google.com/maps?q=29.943806,30.909248",29.943806,30.909248,engineering_services,19b72264-dd2a-4c99-a8b3-33c0f7638f84
شركة الحمد للمقاولات والتوريدات وعدادات المياه,,تصنيع وإنتاج هندسي عام ومعدات,المنطقة الصناعية الأولى (6 أكتوبر),مصنع جديد تماماً (حصري),—,+201115075003,—,الحى السادس 71فدان جنوب الاحياء ,"https://www.google.com/maps?q=29.943295,30.909319",29.943295,30.909319,contractor,8d424f1f-4802-4932-a2ac-46fe75a96342
عبد الهادي تاير اطارات بطاريات ضبط زوايا,,صناعات سيارات وشاحنات ومركبات تجارية,المنطقة الصناعية الأولى (6 أكتوبر),مصنع جديد تماماً (حصري),—,+201555599798,—,Tiba Grand Mall,"https://www.google.com/maps?q=29.949673,30.908926",29.949673,30.908926,automotive_repair,b836420a-55eb-4b4a-b775-de0d6aa7aebb
H R C Automotive - Mg,,كيماويات وبتروكيماويات ودهانات وزيوت,المنطقة الصناعية الأولى (6 أكتوبر),مصنع جديد تماماً (حصري),—,+201070980550,—,"فودافون - مول شبانه, Central Axis","https://www.google.com/maps?q=29.949673,30.908945",29.949673,30.908945,automotive_repair,bd3eac3e-bf52-4017-bf9e-9645c93f0007
UVR Service,,صناعات سيارات وشاحنات ومركبات تجارية,المنطقة الصناعية الأولى (6 أكتوبر),مصنع جديد تماماً (حصري),—,+201001200595,—,وحدة K06 بوصلة ٣ بداخل مجمع بولاريس الصناعي المنطقه الصناعيه الاولي  مدينة السادس من اكتوبر بجوار شركة الكهرباء ,"https://www.google.com/maps?q=29.941399,30.909061",29.941399,30.909061,automotive_repair,febabac4-5269-42b7-86ba-2eca1aa79a09
مركز البدر كار لخدمة وصيانة السيارات الحديثة,,صناعات سيارات وشاحنات ومركبات تجارية,المنطقة الصناعية الأولى (6 أكتوبر),مصنع جديد تماماً (حصري),—,+201126180224,—,بجوار عيادات الحصري كلينك دقيقه من ميدان فودافون، الحي 11سنتر الهدايه,"https://www.google.com/maps?q=29.959143,30.908829",29.959143,30.908829,automotive_repair,11261748-ca92-4cf4-916b-316b7eff83c2
OFFER,,تصنيع وإنتاج هندسي عام ومعدات,المنطقة الصناعية الأولى (6 أكتوبر),مصنع جديد تماماً (حصري),—,+201096406885,http://www.facebook.com/OfferTrade,7 شارع المجاورة الثانية,"https://www.google.com/maps?q=29.963686,30.90872",29.963686,30.90872,commercial_industrial,596e8730-2c6c-4b78-b45d-d634b8f3a5bb
Royal House Development,,تصنيع وإنتاج هندسي عام ومعدات,المنطقة الصناعية الأولى (6 أكتوبر),مصنع جديد تماماً (حصري),—,+201211114178,http://www.royalhousedevelopment.com/,7 شارع المجاورة الثانية,"https://www.google.com/maps?q=29.967491,30.908918",29.967491,30.908918,home_developer,b6bf3b53-4cb7-4b8c-a69d-98906142984b
Talent For Decoration,,تصنيع وإنتاج هندسي عام ومعدات,المنطقة الصناعية الأولى (6 أكتوبر),مصنع جديد تماماً (حصري),—,+201111258264,http://www.talent.com.eg/,Agyad castle mall 6 October city,"https://www.google.com/maps?q=29.953245,30.909763",29.953245,30.909763,interior_design,db1c9338-cbac-4ec2-a423-a4de66ae5818
ECU STEEL,,غزل ونسيج وملابس جاهزة,المنطقة الصناعية الأولى (6 أكتوبر),مصنع جديد تماماً (حصري),—,+201036933009,—,61 شارع المنطقه الصناعية,"https://www.google.com/maps?q=29.940708,30.909658",29.940708,30.909658,metal_fabricator,828a6288-11fd-4f9a-bb8c-69f0133f4d9e
بن تك,,صناعات سيارات وشاحنات ومركبات تجارية,المنطقة الصناعية الثانية (6 أكتوبر),مصنع جديد تماماً (حصري),—,02 38202062,http://www.pentecegypt.com,قطعة 4/211 - - المنطقة الصناعية الثانية,"https://www.google.com/maps?q=29.917555,30.909958",29.917555,30.909958,business_office_supplies_and_stationery,d0c85f8d-0724-4322-bbfa-62ec43f858da
مصنع الجندى للصناعات المتطورة-El Gendy for Advanced Industries,,غزل ونسيج وملابس جاهزة,المنطقة الصناعية الثانية (6 أكتوبر),مصنع جديد تماماً (حصري),—,+201112102074,http://www.elgendyindustries.com/,"العنوان : مصنع الجندي المنطقة الصناعية الثانية , قطعة رقم ٢٠٩ شارع حمادة إمام , تقاطع شارع ٥ مع شارع ٨ , 6أكتوبر، مصر","https://www.google.com/maps?q=29.919876,30.910454",29.919876,30.910454,machine_shop,f47b39a9-fa40-4055-8ffe-c19413c50d33
Car S.O.S,,صناعات سيارات وشاحنات ومركبات تجارية,المنطقة الصناعية الأولى (6 أكتوبر),مصنع جديد تماماً (حصري),—,+201017568178,—,Taawonyat Rd,"https://www.google.com/maps?q=29.971581,30.911091",29.971581,30.911091,auto_parts_and_supply_store,ea6f7a01-c4eb-446b-9a3f-da98baf5d6d4
Baba Sauce ,,صناعات غذائية ومشروبات ومطاحن,المنطقة الصناعية الثانية (6 أكتوبر),مصنع جديد تماماً (حصري),—,+201015761253,—,6 شارع المنطقه الصناعية,"https://www.google.com/maps?q=29.938702,30.911558",29.938702,30.911558,food_beverage_service_distribution,15a6c6de-9631-4bd6-9f47-f46f618c1f3c
الملكة,,تصنيع وإنتاج هندسي عام ومعدات,المنطقة الصناعية الثانية (6 أكتوبر),مصنع جديد تماماً (حصري),—,+201008146833,—,6 شارع المنطقه الصناعية,"https://www.google.com/maps?q=29.938702,30.911558",29.938702,30.911558,commercial_industrial,fa96830d-fe81-4e0f-b283-7a934f37623a
Technorapid Cartons- تكنو رابد للكرتون,,تعبئة وتغليف وكرتون وطباعة,المنطقة الصناعية الثانية (6 أكتوبر),مصنع جديد تماماً (حصري),—,+201127097979,http://www.technorapid.com/,منطقة صناعية امتداد الثالثة، مدينة 6 اكتوبر ، جيزةـ امام مطافي لشركة الشرقية للدخان,"https://www.google.com/maps?q=29.938702,30.911558",29.938702,30.911558,shredding_services,ab6d7c18-2fa4-420d-afac-4bd4658dd409
مصانع و مخازن إيجار و بيع,,نقل بري ولوجستيات وتخزين وأساطيل,المنطقة الصناعية الثانية (6 أكتوبر),مصنع جديد تماماً (حصري),—,+201275147779,—,6 شارع المنطقه الصناعية,"https://www.google.com/maps?q=29.938702,30.911558",29.938702,30.911558,shopping,fba2be60-ed95-41d8-86af-6b87a01123e0
شركة الطائر الأزرق لنقل العمال والموظفين وخدمات المصانع blue bird,,نقل بري ولوجستيات وتخزين وأساطيل,المنطقة الصناعية الأولى (6 أكتوبر),مصنع جديد تماماً (حصري),—,+201124998888,http://www.bluebird-intl.com/,\nفرع اكتوبر الحي 11 مجاورة 5 عمارة 67 المحور المركزي الموازي 6 اكتوبر امام معهد الثقافه والعلوم ,"https://www.google.com/maps?q=29.954987,30.911499",29.954987,30.911499,automotive_services_and_repair,2f4476e5-387f-422f-9bc0-5a1858ce631a
ناشيونال هوم لصناعة الكرفانات والحاويات,,تصنيع وإنتاج هندسي عام ومعدات,المنطقة الصناعية الثانية (6 أكتوبر),مصنع جديد تماماً (حصري),—,+201287560335,—,المنطقة الصناعية,"https://www.google.com/maps?q=29.938719,30.911161",29.938719,30.911161,construction_services,3d0491c9-e2c9-46ba-bcf7-44598ee7365e
مصنع الاخوه لشبك الظل والحمايه T.M,,تصنيع وإنتاج هندسي عام ومعدات,المنطقة الصناعية الثانية (6 أكتوبر),مصنع جديد تماماً (حصري),—,+201091144423,https://tamerhassan11700.wixsite.com/shadingnetsforgreenh,المنطقه الصناعيه بلبيس ,"https://www.google.com/maps?q=29.938719,30.911161",29.938719,30.911161,agriculture,51731190-e9ae-4855-98ac-9177fabd75a7
إتقان للديكور والأعمال المائيه &Etqan Decor Water Features,,تصنيع وإنتاج هندسي عام ومعدات,المنطقة الصناعية الثانية (6 أكتوبر),مصنع جديد تماماً (حصري),—,+201044386952,—,المنطقه الصناعيه التالته,"https://www.google.com/maps?q=29.938719,30.911161",29.938719,30.911161,industrial_company,a5a89598-67ac-47f3-875c-7e85471dc382
Meelox,,صناعات سيارات وشاحنات ومركبات تجارية,المنطقة الصناعية الثانية (6 أكتوبر),مصنع جديد تماماً (حصري),—,+201022237037,http://www.meelox.com/,المنطقه الصناعيه السادسه ٦اكتوبر، محافظة الجيزة,"https://www.google.com/maps?q=29.938719,30.911161",29.938719,30.911161,business_manufacturing_and_supply,ed005c50-5618-44aa-ad3b-222dacd2fcf3
SDF Oil Well Technology,,صناعات سيارات وشاحنات ومركبات تجارية,المنطقة الصناعية الثانية (6 أكتوبر),مصنع جديد تماماً (حصري),—,+2038201592,http://www.sdfoil.com/,Industrial Zone,"https://www.google.com/maps?q=29.919344,30.911415",29.919344,30.911415,party_and_event_planning,339921d7-5ae6-4ea2-beb8-b31d80b502df
Newtech company for metal operation,,تصنيع وإنتاج هندسي عام ومعدات,المنطقة الصناعية الثانية (6 أكتوبر),مصنع جديد تماماً (حصري),—,+201009500928,http://www.newtecheg.net/,160 شارع 3,"https://www.google.com/maps?q=29.926311,30.911339",29.926311,30.911339,industrial_company,624d0c57-2942-4a70-a0a7-c8ccf991be15
سرحان للصناعة - ماستر باتش,,صناعات بلاستيكية ومطاطية ومواسير,المنطقة الصناعية الثانية (6 أكتوبر),مصنع جديد تماماً (حصري),—,02 38335590,http://www.sarhan-mb.com,القطعة 242 - - المنطقة الصناعية الاولى,"https://www.google.com/maps?q=29.91991,30.911522",29.91991,30.911522,plastic_company,6bdc5c8b-a920-4275-bad9-d81b5be91443
موتور وان صيانة سيارات اوبل و بي ام دبليو,,صناعات سيارات وشاحنات ومركبات تجارية,المنطقة الصناعية الثانية (6 أكتوبر),مصنع جديد تماماً (حصري),—,+201033499996,https://g.page/r/CWvXGVX2UhuMEA0,No. 5 1,"https://www.google.com/maps?q=29.918621,30.911533",29.918621,30.911533,automotive_repair,c69bb46b-da5c-4a3c-8e05-987b6d13b8f6
فولكان Volcan,,غزل ونسيج وملابس جاهزة,المنطقة الصناعية الثانية (6 أكتوبر),مصنع جديد تماماً (حصري),—,+201022200401,—,اكتوبر المنطقه الصناعيه الثالثه  ,"https://www.google.com/maps?q=29.908028,30.91098",29.908028,30.91098,metal_fabricator,cb90f257-098b-40d1-9148-c92acf5598fc
Munich Spm,,تصنيع وإنتاج هندسي عام ومعدات,المنطقة الصناعية الثانية (6 أكتوبر),مصنع جديد تماماً (حصري),—,+201127444427,https://munichspm.com/,No. 6 - 1,"https://www.google.com/maps?q=29.91815,30.911699",29.91815,30.911699,engineering_services,ccf3d5d4-8cda-44eb-abde-2c1c22f5d8d4
Rally Motors Group,,صناعات سيارات وشاحنات ومركبات تجارية,المنطقة الصناعية الثانية (6 أكتوبر),مصنع جديد تماماً (حصري),—,+201146200009,http://www.rallymotorsgroup.com/,"قطعة رقم, 16 شارع 5","https://www.google.com/maps?q=29.918013,30.911865",29.918013,30.911865,automotive_repair,73b40823-a6a6-49e4-a58d-95d9ebcd3184
Emapen UPVC,,تصنيع وإنتاج هندسي عام ومعدات,المنطقة الصناعية الثانية (6 أكتوبر),مصنع جديد تماماً (حصري),—,+201069946220,http://www.emapen.net/,"Address:6th of October City, Industrial Zone 1, land no. 238, Giza, Egypt.","https://www.google.com/maps?q=29.920395,30.91209",29.920395,30.91209,corporate_office,3e319f72-aaa6-44f1-96f4-36bdfbfdf1b9
HC Academy,,تصنيع وإنتاج هندسي عام ومعدات,المنطقة الصناعية الأولى (6 أكتوبر),مصنع جديد تماماً (حصري),—,+201148668837,https://hc-academy.net/,السادس من اكتوبر,"https://www.google.com/maps?q=29.950661,30.911774",29.950661,30.911774,college_university,40d54af2-c415-4fae-a358-0b7edf7240f3
The Higher Institute For Engineering and Computer Science,,تصنيع وإنتاج هندسي عام ومعدات,المنطقة الصناعية الأولى (6 أكتوبر),مصنع جديد تماماً (حصري),—,+20238332582,http://www.csi.edu.eg/,، central Spine,"https://www.google.com/maps?q=29.955574,30.913177",29.955574,30.913177,college_university,7394312f-3866-4ce9-9051-af5684c59819
Renault FMS,,صناعات سيارات وشاحنات ومركبات تجارية,المنطقة الصناعية الثانية (6 أكتوبر),مصنع جديد تماماً (حصري),—,+201121892211,—,5 Street 5,"https://www.google.com/maps?q=29.917814,30.91324",29.917814,30.91324,automotive_repair,9acb3913-738e-4bc2-b75c-ea52db29b5fd
شركة السعدي لتجارة وتصنيع اكسسوار الماكينات - Elcto,,صناعات بلاستيكية ومطاطية ومواسير,المنطقة الصناعية الثانية (6 أكتوبر),مصنع جديد تماماً (حصري),—,+201130371053,https://elktra.alsaeedy.com/store/store-12,السعدي للتوريدات العمومية ولاكسسوارات الماكينات,"https://www.google.com/maps?q=29.939947,30.913599",29.939947,30.913599,machine_shop,80f6fd9f-e155-41ce-882e-3c0058d5c598
شركة روبي لقطع غيار السيارات التويوتا ,,صناعات سيارات وشاحنات ومركبات تجارية,المنطقة الصناعية الثانية (6 أكتوبر),مصنع جديد تماماً (حصري),—,+201126234279,—,الحي السادس / بجوار مرور اكتوبر ,"https://www.google.com/maps?q=29.939154,30.913898",29.939154,30.913898,auto_parts_and_supply_store,cb0e8467-af44-43bc-92a7-04d2d8e484ef
YES PAC Packaging Solutions,,تصنيع وإنتاج هندسي عام ومعدات,المنطقة الصناعية الثانية (6 أكتوبر),مصنع جديد تماماً (حصري),—,+20238328070,http://www.yes-pac.com/,2nd industrial zone Plot 181/1 street no. 5,"https://www.google.com/maps?q=29.939886,30.913887",29.939886,30.913887,industrial_company,feb420c2-4bf6-4010-89f2-ffa8447e9aa1
المتحدة لصيانة السيارات,,صناعات سيارات وشاحنات ومركبات تجارية,المنطقة الصناعية الأولى (6 أكتوبر),مصنع جديد تماماً (حصري),—,+201026920234,https://wa.me/qr/7GEVNLQHP5YLD1,ميدان فودافون - سنتر المختار,"https://www.google.com/maps?q=29.946924,30.913813",29.946924,30.913813,automotive_repair,10453ac6-e7d0-4b1a-9e06-48ef5764bba7
Archivolt,,تصنيع وإنتاج هندسي عام ومعدات,المنطقة الصناعية الأولى (6 أكتوبر),مصنع جديد تماماً (حصري),—,—,http://www.archivoltegypt.com/,17 Al Mehwar Al Markazi,"https://www.google.com/maps?q=29.952999,30.913761",29.952999,30.913761,construction_services,1d85c1a6-2d4e-48da-9be1-0b57031b8953
High Quality Home,,تصنيع وإنتاج هندسي عام ومعدات,المنطقة الصناعية الأولى (6 أكتوبر),مصنع جديد تماماً (حصري),—,+201157403488,—,6 October - west point mall,"https://www.google.com/maps?q=29.953302,30.913452",29.953302,30.913452,real_estate_service,ef46f3c4-ba90-4b1c-96dd-9e607df98d36
Feature Store,,صناعات سيارات وشاحنات ومركبات تجارية,المنطقة الصناعية الأولى (6 أكتوبر),مصنع جديد تماماً (حصري),—,+201116516892,—,"Infinity mall office C4, Vodafone Square","https://www.google.com/maps?q=29.948633,30.913525",29.948633,30.913525,business_manufacturing_and_supply,4a165134-06eb-4dfd-8f04-6a30bdc368a1
AbwabMisr,,تصنيع وإنتاج هندسي عام ومعدات,المنطقة الصناعية الأولى (6 أكتوبر),مصنع جديد تماماً (حصري),—,+201008313079,http://www.abwabmisr.com/,"الحى الثامن , عمارة 39,الدور الرابع,","https://www.google.com/maps?q=29.951828,30.913202",29.951828,30.913202,garage_door_service,8f8f4bdb-4773-4fb0-82a4-784fb508c07f
Middle East For Electrical Supplies - ABB Distributer,,صناعات كهربائية وكابلات والكترونيات,المنطقة الصناعية الأولى (6 أكتوبر),مصنع جديد تماماً (حصري),—,+201028844494,http://www.middleeast-eg.org/,"39, Golden Mall, Elmehwar El Markazy, Vodafone square","https://www.google.com/maps?q=29.952665,30.913338",29.952665,30.913338,industrial_company,cef36cf9-6e3f-44d3-adb1-96a33ad475a6
شركة إعمار مصر لخدمات المصانع والشركات,,صناعات سيارات وشاحنات ومركبات تجارية,المنطقة الصناعية الأولى (6 أكتوبر),مصنع جديد تماماً (حصري),—,+201119666524,https://forms.gle/2MSNYBk4XLLXcjPXA,المحور الخدمي,"https://www.google.com/maps?q=29.955723,30.913286",29.955723,30.913286,business_management_services,2339bf4e-8380-4a76-8cf1-580cee12aafd
Ezaz Co  إزازكو لزجاج السيارات,,مواد بناء ورخام وسيراميك وخرسانة جاهزة,المنطقة الصناعية الأولى (6 أكتوبر),مصنع جديد تماماً (حصري),—,+201277388267,—, elmehwar elmarkazi,"https://www.google.com/maps?q=29.956665,30.91321",29.956665,30.91321,auto_glass_service,b6780a19-e3c8-4306-8f54-70ab3931b457
Z Kitchens Hub,,تصنيع وإنتاج هندسي عام ومعدات,المنطقة الصناعية الأولى (6 أكتوبر),مصنع جديد تماماً (حصري),—,+201019736666,—,"Amaken plaza,Talah Compound Mall , First 6th of October, Giza Governorate 3231026","https://www.google.com/maps?q=29.969006,30.913565",29.969006,30.913565,contractor,db044eb4-0cc0-4466-bee8-7a0e980acf4b
شركة المتميز لنقل ورفع وتغليف الاثاث,,نقل بري ولوجستيات وتخزين وأساطيل,المنطقة الصناعية الأولى (6 أكتوبر),مصنع جديد تماماً (حصري),—,+201055774248,https://www.facebook.com/T01102529008/,مدينة نصر ,"https://www.google.com/maps?q=29.963928,30.913712",29.963928,30.913712,transportation,87d1efd5-6415-45bc-85fc-2886b79c0677
المهندس للرخام والاند سكيب,,مواد بناء ورخام وسيراميك وخرسانة جاهزة,المنطقة الصناعية الأولى (6 أكتوبر),مصنع جديد تماماً (حصري),—,+201154982525,—,مدينه 6 اكتوبر,"https://www.google.com/maps?q=29.963928,30.913712",29.963928,30.913712,,518b0093-d216-42d5-a5f3-0b4d54c680b3
مؤسسه هارون للصناعه والتطوير العقاري,,تصنيع وإنتاج هندسي عام ومعدات,المنطقة الصناعية الأولى (6 أكتوبر),مصنع جديد تماماً (حصري),—,+201091358391,https://www.youtube.com/@GomaaHaron,الحي الخامس عقد تاني بجوار مسجد ناصر بن حمد ,"https://www.google.com/maps?q=29.968264,30.913935",29.968264,30.913935,industrial_company,d0525090-6ab5-4873-8394-d0633737f275
اوتو سيرفيس عطيه محروس 2,,صناعات سيارات وشاحنات ومركبات تجارية,المنطقة الصناعية الأولى (6 أكتوبر),مصنع جديد تماماً (حصري),—,+201067964797,—,اكتوبر الحي العاشر ابراج ستي ستار برج ٨ رقم ٢٤ ,"https://www.google.com/maps?q=29.968138,30.914639",29.968138,30.914639,automotive_repair,41f7b4bc-820c-4c76-8878-57aa82d77c5d
Mido Oscar,,مواد بناء ورخام وسيراميك وخرسانة جاهزة,المنطقة الصناعية الأولى (6 أكتوبر),مصنع جديد تماماً (حصري),—,+201223221185,—,سنتر وادي الملكة,"https://www.google.com/maps?q=29.942348,30.914543",29.942348,30.914543,glass_and_mirror_sales_service,5f61398e-bc4f-40d2-9041-0c65d4e1de69
Hassan dask,,صناعات سيارات وشاحنات ومركبات تجارية,المنطقة الصناعية الأولى (6 أكتوبر),مصنع جديد تماماً (حصري),—,+201117717893,—,سنتر وادي الملكة,"https://www.google.com/maps?q=29.942438,30.914343",29.942438,30.914343,automotive_repair,8b6534c9-a783-40a1-8cb2-03a76e0f6caa
Zaki El Delengawi BMW Service Center,,صناعات سيارات وشاحنات ومركبات تجارية,المنطقة الصناعية الأولى (6 أكتوبر),مصنع جديد تماماً (حصري),—,+201016153942,http://Www.zakibmwcenter.com/,El-Tahrir Rd,"https://www.google.com/maps?q=29.947119,30.914392",29.947119,30.914392,automotive_repair,6c7d6c57-f777-4896-b900-fe31ad4600a0
JorMetalu,,تصنيع وإنتاج هندسي عام ومعدات,المنطقة الصناعية الأولى (6 أكتوبر),مصنع جديد تماماً (حصري),—,+201005402401,—,مدينة السادس من أكتوبر، ثان 6 اكتوبر،,"https://www.google.com/maps?q=29.948256,30.914232",29.948256,30.914232,construction_services,7fef4f93-c093-473d-9888-3fb0c4012822
بلوبيرد للنقل وخدمات المصانع وتوريد العمال  Blue Bird travel,,نقل بري ولوجستيات وتخزين وأساطيل,المنطقة الصناعية الأولى (6 أكتوبر),مصنع جديد تماماً (حصري),—,+201001953333,http://www.bluebird-intl.com/,الحي 11 مجاورة 5 عمارة 48 المحور المركزي 6 اكتوبر امام معهد الثقافة والعلوم ,"https://www.google.com/maps?q=29.957167,30.914001",29.957167,30.914001,rental_service,85965bc7-08f5-46c9-a66e-11b9db48d57f
شركة سيتي للمقاولات العامه و التطوير العقاري,,تصنيع وإنتاج هندسي عام ومعدات,المنطقة الصناعية الأولى (6 أكتوبر),مصنع جديد تماماً (حصري),—,+201116193624,https://www.facebook.com/102579058936723/posts/102765832251379/?app=fbl,185 Al Mehwar Al Markazi,"https://www.google.com/maps?q=29.952061,30.914021",29.952061,30.914021,real_estate_investment,31edbd47-f42b-4356-846e-fe9f78735d80
HYBUILD Construction Chemicals,,كيماويات وبتروكيماويات ودهانات وزيوت,المنطقة الصناعية الأولى (6 أكتوبر),مصنع جديد تماماً (حصري),—,+201100260183,http://www.hybuildcc-eg.com/,185 Al Mehwar Al Markazi,"https://www.google.com/maps?q=29.952042,30.91398",29.952042,30.91398,chemical_plant,4cd4e09f-1fb3-4edb-995d-3e937359de59
Almadina Gold & Jewelry,,تصنيع وإنتاج هندسي عام ومعدات,المنطقة الصناعية الأولى (6 أكتوبر),مصنع جديد تماماً (حصري),—,+201224608062,—,"infinity mall, Vodafone Square","https://www.google.com/maps?q=29.948402,30.914028",29.948402,30.914028,jewelry_and_watches_manufacturer,f919d886-b18d-42d8-8de1-5aca94c64948
A.G cars,,صناعات سيارات وشاحنات ومركبات تجارية,المنطقة الصناعية الأولى (6 أكتوبر),مصنع جديد تماماً (حصري),—,+201000513555,http://WWW.YAZANCARS.COM/,شار 20 مول المختار خلف مول رنين 6 اكتوبر الجيزه ,"https://www.google.com/maps?q=29.947165,30.913939",29.947165,30.913939,automotive_repair,0a670c19-9228-41ea-814e-b02aa91f6e4a
Gaballah Service Center,,صناعات سيارات وشاحنات ومركبات تجارية,المنطقة الصناعية الثانية (6 أكتوبر),مصنع جديد تماماً (حصري),—,+201044669104,—,https://maps.app.goo.gl/8nQfk6Kwcys3r8jA9-سكوير مول - محور الكفراوي- بجوار مستشفى الوادى-الحي الثاني - 6 اكتوبر,"https://www.google.com/maps?q=29.939798,30.914001",29.939798,30.914001,automotive_repair,aca803a8-f0e7-4229-a3bd-1c97d466bea5
الشركة المصرية لتصنيع الحديد,,حديد وصلب وألومنيوم وتشكيل معادن,المنطقة الصناعية الثانية (6 أكتوبر),مصنع جديد تماماً (حصري),—,+201141147785,—,السادس من اكتوبر,"https://www.google.com/maps?q=29.9398,30.914001",29.9398,30.914001,,25a9a2d5-38dd-4b73-9f8b-be62a693b2ac
Motifix-موتيفكس,,صناعات سيارات وشاحنات ومركبات تجارية,المنطقة الصناعية الثانية (6 أكتوبر),مصنع جديد تماماً (حصري),—,+201080246440,—,الحي الرابع -محور الكفراوي-مجاوره (6)- بجوار مدرسه الثانويه الصناعيه,"https://www.google.com/maps?q=29.939798,30.914001",29.939798,30.914001,automotive_repair,5011a824-1e09-4b92-a970-a990fda5573a
"التركى لتــشـغيـــل الــمعــادن  وتصنيــع الاســطمبــات ""Altorky MetalWork""",,غزل ونسيج وملابس جاهزة,المنطقة الصناعية الثانية (6 أكتوبر),مصنع جديد تماماً (حصري),—,+201022954409,https://AltorkyMetalWork.com/website,"المنطقة الصناعية،،, ثان 6 اكتوبر، الجيزة","https://www.google.com/maps?q=29.939798,30.914001",29.939798,30.914001,metal_fabricator,cbfdf88f-1c6f-4b25-a912-908666309151
Pharmacies Empire Company,,أدوية ومستحضرات تجميل ومستلزمات طبية,المنطقة الصناعية الثانية (6 أكتوبر),مصنع جديد تماماً (حصري),—,+201157270259,—,الحي السابع ,"https://www.google.com/maps?q=29.939798,30.914001",29.939798,30.914001,business_advertising,aec08612-49e6-4af3-83a9-2c4f3b5e814c
احمد مفتاح للانشاءات,,تصنيع وإنتاج هندسي عام ومعدات,المنطقة الصناعية الثانية (6 أكتوبر),مصنع جديد تماماً (حصري),—,+201277799443,—,hadyek october,"https://www.google.com/maps?q=29.939798,30.914001",29.939798,30.914001,structural_engineer,0eaf4f82-c54a-4363-9941-5b3b60af81c2
إتقان للتوريدات الكهربائية والميكانيكية,,تصنيع وإنتاج هندسي عام ومعدات,المنطقة الصناعية الثانية (6 أكتوبر),مصنع جديد تماماً (حصري),—,+201014697842,http://www.itqaneg.com/,مكتب 2 -الدور الثاني- مول الطارق بجوار مول السويدي - المحور المركزي - ليلة القدر ,"https://www.google.com/maps?q=29.939798,30.914001",29.939798,30.914001,industrial_equipment,07b04957-b690-4fd1-b90b-60e65b158e68
Royal Fabrics,,غزل ونسيج وملابس جاهزة,المنطقة الصناعية الثانية (6 أكتوبر),مصنع جديد تماماً (حصري),—,+20238260304,http://www.radwanmardini.com/,ellhosary,"https://www.google.com/maps?q=29.939798,30.914001",29.939798,30.914001,fabric_store,7acf7917-47e8-4fb9-95f5-9b84109106c3
لحوم الأعلاف الخضراء Green Fodder Meats,,تصنيع وإنتاج هندسي عام ومعدات,المنطقة الصناعية الثانية (6 أكتوبر),مصنع جديد تماماً (حصري),—,+201153099533,—,بالقرب من مسجد راغب شارع المهندس أحمد مؤمن & شارع المهندس أحمد كمال حمدي,"https://www.google.com/maps?q=29.939798,30.914001",29.939798,30.914001,butcher_shop,622fd5c9-bc6e-44c8-832b-74ced7b5e1bc
Abdelaziz-Ceramic and Porcelain ,,تصنيع وإنتاج هندسي عام ومعدات,المنطقة الصناعية الثانية (6 أكتوبر),مصنع جديد تماماً (حصري),—,—,https://linktr.ee/AbdulAziz.Egypt,971 شارع الحي الخامس,"https://www.google.com/maps?q=29.939798,30.914001",29.939798,30.914001,commercial_industrial,72ac69b1-86f7-4f5a-a6e3-fada48e91dee
الحصري اوتو سيرفيس - Alhosary auto service ,,صناعات سيارات وشاحنات ومركبات تجارية,المنطقة الصناعية الثانية (6 أكتوبر),مصنع جديد تماماً (حصري),—,+201143090420,—,ميدان الحصري,"https://www.google.com/maps?q=29.939798,30.914001",29.939798,30.914001,automotive_repair,97720af3-6bb4-412b-81e8-1423f3c24cec
Arkya Kitchens ,,تصنيع وإنتاج هندسي عام ومعدات,المنطقة الصناعية الثانية (6 أكتوبر),مصنع جديد تماماً (حصري),—,+201036061801,—,الحى الرابع مجاوره الثانيه عماره 297 امام قبانى للاثاث ,"https://www.google.com/maps?q=29.939798,30.914001",29.939798,30.914001,contractor,74c16ac1-7288-4915-ba20-d22c72865cce
نوادر  بي ام دبليو  في مصر,,صناعات سيارات وشاحنات ومركبات تجارية,المنطقة الصناعية الثانية (6 أكتوبر),مصنع جديد تماماً (حصري),—,—,—,٦ اكتوبر - بالقرب من محور ٢٦ يوليو - غرب سوميد,"https://www.google.com/maps?q=29.939798,30.914001",29.939798,30.914001,car_dealer,9cbf6e3e-af2e-46ab-a2db-749aeec92407
Etaco Eng & Trading,,تصنيع وإنتاج هندسي عام ومعدات,المنطقة الصناعية الثانية (6 أكتوبر),مصنع جديد تماماً (حصري),—,+201288288108,http://www.etacogroup.com/, 29 EXTENTION OF THIRD INDUSTRIAL ZONE ,"https://www.google.com/maps?q=29.939798,30.914001",29.939798,30.914001,industrial_equipment,934b8385-30c9-4b6c-85b0-133542644149
CosmoDerma.Clinic,,صناعات بلاستيكية ومطاطية ومواسير,المنطقة الصناعية الثانية (6 أكتوبر),مصنع جديد تماماً (حصري),—,+201554338966,—,ابراج الفتح برج الأطباء ٢ المحور المركزى فوق بنك ابو ظبى مصر الاول الدور الرابع \nhttps://maps.app.goo.gl/wLcDxSRREcwz2o1B7,"https://www.google.com/maps?q=29.939798,30.914001",29.939798,30.914001,dermatologist,32b3ab3b-fa9e-4086-93ec-556b26a120a6
شركة سكيلرز العقارية,,تصنيع وإنتاج هندسي عام ومعدات,المنطقة الصناعية الثانية (6 أكتوبر),مصنع جديد تماماً (حصري),—,+201121765092,http://scalers2007.com/,أبراج سيتي ستارز ,"https://www.google.com/maps?q=29.939798,30.914005",29.939798,30.914005,real_estate_service,b4a55386-38d9-4278-9b8d-c9adacf19666
سمارت كار Smart Car,,صناعات سيارات وشاحنات ومركبات تجارية,المنطقة الصناعية الثانية (6 أكتوبر),مصنع جديد تماماً (حصري),—,+201000097748,http://www.smartcar-oct.com/,محور الكفراوي امام مستشفي الصفوه بجوار صيداليه العماوي ,"https://www.google.com/maps?q=29.939798,30.914001",29.939798,30.914001,automotive_repair,3d7c5d2a-0fab-4079-9569-8df5aa0e9bdb
SROR for Tools,,تصنيع وإنتاج هندسي عام ومعدات,المنطقة الصناعية الثانية (6 أكتوبر),مصنع جديد تماماً (حصري),—,+201093168904,https://youtube.com/@sror_for_tools?si=OimxQ5hBRfSSvJTZ,مدينه 6 اكتوبر الحى السادس نتر وادي الملكه امام مدرسه مبارك كول ,"https://www.google.com/maps?q=29.939798,30.914001",29.939798,30.914001,shopping,2e8491f9-87c7-47e5-816a-a7d4d8223448
شركة ناسا للمصاعد NASA Elevator Company,,تصنيع وإنتاج هندسي عام ومعدات,المنطقة الصناعية الثانية (6 أكتوبر),مصنع جديد تماماً (حصري),—,+201501200042,—,عمارات بدرالدين,"https://www.google.com/maps?q=29.939798,30.914001",29.939798,30.914001,professional_services,e63460b0-02bd-4f55-b95f-465fa051f834
شركة الصفوة لأنظمة الألومنيوم وأعمال الزجاج المتكاملة,,مواد بناء ورخام وسيراميك وخرسانة جاهزة,المنطقة الصناعية الثانية (6 أكتوبر),مصنع جديد تماماً (حصري),—,+201080205052,https://www.elsafwa-egy.com/, المنطقة الصناعية الثالثه في السادس من أكتوبر، قطعة 203,"https://www.google.com/maps?q=29.939798,30.914001",29.939798,30.914001,glass_manufacturer,a628b094-1fc8-4c36-a150-9e7a696eef16
Elaph for engineering & trading - إيلاف للهندسه والتجارة,,تصنيع وإنتاج هندسي عام ومعدات,المنطقة الصناعية الثانية (6 أكتوبر),مصنع جديد تماماً (حصري),—,+201010883244,—,شارع الديوان، المنطقة الصناعية - ابو رواش- الكيلو ٢٦ طريق القاهرة الاسكندرية الصحراوي\n,"https://www.google.com/maps?q=29.939798,30.914001",29.939798,30.914001,commercial_industrial,4b2b4013-651e-4728-8b93-8f08d59c05e2
الشريف للإستشارات الهندسية والتسويق العقارى,,تصنيع وإنتاج هندسي عام ومعدات,المنطقة الصناعية الثانية (6 أكتوبر),مصنع جديد تماماً (حصري),—,+201025312220,—,‏السادس من أكتوبر‏، ‏محافظة الجيزة‏، ‏مصر‏,"https://www.google.com/maps?q=29.939798,30.914001",29.939798,30.914001,real_estate_service,c64215f2-4f48-4ced-9c78-b78ee9c679f8
Dr.MohamedSaeed,,صناعات بلاستيكية ومطاطية ومواسير,المنطقة الصناعية الثانية (6 أكتوبر),مصنع جديد تماماً (حصري),—,—,https://linktr.ee/dr.MhmdSaeed.plasticsurgeon?utm_source=ig&utm_medium=social&utm_content=link_in_bio,ElHosary Square,"https://www.google.com/maps?q=29.939798,30.914001",29.939798,30.914001,plastic_surgeon,ce3f48a4-d60a-4d50-87dc-c9a8dbbabfdd
قرميد بلاستيك تركي ابناء العربي,,صناعات بلاستيكية ومطاطية ومواسير,المنطقة الصناعية الثانية (6 أكتوبر),مصنع جديد تماماً (حصري),—,+201005350121,https://www.elaraby-decor.com/%D9%82%D8%B1%D9%85%D9%8A%D8%AF-%D8%A8%D9%84%D8%A7%D8%B3%D8%AA%D9%8A%D9%83/,الحي الرابع - مجاورة ثانيه - على المحور المركزي مباشرة - مقابل قباني للأثاث - عمارة 309,"https://www.google.com/maps?q=29.939798,30.914001",29.939798,30.914001,patio_covers,368a1c9a-989d-4931-97c8-4fe0316b48e0
Dyar Construction,,تصنيع وإنتاج هندسي عام ومعدات,المنطقة الصناعية الثانية (6 أكتوبر),مصنع جديد تماماً (حصري),—,+201110007416,http://dyar-const.com/," أكتوبر - المحور المركزي -مركز أكتوبر التجاري, عمارة 5 الدور الثالث مكتب 2, 6","https://www.google.com/maps?q=29.939798,30.914001",29.939798,30.914001,construction_services,e4747a5d-6804-4533-96f0-cbbc5b3a60f5
Integrated Engineering Co. - IEC,,تصنيع وإنتاج هندسي عام ومعدات,المنطقة الصناعية الثانية (6 أكتوبر),مصنع جديد تماماً (حصري),—,+201065683839,http://integratedeg.com/,"Apartment 42, Building 2, October Trade Center, Mehwar Markazy Street, 6 October City","https://www.google.com/maps?q=29.939798,30.914001",29.939798,30.914001,engineering_services,fe9717f4-f4c5-4e57-8f7f-7fca3a0b6302
QMS certification services,,صناعات سيارات وشاحنات ومركبات تجارية,المنطقة الصناعية الثانية (6 أكتوبر),مصنع جديد تماماً (حصري),—,+201282151116,http://www.qmscertification.org/,Al Safwa Mall - 10th District,"https://www.google.com/maps?q=29.939798,30.914001",29.939798,30.914001,business_management_services,3e244c19-f6ef-4bf5-a55a-1a04d694257a
A&M Company,,صناعات سيارات وشاحنات ومركبات تجارية,المنطقة الصناعية الثانية (6 أكتوبر),مصنع جديد تماماً (حصري),—,+201050810354,—,السادس من اكتوبر,"https://www.google.com/maps?q=29.939798,30.914001",29.939798,30.914001,business_advertising,bd818cf3-6c72-4a07-978e-47e62b845d5e
Mopars Garage,,صناعات سيارات وشاحنات ومركبات تجارية,المنطقة الصناعية الثانية (6 أكتوبر),مصنع جديد تماماً (حصري),—,+201009913881,http://www.mopars-garage.com/,امتداد المنطقه الصناعيه الثالثه,"https://www.google.com/maps?q=29.939798,30.914001",29.939798,30.914001,automotive_repair,8dfa29ad-deef-4f67-aecf-420be1d9a10d
المصرية للرخام والجرانيت راشد,,مواد بناء ورخام وسيراميك وخرسانة جاهزة,المنطقة الصناعية الثانية (6 أكتوبر),مصنع جديد تماماً (حصري),—,+201000525019,—,"الحجاز مول,الحي الاول,6 اكتوبر","https://www.google.com/maps?q=29.939798,30.914001",29.939798,30.914001,,14946fc4-fe78-4e90-bb46-31f4d1b471a6
Global Energy Company GEC,,تصنيع وإنتاج هندسي عام ومعدات,المنطقة الصناعية الثانية (6 أكتوبر),مصنع جديد تماماً (حصري),—,+201064969121,http://www.gec-egy.com/,الكيلو 26 طريق اسكندريه الصحراوي/ ابو رواش,"https://www.google.com/maps?q=29.939798,30.914001",29.939798,30.914001,commercial_industrial,fe190474-6a3a-44a7-a17b-99bf5bee19e4
الفا تك ALFA Tech,,تصنيع وإنتاج هندسي عام ومعدات,المنطقة الصناعية الثانية (6 أكتوبر),مصنع جديد تماماً (حصري),—,+201014448937,http://www.alfatech-eg.net/,"CPC Industrial Park, Northern Ext. Industrial Area 4, Block 2, 3rd floor.","https://www.google.com/maps?q=29.939798,30.914001",29.939798,30.914001,industrial_equipment,ebc14e40-af90-4d29-a509-b6c5db0f6a27
كرتون اون لاين,,تعبئة وتغليف وكرتون وطباعة,المنطقة الصناعية الأولى (6 أكتوبر),مصنع جديد تماماً (حصري),—,+201064097786,—,6 اكتوبر الحصري ,"https://www.google.com/maps?q=29.940031,30.914099",29.940031,30.914099,,c36303cf-9d9c-41f2-9668-cd44adb8bac2
مصنع النجمة لتشغيل المعادن,,غزل ونسيج وملابس جاهزة,المنطقة الصناعية الثانية (6 أكتوبر),مصنع جديد تماماً (حصري),—,+201027476075,—,المنطقة الصناعية الثانيه - قطعه رقم 120,"https://www.google.com/maps?q=29.939913,30.914112",29.939913,30.914112,industrial_equipment,da7a0ce9-8f6d-4809-b887-a3b6ceafb9b0
عطارة الجابرى,,صناعات غذائية ومشروبات ومطاحن,المنطقة الصناعية الأولى (6 أكتوبر),مصنع جديد تماماً (حصري),—,+201146357145,—,شارع احمد لطفي السيد،6اكتوبر،قسم,"https://www.google.com/maps?q=29.941597,30.914165",29.941597,30.914165,specialty_foods,55bcd5d7-f6bb-444b-b4aa-2db06583172e
EGAT - Egyptian German Air Treatment Company,,تصنيع وإنتاج هندسي عام ومعدات,المنطقة الصناعية الثانية (6 أكتوبر),مصنع جديد تماماً (حصري),—,+20238202626,http://www.EGATGROUP.com/,المنطقة الصناعية الثانية,"https://www.google.com/maps?q=29.914059,30.914351",29.914059,30.914351,hvac_services,2ab10707-0de5-4e6f-bd3d-645a98db3211
مخزن محجوب للسيراميك والبورسلين (٣),,مواد بناء ورخام وسيراميك وخرسانة جاهزة,المنطقة الصناعية الثانية (6 أكتوبر),مصنع جديد تماماً (حصري),—,01110076057,https://www.mahgoub.com/,"29.8963967,30.8840318","https://www.google.com/maps?q=29.910437,30.915058",29.910437,30.915058,warehouses,c0ca88fb-b792-466f-855e-718bc86080ac
شركة البركان لتصنيع الأوميالين,,صناعات سيارات وشاحنات ومركبات تجارية,المنطقة الصناعية الثانية (6 أكتوبر),مصنع جديد تماماً (حصري),—,+201066609494,—,قطعة 245 الاولى,"https://www.google.com/maps?q=29.920286,30.914988",29.920286,30.914988,business_manufacturing_and_supply,ca4377ea-eef8-4f2d-8987-f926b1a6366b
Comex Industrial-كومكس الصناعية,,تصنيع وإنتاج هندسي عام ومعدات,المنطقة الصناعية الثانية (6 أكتوبر),مصنع جديد تماماً (حصري),—,+2019957,https://www.comex.com.eg/,1st industrial zone-,"https://www.google.com/maps?q=29.915483,30.915432",29.915483,30.915432,industrial_company,0a1c35dd-e767-4097-bb3f-1909a293fb3d
Ayoub Pack,,تصنيع وإنتاج هندسي عام ومعدات,المنطقة الصناعية الثانية (6 أكتوبر),مصنع جديد تماماً (حصري),—,+201111506495,—,bloaries,"https://www.google.com/maps?q=29.919147,30.915354",29.919147,30.915354,industrial_company,5ea0a459-baed-48f8-893b-313424cb263d
Khater consturction,,تصنيع وإنتاج هندسي عام ومعدات,المنطقة الصناعية الأولى (6 أكتوبر),مصنع جديد تماماً (حصري),—,+201010610497,http://WWW.KHTERCONSTURCTION.net/,فينوس مول قسم ثان ٦ اكتوبر محافظه الجيزه,"https://www.google.com/maps?q=29.946589,30.915173",29.946589,30.915173,construction_services,ee37dcf1-b05f-4a92-8d3f-2063bdc01cfd
دياموند لأجهزة ومعدات ورش و مراكز صيانة السيارات,,صناعات سيارات وشاحنات ومركبات تجارية,المنطقة الصناعية الأولى (6 أكتوبر),مصنع جديد تماماً (حصري),—,+201018828219,https://www.diamondegypt.com/,  شارع 2 متفرع من شارع الخزان فيلا 36د,"https://www.google.com/maps?q=29.950321,30.915091",29.950321,30.915091,,1d20ae7e-aa94-4b77-9272-f094ea4e47a7
Apex Constructions and Decoration,,تصنيع وإنتاج هندسي عام ومعدات,المنطقة الصناعية الأولى (6 أكتوبر),مصنع جديد تماماً (حصري),—,+201006101500,—,الحي الحادي عشر- المجاوره الرابعه - المحور المركزي - عمارة 30 امام مدينة الثقافة والعلوم,"https://www.google.com/maps?q=29.957521,30.915113",29.957521,30.915113,construction_services,ae8efa37-0ed5-467a-9c3e-964b53e3ed94
البحقيري لقطع غيار السيارات,,صناعات سيارات وشاحنات ومركبات تجارية,المنطقة الصناعية الأولى (6 أكتوبر),مصنع جديد تماماً (حصري),—,+201019993510,http://www.elbahkery.com/,السادس من اكتوبر,"https://www.google.com/maps?q=29.94721,30.914946",29.94721,30.914946,automotive_repair,f6e7c36f-4114-4821-8389-4526fc04a3e6
Vision Kitchen ڤـيـجـن للـمطـابـخ,,تصنيع وإنتاج هندسي عام ومعدات,المنطقة الصناعية الأولى (6 أكتوبر),مصنع جديد تماماً (حصري),—,+201069020028,—,📍 6th of October – Central Axis – District 5 – Opposite Cairo Medical Center,"https://www.google.com/maps?q=29.947531,30.914864",29.947531,30.914864,contractor,6efdd0ab-e40b-4b5a-b9f5-12f1f048d4dd
شركة الهندسية جروب لطلمبات الأعماق والتوريدات العمومية,,تصنيع وإنتاج هندسي عام ومعدات,المنطقة الصناعية الأولى (6 أكتوبر),مصنع جديد تماماً (حصري),—,+201111160590,http://www.alhndasiya-group.com/,الرهاوي ,"https://www.google.com/maps?q=29.947649,30.914742",29.947649,30.914742,solar_installation,e6bc9bee-f259-4953-a071-3520e6fac920
الحي العاشر مدينة 6 اكتوبر,,صناعات سيارات وشاحنات ومركبات تجارية,المنطقة الصناعية الأولى (6 أكتوبر),مصنع جديد تماماً (حصري),—,—,—,74 El-Tahrir Rd,"https://www.google.com/maps?q=29.964342,30.914776",29.964342,30.914776,business_manufacturing_and_supply,66ed7039-d506-4cae-a54c-e4a836dbb13d
كذا ميزا إكسسوارات سيارات,,صناعات سيارات وشاحنات ومركبات تجارية,المنطقة الصناعية الأولى (6 أكتوبر),مصنع جديد تماماً (حصري),—,+201112727261,—,"44 The Future St - Al Bashaer, الظهير الصحراوى لمحافظة الجيزة،","https://www.google.com/maps?q=29.968433,30.914827",29.968433,30.914827,auto_parts_and_supply_store,bf65fa16-c9cb-434b-bbb4-15c6acf8899f
EG Masr Group - مجموعة ايچي مصر,,تصنيع وإنتاج هندسي عام ومعدات,المنطقة الصناعية الأولى (6 أكتوبر),مصنع جديد تماماً (حصري),—,+201111305955,https://sites.google.com/view/eg-masr-group,ميدان الحصري مول الأمريكية الدور السابع مكتب ١,"https://www.google.com/maps?q=29.963116,30.914778",29.963116,30.914778,real_estate_agent,c6ddfc9a-6c0b-42bc-8fd8-e4335ee56fae
Flash Car,,صناعات سيارات وشاحنات ومركبات تجارية,المنطقة الصناعية الأولى (6 أكتوبر),مصنع جديد تماماً (حصري),—,+201111212881,—,السادس من اكتوبر,"https://www.google.com/maps?q=29.968121,30.914961",29.968121,30.914961,automotive_repair,c606ee34-9cd6-4588-850a-fa5dadec322d
الخبير للرخام والجرانيت ,,مواد بناء ورخام وسيراميك وخرسانة جاهزة,المنطقة الصناعية الأولى (6 أكتوبر),مصنع جديد تماماً (حصري),—,+201095968815,—, المحور المركزي/ مول الصفوه بلازا/خلف بنك الاسكان و التعمير ,"https://www.google.com/maps?q=29.978811,30.914839",29.978811,30.914839,,d14851b8-ce0c-453c-8f76-1ada29c6f728
Auto service club,,صناعات سيارات وشاحنات ومركبات تجارية,المنطقة الصناعية الأولى (6 أكتوبر),مصنع جديد تماماً (حصري),—,+201154500733,—,1771 شارع عبدالسلام امين الحي الرابع ,"https://www.google.com/maps?q=29.97533,30.914694",29.97533,30.914694,automotive_repair,1e7a33ff-e45e-4dca-8c9e-2c057e82b80c
Quattro VW car service,,صناعات سيارات وشاحنات ومركبات تجارية,المنطقة الصناعية الأولى (6 أكتوبر),مصنع جديد تماماً (حصري),—,+201007500751,—,Gamal abd el naser st,"https://www.google.com/maps?q=29.968513,30.915272",29.968513,30.915272,automotive_repair,8612163a-2d4a-43f0-8c6e-af2bf98dc52a
Ultra Construction Group Co,,صناعات سيارات وشاحنات ومركبات تجارية,المنطقة الصناعية الأولى (6 أكتوبر),مصنع جديد تماماً (حصري),—,+201010460230,https://ultra-construction.com/,المحور المركزى ابراج ستى استار,"https://www.google.com/maps?q=29.97566,30.916065",29.97566,30.916065,industrial_company,f6cd4d18-3984-4d2f-b511-492da4a00e4d
Master Build,,تصنيع وإنتاج هندسي عام ومعدات,المنطقة الصناعية الأولى (6 أكتوبر),مصنع جديد تماماً (حصري),—,+201143333503,http://masterbuildgp.com/,"Vodafone Square, 211 Ard Almazad Rd","https://www.google.com/maps?q=29.952528,30.915812",29.952528,30.915812,interior_design,b657a838-2356-438d-8d4a-bfe6890786d8
المصرية الدنماركية للصناعات الهندسية,,تصنيع وإنتاج هندسي عام ومعدات,المنطقة الصناعية الأولى (6 أكتوبر),مصنع جديد تماماً (حصري),—,+201010915094,—,"near 17 Street, Sixth of October, Giza, Egypt","https://www.google.com/maps?q=29.959881,30.915716",29.959881,30.915716,industrial_company,5db1c0ab-fd92-4fa6-9ea4-5725c4d449ec
Vertex innovation & interior design,,تصنيع وإنتاج هندسي عام ومعدات,المنطقة الصناعية الأولى (6 أكتوبر),مصنع جديد تماماً (حصري),—,+201001071336,http://www.vertex-eng.co/,"193, Side Al Markazy Axis","https://www.google.com/maps?q=29.953037,30.915495",29.953037,30.915495,engineering_services,c4a4f4ee-29d3-4e66-b117-32e5842ec0da
تو ام جي لصيانه السيارات - 2MG Auot Services,,صناعات سيارات وشاحنات ومركبات تجارية,المنطقة الصناعية الثانية (6 أكتوبر),مصنع جديد تماماً (حصري),—,+201112323985,—,المنطقه الصناعيه الاولي - قطعه (أ) 329,"https://www.google.com/maps?q=29.914045,30.916441",29.914045,30.916441,automotive_repair,33780a39-8ace-4c4b-bf01-3243c0147dd9
مصنع مصر لصناعة الصناديق البلاستيكية,,صناعات بلاستيكية ومطاطية ومواسير,المنطقة الصناعية الثانية (6 أكتوبر),مصنع جديد تماماً (حصري),—,+201110370064,—,السادس من اكتوبر,"https://www.google.com/maps?q=29.917585,30.916706",29.917585,30.916706,industrial_company,33af3b4e-9cf7-4468-9229-0886a6dc596c
Auto gean service center,,صناعات سيارات وشاحنات ومركبات تجارية,المنطقة الصناعية الثانية (6 أكتوبر),مصنع جديد تماماً (حصري),—,+201032996677,http://www.autogencenter.com/,6 No. 6 - 1,"https://www.google.com/maps?q=29.92061,30.916924",29.92061,30.916924,automotive_repair,1c01da18-ea52-4444-9956-5584674becbf
رينو الشرقاوي,,صناعات سيارات وشاحنات ومركبات تجارية,المنطقة الصناعية الثانية (6 أكتوبر),مصنع جديد تماماً (حصري),—,+201032996677,—,Street 6,"https://www.google.com/maps?q=29.920673,30.916889",29.920673,30.916889,automotive_repair,0a6351cf-4810-4a37-8fd0-8985b3cbe12b
مجموعة شركات دواجن الوطنية,,تصنيع وإنتاج هندسي عام ومعدات,المنطقة الصناعية الأولى (6 أكتوبر),مصنع جديد تماماً (حصري),—,+2016006,—,"22 Zone A - B102 - Smart Village - Cairo Alex Desert Road - Giza - Egypt Giza, Giza Governorate, Egypt 12577","https://www.google.com/maps?q=29.958054,30.916885",29.958054,30.916885,professional_services,c7dc186b-bb43-47f8-837e-fab48ce49075
شركة أصول للإستثمار والتسويق العقارى,,تصنيع وإنتاج هندسي عام ومعدات,المنطقة الصناعية الأولى (6 أكتوبر),مصنع جديد تماماً (حصري),—,+201027990918,http://www.aqaryaamasr.com,سيتى ستار,"https://www.google.com/maps?q=29.958279,30.916891",29.958279,30.916891,real_estate_service,d6271796-2440-4041-9762-00800c725ddb
Sites,,تصنيع وإنتاج هندسي عام ومعدات,المنطقة الصناعية الأولى (6 أكتوبر),مصنع جديد تماماً (حصري),—,+201099522557,https://www.behance.net/sites_company,"City Star Mall, building 2, Al Mehwar Al Markazi","https://www.google.com/maps?q=29.958019,30.916842",29.958019,30.916842,construction_services,877653fb-d1d8-4329-be71-2f13ded078da
Integra,,كيماويات وبتروكيماويات ودهانات وزيوت,المنطقة الصناعية الأولى (6 أكتوبر),مصنع جديد تماماً (حصري),—,+201101644661,—,No.4 6,"https://www.google.com/maps?q=29.950836,30.916571",29.950836,30.916571,oil_change_station,b5f5e51a-650d-4f1f-b36f-d7349e3fc7e2
الشركة العقارية للاستثمار والتشييد والبناء,,تصنيع وإنتاج هندسي عام ومعدات,المنطقة الصناعية الأولى (6 أكتوبر),مصنع جديد تماماً (حصري),—,+201144796971,—,65 المحور المركزي، قسم أول 6 أكتوبر، اول 6 أكتوبر،، المحور المركزي، الجيزة،,"https://www.google.com/maps?q=29.953529,30.916422",29.953529,30.916422,real_estate_agent,acbee4ed-1a46-4680-8439-21169f385b82
شركة المطور للتطوير العقاري,,تصنيع وإنتاج هندسي عام ومعدات,المنطقة الصناعية الأولى (6 أكتوبر),مصنع جديد تماماً (حصري),—,+201050899490,—,"امام استاد كرة اليد, 64 د, ميدان فودافون, Al Mehwar Al Markazi","https://www.google.com/maps?q=29.953453,30.916405",29.953453,30.916405,home_developer,397ad3c5-8d1f-4c6b-b3de-c359e2a5f8a1
ARABIAN COMPANY For PEUGEOT-CITROEN-DS,,صناعات سيارات وشاحنات ومركبات تجارية,المنطقة الصناعية الأولى (6 أكتوبر),مصنع جديد تماماً (حصري),—,+1202222944,—,104 Street 6,"https://www.google.com/maps?q=29.949291,30.916531",29.949291,30.916531,automotive_repair,22ea42d6-cfba-483b-8878-78bc590e9aa1
G.Auto,,صناعات سيارات وشاحنات ومركبات تجارية,المنطقة الصناعية الأولى (6 أكتوبر),مصنع جديد تماماً (حصري),—,+201101421112,—,وصله دهشور ,"https://www.google.com/maps?q=29.953547,30.916199",29.953547,30.916199,car_dealer,b0a79f79-6cca-4f2d-b85b-5d05fba863ec
MR Auto معرض سيارات,,صناعات سيارات وشاحنات ومركبات تجارية,المنطقة الصناعية الأولى (6 أكتوبر),مصنع جديد تماماً (حصري),—,+201040002556,—,"فودافون امام مجمع صالات حسن مصطفي لكره اليد والالعاب الرياضية, ٦٤ Al Mehwar Al Markazi","https://www.google.com/maps?q=29.9534,30.916227",29.9534,30.916227,car_dealer,f59208c3-6304-424c-adad-4ea6ffccb4d5
خضروات وفواكة أولاد العم اكتوبر,,صناعات غذائية ومشروبات ومطاحن,المنطقة الصناعية الأولى (6 أكتوبر),مصنع جديد تماماً (حصري),—,+201014629060,https://maps.app.goo.gl/4xQo74e8bBWU8bG8A?g_st=ac,أكتوبر _ محور جمال عبدالناصر _ ممشى اسكوير وان _ امام جزارة خيرات بلدنا ,"https://www.google.com/maps?q=29.970118,30.916981",29.970118,30.916981,grocery_store,62fb8f98-a4c5-4728-8dc3-c0960b850215
M3 Service Center,,صناعات سيارات وشاحنات ومركبات تجارية,المنطقة الصناعية الأولى (6 أكتوبر),مصنع جديد تماماً (حصري),—,+201150883117,—,السادس من اكتوبر,"https://www.google.com/maps?q=29.960239,30.917664",29.960239,30.917664,automotive_repair,88ed2bef-347f-4d34-84b5-4f443b0cd2de
Dr.engine,,صناعات سيارات وشاحنات ومركبات تجارية,المنطقة الصناعية الأولى (6 أكتوبر),مصنع جديد تماماً (حصري),—,+201225322638,—,"امام كايرو ميديكال سنتر, Al Mehwar Al Markazi","https://www.google.com/maps?q=29.95451,30.917677",29.95451,30.917677,automotive_repair,44e35803-39b3-4570-a342-53bdb5864e31
Value Trading and Contracting,,تصنيع وإنتاج هندسي عام ومعدات,المنطقة الصناعية الأولى (6 أكتوبر),مصنع جديد تماماً (حصري),—,+201220155585,http://www.valueegypt.net/,1 شارع المركزى,"https://www.google.com/maps?q=29.957642,30.917616",29.957642,30.917616,contractor,a8ad8cd1-fe34-47c8-bdcb-b2bdd5b5e3e0
افكو مصر للاسمدة والكيماويات,,كيماويات وبتروكيماويات ودهانات وزيوت,المنطقة الصناعية الأولى (6 أكتوبر),مصنع جديد تماماً (حصري),—,+201004999673,https://afcoo.com/,"ابراج سيتي ستار, برج 4, No. 8","https://www.google.com/maps?q=29.958035,30.917576",29.958035,30.917576,agricultural_service,c6fbf2b7-3f05-4e99-b19e-ac7d44bac4e2
ونش انقاذ سيارات الجيزه والقاهره واكتوبر باقل الاسعار,,صناعات سيارات وشاحنات ومركبات تجارية,المنطقة الصناعية الأولى (6 أكتوبر),مصنع جديد تماماً (حصري),—,+201150066097,https://www.facebook.com/profile.php?id=100081303952096&mibextid=ZbWKwL,ميدان لبنان ,"https://www.google.com/maps?q=29.948706,30.917341",29.948706,30.917341,automotive_repair,f7065478-cc5f-4584-ba1d-c76b8c97208f
Elish auto group,,صناعات سيارات وشاحنات ومركبات تجارية,المنطقة الصناعية الأولى (6 أكتوبر),مصنع جديد تماماً (حصري),—,+201559731913,https://elishautogroup.com/,ابراج سيتي ستار، برج 1 قطعة 3، 49 Al Mehwar Al Markazi,"https://www.google.com/maps?q=29.957191,30.917276",29.957191,30.917276,car_dealer,5d81ecff-5303-490d-81fb-075cda4911f0
سيفتي لايف للتجارة والتوريدات,,تصنيع وإنتاج هندسي عام ومعدات,المنطقة الصناعية الأولى (6 أكتوبر),مصنع جديد تماماً (حصري),—,+201117772155,—,السادس من اكتوبر,"https://www.google.com/maps?q=29.959221,30.917217",29.959221,30.917217,occupational_safety,8c79cc56-6afe-4c51-acac-e1a4aecafe03
AMEC GROUP,,صناعات كهربائية وكابلات والكترونيات,المنطقة الصناعية الأولى (6 أكتوبر),مصنع جديد تماماً (حصري),—,+201021020008,http://www.ameceg.com/,159 شارع 6,"https://www.google.com/maps?q=29.958174,30.917196",29.958174,30.917196,electric_utility_provider,b72ff88c-6c44-4453-9ada-e10ee9bcf8a4
DigiTech,,صناعات سيارات وشاحنات ومركبات تجارية,المنطقة الصناعية الأولى (6 أكتوبر),مصنع جديد تماماً (حصري),—,+201140117246,http://digitechegy.tech/,المحور المركزي - الحي الـ 11 - مدينة 6 اكتوبر Giza,"https://www.google.com/maps?q=29.959297,30.917103",29.959297,30.917103,marketing_agency,c4ed80cd-0978-439d-8841-4b6126b9bd02
مجموعة شركات Ahs المستشار الاقتصادي ايمن حامد سليمان,,تصنيع وإنتاج هندسي عام ومعدات,المنطقة الصناعية الأولى (6 أكتوبر),مصنع جديد تماماً (حصري),—,+201101926655,http://www.ahs-group.net/,ابراج سيتي ستارز اكتوبر برج رقم 2 الدور الرابع السادس من اكتوبر الجيزه,"https://www.google.com/maps?q=29.958029,30.917055",29.958029,30.917055,investing,3f983aab-d04b-4ec1-a089-935cf499e375
كومكس الصناعية-Comex Industrial,,تصنيع وإنتاج هندسي عام ومعدات,المنطقة الصناعية الأولى (6 أكتوبر),مصنع جديد تماماً (حصري),—,+201002103146,https://www.comex.com.eg/," 1st industrial zone- Giza, Giza Governorate, Egypt 12573","https://www.google.com/maps?q=29.957335,30.917023",29.957335,30.917023,industrial_company,d0559907-4662-4a7b-83f5-0bc8635fe249
Convest - كونفيست,,تصنيع وإنتاج هندسي عام ومعدات,المنطقة الصناعية الأولى (6 أكتوبر),مصنع جديد تماماً (حصري),—,+201098996407,—,6 المحور المركزي,"https://www.google.com/maps?q=29.958403,30.917004",29.958403,30.917004,construction_services,88d53399-b4de-4742-a8a9-59b2cc9baf54
عيد الحداد,,غزل ونسيج وملابس جاهزة,المنطقة الصناعية الثانية (6 أكتوبر),مصنع جديد تماماً (حصري),—,+201113348775,—,Zayed,"https://www.google.com/maps?q=29.938093,30.917145",29.938093,30.917145,metal_supplier,629fcf83-819a-4d6c-84e1-97b4b8a1e548
Healthy Degla palms,,صناعات غذائية ومشروبات ومطاحن,المنطقة الصناعية الثالثة (6 أكتوبر),مصنع جديد تماماً (حصري),—,+201120250606,—,بجوار صيدلية الشهابي، مول رقم ٥، كمبوند، المحل علي الواجهة الرئيسية، دجلة بالمز,"https://www.google.com/maps?q=29.883148,30.918663",29.883148,30.918663,health_food_store,9cb5f556-1b01-4f27-9255-b567218863a5
Global Pharmaceutical Industries,,أدوية ومستحضرات تجميل ومستلزمات طبية,المنطقة الصناعية الثانية (6 أكتوبر),مصنع جديد تماماً (حصري),—,+20238164730,www.globalnapi.com,المنطقة الصناعية الثانية,"https://www.google.com/maps?q=29.912546,30.919006",29.912546,30.919006,health_and_medical,4d77e4ef-731e-4d4f-a271-2f1c3d93a2e6
Stampa,,صناعات سيارات وشاحنات ومركبات تجارية,المنطقة الصناعية الأولى (6 أكتوبر),مصنع جديد تماماً (حصري),—,+201000636983,http://stampa-dps.com/,"6 October, Central Axis, , 2nd District ,Abazeya Mall, Office 23, 3rd floor ","https://www.google.com/maps?q=29.952854,30.918272",29.952854,30.918272,printing_services,49c8c226-4355-4761-aec2-a5eb341a68de
ونش رفع الاثاث في 6أكتوبر,,نقل بري ولوجستيات وتخزين وأساطيل,المنطقة الصناعية الأولى (6 أكتوبر),مصنع جديد تماماً (حصري),—,+201151979497,https://elyousrtransport.com/,"الحي الثالث . 6 أكتوبر , محافظ الجيزة ","https://www.google.com/maps?q=29.951929,30.918344",29.951929,30.918344,movers,88e5f52e-0096-4c39-a34c-fe177c540ad4
French Club Service Center,,صناعات سيارات وشاحنات ومركبات تجارية,المنطقة الصناعية الأولى (6 أكتوبر),مصنع جديد تماماً (حصري),—,+201000100805,—,مول فايف ستارز خلف كنتاكي,"https://www.google.com/maps?q=29.958,30.918409",29.958,30.918409,automotive_repair,ffe1d197-7705-4cd0-93b0-80b852fcba3c
Insha Engineering Industries,,تصنيع وإنتاج هندسي عام ومعدات,المنطقة الصناعية الأولى (6 أكتوبر),مصنع جديد تماماً (حصري),—,+201023419888,http://www.Inshaei.com/,E Square-Industrial Park,"https://www.google.com/maps?q=29.959101,30.918272",29.959101,30.918272,industrial_company,a05c27dd-20ea-4232-8b13-45e27a585320
7 Cylinders Service Center,,صناعات سيارات وشاحنات ومركبات تجارية,المنطقة الصناعية الأولى (6 أكتوبر),مصنع جديد تماماً (حصري),—,+201206866667,—,"خلف فودافون, Tower 4, City Stars Towers, ElMehwar El Markzi برج 4 ، ابراج سيتي ستارز،, Al Mehwar Al Markazi","https://www.google.com/maps?q=29.957781,30.918074",29.957781,30.918074,automotive_repair,4a78974e-ead9-4ebd-bdae-a48d77d0c779
المؤسسة الدولية للكلادينج السعودي - السعيد بانل,,مواد بناء ورخام وسيراميك وخرسانة جاهزة,المنطقة الصناعية الأولى (6 أكتوبر),مصنع جديد تماماً (حصري),—,+201555255511,http://www.al-saeedpanel.com/,الإدارة : مدينة 6 أكتوبر : الحي العاشر - المحور المركزي ستي ستار برج 7 الدور 3 مكتب رقم 6 ,"https://www.google.com/maps?q=29.958776,30.918062",29.958776,30.918062,glass_manufacturer,48a9e434-7ab2-4746-8ec1-cbf8351d5595
Agro paradise,,تصنيع وإنتاج هندسي عام ومعدات,المنطقة الصناعية الأولى (6 أكتوبر),مصنع جديد تماماً (حصري),—,+201033800644,—,أبراج ستي ستارز المحور المركزي,"https://www.google.com/maps?q=29.958471,30.917944",29.958471,30.917944,industrial_company,ae153aac-13a7-439d-b744-1c9b4c2bd05a
Car Town,,صناعات سيارات وشاحنات ومركبات تجارية,المنطقة الصناعية الأولى (6 أكتوبر),مصنع جديد تماماً (حصري),—,+201017660606,—,٦ اكتوبر- المحور الخدمي - أبراج سيتي ستارز- مركز اوتو وان & كار تاون ,"https://www.google.com/maps?q=29.957413,30.917894",29.957413,30.917894,auto_parts_and_supply_store,0617275f-d3e9-4d4f-b229-0c84bcecbff3
مصوغات الإسراء للذهب الجديد و المستعمل,,تصنيع وإنتاج هندسي عام ومعدات,المنطقة الصناعية الأولى (6 أكتوبر),مصنع جديد تماماً (حصري),—,+201021562363,—,on line,"https://www.google.com/maps?q=29.94268,30.917982",29.94268,30.917982,jewelry_and_watches_manufacturer,e70b774d-ac6f-41af-b9b2-4059a071d72a
Sira Egypt,,صناعات كهربائية وكابلات والكترونيات,المنطقة الصناعية الأولى (6 أكتوبر),مصنع جديد تماماً (حصري),—,+201122477606,https://www.siraegypt.com/,new cairo,"https://www.google.com/maps?q=29.940722,30.918028",29.940722,30.918028,electronics,57aebc71-b51a-4da3-a691-48a88e92c58f
هانى نوفل مؤسسة قاصد كريم للبطاريات,,نقل بري ولوجستيات وتخزين وأساطيل,المنطقة الصناعية الأولى (6 أكتوبر),مصنع جديد تماماً (حصري),—,+201112025249,https://maps.app.goo.gl/XK7bvSYmkF6cPBTC8?g_st=aw, هانى نوفل مؤسسه قاصد كريم للبطاريات\n,"https://www.google.com/maps?q=29.942715,30.917772",29.942715,30.917772,transportation,0f5a6b37-9578-49d4-aa41-a34f1e3f17d9
ChopShop Parts Egypt,,صناعات سيارات وشاحنات ومركبات تجارية,المنطقة الصناعية الأولى (6 أكتوبر),مصنع جديد تماماً (حصري),—,+201011230718,—,رقم 12، قسم أول 6 أكتوبر، اول 6 أكتوبر,"https://www.google.com/maps?q=29.951708,30.917789",29.951708,30.917789,auto_parts_and_supply_store,606c62eb-6ba8-4a7d-8370-3d63c0ae05d2
City Stars Towers Mall October,,تصنيع وإنتاج هندسي عام ومعدات,المنطقة الصناعية الأولى (6 أكتوبر),مصنع جديد تماماً (حصري),—,+201125880990,—,مول سيتي ستار، برج ٣، المحور الخدمي,"https://www.google.com/maps?q=29.958298,30.917744",29.958298,30.917744,professional_services,50942556-0a0f-4364-b90b-bf1ede6756a7
اسلام زوايا,,صناعات سيارات وشاحنات ومركبات تجارية,المنطقة الصناعية الأولى (6 أكتوبر),مصنع جديد تماماً (حصري),—,+201111633876,—,El-Tahrir Rd,"https://www.google.com/maps?q=29.966747,30.918854",29.966747,30.918854,automotive_repair,9955f5d7-f233-4d28-8955-23b5d790240c
Exit Car Care,,صناعات سيارات وشاحنات ومركبات تجارية,المنطقة الصناعية الأولى (6 أكتوبر),مصنع جديد تماماً (حصري),—,+201016282828,https://wa.me/201016282828,"الحي العاشر_سيتي ستار_برج 5،, قسم أول 6 أكتوبر، اول 6 أكتوبر","https://www.google.com/maps?q=29.958261,30.918989",29.958261,30.918989,automotive_repair,dfeccc63-2a30-4afb-8b07-4e5e6b68a854
الجوكر لقطع غيار السيارات,,صناعات سيارات وشاحنات ومركبات تجارية,المنطقة الصناعية الأولى (6 أكتوبر),مصنع جديد تماماً (حصري),—,+201023437953,—,سنتر وادي الملوك في الجانب الخلفى,"https://www.google.com/maps?q=29.942232,30.919102",29.942232,30.919102,auto_parts_and_supply_store,bd9561bc-821f-4cec-bbc2-27dee882158e
I System,,تصنيع وإنتاج هندسي عام ومعدات,المنطقة الصناعية الأولى (6 أكتوبر),مصنع جديد تماماً (حصري),—,+201272302226,http://isys-eg.com/,مدينة 6 اكتوبر حي خامس مجاورة 6 عقد تاني شارع 31 مبني 1121,"https://www.google.com/maps?q=29.94599,30.919081",29.94599,30.919081,contractor,3be137c1-55e7-4ce7-8ff4-3dac7775297a
OIL Station,,كيماويات وبتروكيماويات ودهانات وزيوت,المنطقة الصناعية الأولى (6 أكتوبر),مصنع جديد تماماً (حصري),—,+201001951913,https://oilstation.business.site/,ابراج سيتي ستار,"https://www.google.com/maps?q=29.958555,30.918943",29.958555,30.918943,oil_change_station,c165b143-6a3b-4b6d-91dc-766f71755a79
Ford Clinic,,صناعات سيارات وشاحنات ومركبات تجارية,المنطقة الصناعية الأولى (6 أكتوبر),مصنع جديد تماماً (حصري),—,+201146304978,http://www.fordclinic.online/,Unnamed Road,"https://www.google.com/maps?q=29.958601,30.918892",29.958601,30.918892,automotive_repair,84bf0083-e286-442f-9ab2-46ee1468f947
Speed Service,,صناعات سيارات وشاحنات ومركبات تجارية,المنطقة الصناعية الأولى (6 أكتوبر),مصنع جديد تماماً (حصري),—,+201289416464,—,Unnamed Road,"https://www.google.com/maps?q=29.958578,30.918863",29.958578,30.918863,automotive_repair,de4d0a7d-7d61-454b-ac79-d00a1081c5ba
Mr. Light,,صناعات سيارات وشاحنات ومركبات تجارية,المنطقة الصناعية الأولى (6 أكتوبر),مصنع جديد تماماً (حصري),—,+201006688710,—,سيتي ستار,"https://www.google.com/maps?q=29.958908,30.918753",29.958908,30.918753,automotive_repair,7623811a-8316-4291-8ed0-6853a62804c3
Wadi Al Nakhil for Wood Industries,,تصنيع وإنتاج هندسي عام ومعدات,المنطقة الصناعية الأولى (6 أكتوبر),مصنع جديد تماماً (حصري),—,+201111865111,https://wadielnakheel-eg.com/,139H Al Mehwar Al Markazi,"https://www.google.com/maps?q=29.955065,30.918718",29.955065,30.918718,furniture_store,6f10313c-3d6a-4570-8aec-9d015cabd0b8
المهندس لقطع غيار السيارات المستعملة,,صناعات سيارات وشاحنات ومركبات تجارية,المنطقة الصناعية الأولى (6 أكتوبر),مصنع جديد تماماً (حصري),—,+201008843131,https://auto-parts-market-604.business.site/#summary,خلف مول وادي الملوك، من، محور الكفراوي,"https://www.google.com/maps?q=29.942989,30.918703",29.942989,30.918703,auto_parts_and_supply_store,f729130b-9046-464f-be2a-8593dcbfde89
Elnaggar Constructing company,,تصنيع وإنتاج هندسي عام ومعدات,المنطقة الصناعية الأولى (6 أكتوبر),مصنع جديد تماماً (حصري),—,+201091113438,http://www.elnaggarconstructing.com/,محور الكفراوي - فيلا ١٨١هـ - الدور الأرضي,"https://www.google.com/maps?q=29.945961,30.918774",29.945961,30.918774,construction_services,c1e126bb-b319-4465-87ba-bfa3976f8b15
شركة الريان للاستثمار والتسويق العقارى,,تصنيع وإنتاج هندسي عام ومعدات,المنطقة الصناعية الثانية (6 أكتوبر),مصنع جديد تماماً (حصري),—,—,—,"مدينة 6اكتوبر ،الحي السادس ،جنوب الاحياء،إسكان الشباب 63م، عماره4ط مكتب رقم 3,,","https://www.google.com/maps?q=29.928543,30.919075",29.928543,30.919075,,006dbbf5-d1d8-4a54-821d-3e6ee82cc014
Helmy October Service Center,,صناعات سيارات وشاحنات ومركبات تجارية,المنطقة الصناعية الأولى (6 أكتوبر),مصنع جديد تماماً (حصري),—,+201006485618,—,الحي الخامس تقاطع شارع 19مع شارع 29  امام مسجد ناصر بن حمد,"https://www.google.com/maps?q=29.948145,30.919868",29.948145,30.919868,automotive_repair,dbdffbd2-2da9-4eda-9453-2750f337a04e
Alretaal - Interior & Architecture Design,,تصنيع وإنتاج هندسي عام ومعدات,المنطقة الصناعية الأولى (6 أكتوبر),مصنع جديد تماماً (حصري),—,—,—,331 شارع 12,"https://www.google.com/maps?q=29.953156,30.919506",29.953156,30.919506,interior_design,93e4eba1-d8c2-44b6-803e-6c2f6f2afbea
"Map Office for Decoration, Finishing, and Contracting",,تصنيع وإنتاج هندسي عام ومعدات,المنطقة الصناعية الأولى (6 أكتوبر),مصنع جديد تماماً (حصري),—,+201276338054,—,423 Street 13,"https://www.google.com/maps?q=29.953409,30.919506",29.953409,30.919506,construction_services,0dd9d4d0-f627-468e-82c7-6f3bb06f3f1a
khaled mohy - SEO specialist Freelancer office - خبير سيو,,صناعات سيارات وشاحنات ومركبات تجارية,المنطقة الصناعية الأولى (6 أكتوبر),مصنع جديد تماماً (حصري),—,01023231964,https://bit.ly/4aHABEj,quesm 1th,"https://www.google.com/maps?q=29.965992,30.919317",29.965992,30.919317,marketing_consultant,ab31c5e5-31d8-4c1f-82f7-2899dd116206
Oz,,صناعات سيارات وشاحنات ومركبات تجارية,المنطقة الصناعية الأولى (6 أكتوبر),مصنع جديد تماماً (حصري),—,+201097691901,—,33 Street 6,"https://www.google.com/maps?q=29.965975,30.919514",29.965975,30.919514,automotive_repair,2a485e24-9dce-4e8e-9129-d2bb7b554821
الملكة للمنتجات الألبان والمنتجات الغذائية والمنظفات,,صناعات غذائية ومشروبات ومطاحن,المنطقة الصناعية الأولى (6 أكتوبر),مصنع جديد تماماً (حصري),—,+201558688863,—,"الخدمي على شارع الرئيسى سنتر الفيروز ٢ المحل فى مدخل السنتر بجانب كنيسة العذراء ومول جلورى, Al Mehwar Al Markazi","https://www.google.com/maps?q=29.960133,30.920002",29.960133,30.920002,grocery_store,e6012529-5619-4eb0-aad1-da60623d19ca
Hyper Auto Service,,صناعات سيارات وشاحنات ومركبات تجارية,المنطقة الصناعية الأولى (6 أكتوبر),مصنع جديد تماماً (حصري),—,+201028296585,—,Gamal Abd Al Nassir Axis,"https://www.google.com/maps?q=29.972349,30.919945",29.972349,30.919945,automotive_repair,7623bec6-944e-4bf1-82d3-02533429f319
العربي للديكور و الحجر الهاشمي,,تصنيع وإنتاج هندسي عام ومعدات,المنطقة الصناعية الأولى (6 أكتوبر),مصنع جديد تماماً (حصري),—,+201025599555,https://www.elaraby-decor.com/,الحي 11,"https://www.google.com/maps?q=29.972429,30.920635",29.972429,30.920635,fence_and_gate_sales_service,ee5f6261-562c-4259-9058-d7b683c7e26f
النخبة للهندسة والتجارة,,تصنيع وإنتاج هندسي عام ومعدات,المنطقة الصناعية الأولى (6 أكتوبر),مصنع جديد تماماً (حصري),—,+201050880090,—,سنتر التعمير - محور جمال عبدالناصر- أمام كمباوند الديار - مدينة ٦ أكتوبر,"https://www.google.com/maps?q=29.972542,30.920504",29.972542,30.920504,hvac_services,e14974c9-6c0a-4ac9-94b8-9c1faac29925
X-Power Egypt,,صناعات سيارات وشاحنات ومركبات تجارية,المنطقة الصناعية الأولى (6 أكتوبر),مصنع جديد تماماً (حصري),—,+201062105956,—,Unnamed Road,"https://www.google.com/maps?q=29.959911,30.920435",29.959911,30.920435,automotive_repair,32b00b74-1a10-480f-b3bd-dfcbd9482419
AlGioshy Steel,,تصنيع وإنتاج هندسي عام ومعدات,المنطقة الصناعية الثانية (6 أكتوبر),مصنع جديد تماماً (حصري),—,+201061999010,http://www.algioshysteel.com/,AlWahat Road,"https://www.google.com/maps?q=29.910828,30.920528",29.910828,30.920528,industrial_company,c97de75a-44de-49ce-8183-992585d28d92
Zamil Steel,,غزل ونسيج وملابس جاهزة,المنطقة الصناعية الثانية (6 أكتوبر),مصنع جديد تماماً (حصري),—,+20238283333,www.zamilsteel.com,المنطقة الصناعية الخامسة,"https://www.google.com/maps?q=29.90716,30.919176",29.90716,30.919176,business_manufacturing_and_supply,3e164444-71bb-42ec-bc4d-c5a0fa7eb934
مطابع جريدة الاهرام,,صناعات سيارات وشاحنات ومركبات تجارية,المنطقة الصناعية الثانية (6 أكتوبر),مصنع جديد تماماً (حصري),—,—,—,السادس من اكتوبر,"https://www.google.com/maps?q=29.923601,30.920715",29.923601,30.920715,business_manufacturing_and_supply,82d8cc34-95b6-43b9-9879-8014d2054150
ماهر جلهوم,,صناعات سيارات وشاحنات ومركبات تجارية,المنطقة الصناعية الثانية (6 أكتوبر),مصنع جديد تماماً (حصري),—,+201120127024,—,الحي السادس السوق القديم سنتر الشباب,"https://www.google.com/maps?q=29.928558,30.920771",29.928558,30.920771,grocery_store,14558238-befa-4a1e-8b91-bc4d5e39172c
شركة الأندلس المصرية للاستثمار والتسويق العقاري وإدارة الممتلكات,,تصنيع وإنتاج هندسي عام ومعدات,المنطقة الصناعية الثانية (6 أكتوبر),مصنع جديد تماماً (حصري),—,+201122622443,https://www.instagram.com/ALANDALOSEGYPT/,ح6 جنوب الاحياء - السوق القديم - شباب مبارك - شارع مدرسة الفتح - عمارة 4ف,"https://www.google.com/maps?q=29.926973,30.920782",29.926973,30.920782,property_management,8b515310-ada4-4198-90a2-94329d47d49d
شركة الإيمان للتجارة والتوريدات,,تصنيع وإنتاج هندسي عام ومعدات,المنطقة الصناعية الثانية (6 أكتوبر),مصنع جديد تماماً (حصري),—,+201005686378,https://alemantrading.net/,مدينة أكتوبر مجمع علي الدين ليلة القدر بجوار السويدى ,"https://www.google.com/maps?q=29.935783,30.921104",29.935783,30.921104,commercial_industrial,3fb226a8-17ce-40df-9b1e-84ffd28e0119
Mavo,,صناعات سيارات وشاحنات ومركبات تجارية,المنطقة الصناعية الأولى (6 أكتوبر),مصنع جديد تماماً (حصري),—,+201008639628,http://wemavo.com/,Gamal Abd Al Nassir Axis sixth of October,"https://www.google.com/maps?q=29.942516,30.92128",29.942516,30.92128,web_designer,7d899f24-8b14-44f2-b46e-346f5a6bf015
Pyramids G.C,,تصنيع وإنتاج هندسي عام ومعدات,المنطقة الصناعية الأولى (6 أكتوبر),مصنع جديد تماماً (حصري),—,+201223500502,http://PWR4GC.com/,329 شارع الخزان ,"https://www.google.com/maps?q=29.955551,30.921394",29.955551,30.921394,contractor,d15206d1-eb7d-4631-b6ca-53f52106fe47
Creative Design لحلول التخزين والراكات,,تصنيع وإنتاج هندسي عام ومعدات,المنطقة الصناعية الأولى (6 أكتوبر),مصنع جديد تماماً (حصري),—,+201113808505,https://maps.app.goo.gl/WMkgbaCtThthShFp7,https://maps.app.goo.gl/WMkgbaCtThthShFp7,"https://www.google.com/maps?q=29.961218,30.920744",29.961218,30.920744,commercial_industrial,e70281e7-480f-4950-bab2-2066365eb0e1
بانيوكس - BaÑOx,,تصنيع وإنتاج هندسي عام ومعدات,المنطقة الصناعية الأولى (6 أكتوبر),مصنع جديد تماماً (حصري),—,+201000622411,https://banox-eg.com/,Glory mall ,"https://www.google.com/maps?q=29.960691,30.920792",29.960691,30.920792,industrial_company,73f09f54-34c7-4ec4-a153-17f2876fdea4
3Civil For General Contracting,,تصنيع وإنتاج هندسي عام ومعدات,المنطقة الصناعية الأولى (6 أكتوبر),مصنع جديد تماماً (حصري),—,+201556256888,https://3civil-for-general-contracting.business.site/,Unnamed Road,"https://www.google.com/maps?q=29.97193,30.921019",29.97193,30.921019,construction_services,1eb88f29-40d3-455a-ab93-52c2c34b493b
The Leader General Contractor,,تصنيع وإنتاج هندسي عام ومعدات,المنطقة الصناعية الأولى (6 أكتوبر),مصنع جديد تماماً (حصري),—,+201003999785,—,السادس من اكتوبر,"https://www.google.com/maps?q=29.972111,30.920853",29.972111,30.920853,contractor,a842b947-4668-488f-96f9-7a3c827897e8
Behalf Engineering Consultant,,تصنيع وإنتاج هندسي عام ومعدات,المنطقة الصناعية الأولى (6 أكتوبر),مصنع جديد تماماً (حصري),—,+201016307230,https://sites.google.com/view/behalfconsultant,6 OF OCTOBER CITY,"https://www.google.com/maps?q=29.97283,30.920822",29.97283,30.920822,architectural_designer,a8a69a73-f6d8-49f8-952e-a6a7a6e9a3f7
بن ومحمصات الخليل السوري,,صناعات غذائية ومشروبات ومطاحن,المنطقة الصناعية الأولى (6 أكتوبر),مصنع جديد تماماً (حصري),—,+201025599978,—,"سنتر التعمير٢, Gamal Abd Al Nassir Axis","https://www.google.com/maps?q=29.972733,30.920679",29.972733,30.920679,grocery_store,e8867fb2-e79d-4f42-b255-c761a1f75633
سوبر جلاس لزجاج السيارات super glass,,مواد بناء ورخام وسيراميك وخرسانة جاهزة,المنطقة الصناعية الأولى (6 أكتوبر),مصنع جديد تماماً (حصري),—,+201070708308,—,مدينة 6 اكتوبر محور جمال عبد الناصر الحي التاسع سنتر التعمير  ,"https://www.google.com/maps?q=29.971807,30.921082",29.971807,30.921082,,8959cb90-ebba-4132-a26d-e5d0df5ba50d
إبهار للمصاعد-Ebhaar,,تصنيع وإنتاج هندسي عام ومعدات,المنطقة الصناعية الأولى (6 أكتوبر),مصنع جديد تماماً (حصري),—,+201156374155,https://www.ebhaarelevators.com/,السادس من اكتوبر,"https://www.google.com/maps?q=29.963678,30.921362",29.963678,30.921362,engineering_services,d844867b-e300-44a6-bfcf-d0e841446776
Nano4life Car Protection,,صناعات سيارات وشاحنات ومركبات تجارية,المنطقة الصناعية الأولى (6 أكتوبر),مصنع جديد تماماً (حصري),—,+201011003872,http://www.nano4life.co/,"خلف مدارس القاهرة للغات, مول المستقبل متفرع من, المحور المركزي","https://www.google.com/maps?q=29.966629,30.921873",29.966629,30.921873,automotive_repair,aa175816-b7c1-4dbf-96ee-7c1fc7b5e4f4
Wrap Zone,,صناعات سيارات وشاحنات ومركبات تجارية,المنطقة الصناعية الأولى (6 أكتوبر),مصنع جديد تماماً (حصري),—,+201000411322,—,مول المستقبل متفرع من المحور المركزي,"https://www.google.com/maps?q=29.966518,30.922146",29.966518,30.922146,automotive_repair,9f238fc7-20eb-4314-a4b1-a24e1b0eb547
Aly eldin group,,تصنيع وإنتاج هندسي عام ومعدات,المنطقة الصناعية الأولى (6 أكتوبر),مصنع جديد تماماً (حصري),—,+201149704222,—,El Mehwar Elmarkazy,"https://www.google.com/maps?q=29.957331,30.922092",29.957331,30.922092,construction_services,08b88396-4ec9-46d1-9691-67b28c9101ce
Auto Samir,,صناعات سيارات وشاحنات ومركبات تجارية,المنطقة الصناعية الأولى (6 أكتوبر),مصنع جديد تماماً (حصري),—,+201001581463,—,"307 Almehere almarkazi, 6 October","https://www.google.com/maps?q=29.957375,30.921989",29.957375,30.921989,car_dealer,5af15b94-f4e5-4850-b804-0343c7325170
Saad changan,,صناعات سيارات وشاحنات ومركبات تجارية,المنطقة الصناعية الأولى (6 أكتوبر),مصنع جديد تماماً (حصري),—,+201122095848,https://maps.app.goo.gl/ABTbXizExZn3eyuS7,الحى الخامس مجاوره4 شارع22، قسم أول 6 أكتوبر، October,"https://www.google.com/maps?q=29.949253,30.921978",29.949253,30.921978,automotive_repair,3a79ca0b-4175-4967-ab8e-9fd080a56f24
آل النجدي لتجارة وتوزيع الادوات الصحيه,,تصنيع وإنتاج هندسي عام ومعدات,المنطقة الصناعية الأولى (6 أكتوبر),مصنع جديد تماماً (حصري),—,+201270811711,—,341 Street 15,"https://www.google.com/maps?q=29.955128,30.921944",29.955128,30.921944,flea_market,b7910d95-a352-4174-a5e1-792bc590b6a7
Smart Solution,,تصنيع وإنتاج هندسي عام ومعدات,المنطقة الصناعية الأولى (6 أكتوبر),مصنع جديد تماماً (حصري),—,+201092537396,—,303 Al Mehwar Al Markazi,"https://www.google.com/maps?q=29.957085,30.921907",29.957085,30.921907,contractor,36ab50f5-46c5-41f4-8722-87ded2e64de4
الغنيمي للمقاولات العامة والاستثمار والتطوير العقاري,,تصنيع وإنتاج هندسي عام ومعدات,المنطقة الصناعية الأولى (6 أكتوبر),مصنع جديد تماماً (حصري),—,+201096661527,https://t.me/elghonemygroup,305 Al Mehwar Al Markazi,"https://www.google.com/maps?q=29.957056,30.921829",29.957056,30.921829,home_developer,9ae68d49-d7b5-4350-8d4e-165b5efa2da9
DEVORA Kitchens,,تصنيع وإنتاج هندسي عام ومعدات,المنطقة الصناعية الأولى (6 أكتوبر),مصنع جديد تماماً (حصري),—,+201030022282,https://linktr.ee/arcleniakitchens,"أمام قباني للأثاث, Al Mehwar Al Markazi","https://www.google.com/maps?q=29.957087,30.921793",29.957087,30.921793,contractor,5d6968e2-4569-4065-a493-da14f11f1f8f
Rims Zone,,صناعات سيارات وشاحنات ومركبات تجارية,المنطقة الصناعية الأولى (6 أكتوبر),مصنع جديد تماماً (حصري),—,+201110074006,—,6th Of October,"https://www.google.com/maps?q=29.955055,30.92177",29.955055,30.92177,auto_company,2779ce8e-e3a0-4219-84fd-4ba7f3d01c6c
Kitchix,,تصنيع وإنتاج هندسي عام ومعدات,المنطقة الصناعية الأولى (6 أكتوبر),مصنع جديد تماماً (حصري),—,+201050800861,—,"in front of Art House & Kabany furniture, 313 Al Mehwar Al Markazi","https://www.google.com/maps?q=29.956964,30.921579",29.956964,30.921579,furniture_store,9d0200c3-8aff-4254-9d69-ccb880302f0f
محمصات علاء الدين,,صناعات غذائية ومشروبات ومطاحن,المنطقة الصناعية الثانية (6 أكتوبر),مصنع جديد تماماً (حصري),—,+201009182305,https://www.instagram.com/aladdin_roasters?igsh=MW1jazgzcWp0NGRpbQ%3D%3D&utm_source=qr,٦ اكتوبر ٨٠٠ فدان قطاع ( د ) مول المصطفى بجوار بوابة دجلة الخلفية,"https://www.google.com/maps?q=29.925968,30.922071",29.925968,30.922071,grocery_store,76c52734-0a8c-4303-95c3-16414f16fcf9
شركة الواحة للتسويق العقاري,,تصنيع وإنتاج هندسي عام ومعدات,المنطقة الصناعية الثانية (6 أكتوبر),مصنع جديد تماماً (حصري),—,+201121760516,—,إسكان شباب مبارك,"https://www.google.com/maps?q=29.928387,30.922894",29.928387,30.922894,real_estate_service,35d2d766-295f-4953-9b30-e3a867a49b25
ليدر جروب,,تصنيع وإنتاج هندسي عام ومعدات,المنطقة الصناعية الأولى (6 أكتوبر),مصنع جديد تماماً (حصري),—,02 38311023,http://www.cordstrap.net,464 المجاورة الثانية - الحى الرابع شقة 1,"https://www.google.com/maps?q=29.956604,30.922756",29.956604,30.922756,industrial_equipment,22ff7c96-eb47-4188-bd0e-70a13fb1e2b1
Print it,,صناعات سيارات وشاحنات ومركبات تجارية,المنطقة الصناعية الأولى (6 أكتوبر),مصنع جديد تماماً (حصري),—,+201016451219,http://m.me/printit2019,شارع ١٧,"https://www.google.com/maps?q=29.952452,30.922417",29.952452,30.922417,business_manufacturing_and_supply,3ab150de-37eb-4f9a-a7eb-0ae2b9832274
Proton Garage,,صناعات سيارات وشاحنات ومركبات تجارية,المنطقة الصناعية الأولى (6 أكتوبر),مصنع جديد تماماً (حصري),—,+201140655425,—,أكتوبر - Citystar towers  عمارة ٧ تجاري  خلفي مستشفى كيلوباترا اكتوبر,"https://www.google.com/maps?q=29.947916,30.922503",29.947916,30.922503,automotive_repair,a105309a-7869-457b-a945-51a4cbc0f4ab
Master Egypt Art,,غزل ونسيج وملابس جاهزة,المنطقة الصناعية الأولى (6 أكتوبر),مصنع جديد تماماً (حصري),—,+201030220052,http://www.masteregypt.org/,السادس من اكتوبر - المنطقه الصناعيه امتداد التالته قطعه رقم ٢٣٥,"https://www.google.com/maps?q=29.952929,30.922232",29.952929,30.922232,arts_and_crafts,2563f371-9bf3-412a-be45-b0c0d16d4bc0
Future I T Company | شركة المستقبل لتكنولوجيا المعلومات,,تصنيع وإنتاج هندسي عام ومعدات,المنطقة الصناعية الأولى (6 أكتوبر),مصنع جديد تماماً (حصري),—,+201003448215,http://www.futureit-eg.com/,مدينة 6 اكتوبر - مول على الدين - مبنى A1 - مكتب 5,"https://www.google.com/maps?q=29.970121,30.922482",29.970121,30.922482,information_technology_company,8e050dd5-a235-4091-a07b-349d4312a7a5
Reda Rims Repair,,صناعات سيارات وشاحنات ومركبات تجارية,المنطقة الصناعية الأولى (6 أكتوبر),مصنع جديد تماماً (حصري),—,+201022117225,—,"المحور المركزي سنتر الفيروز2, بجوار الكنيسة","https://www.google.com/maps?q=29.960699,30.92276",29.960699,30.92276,auto_company,6123136e-be29-4f92-935c-53c352ed79d9
Volvo Genius Service Center,,صناعات سيارات وشاحنات ومركبات تجارية,المنطقة الصناعية الأولى (6 أكتوبر),مصنع جديد تماماً (حصري),—,+201090666020,—,السادس من اكتوبر,"https://www.google.com/maps?q=29.969051,30.922781",29.969051,30.922781,auto_customization,da72cf46-ab2f-45b5-b4f7-94210343c984
Organda,,تصنيع وإنتاج هندسي عام ومعدات,المنطقة الصناعية الأولى (6 أكتوبر),مصنع جديد تماماً (حصري),—,+201122295968,https://organda-eg.com/,٦ اكتوبر - المحور المركزي الخدمي - الحي العاشر - مقابل سيلفر مول  - عمارة ٣١ - الدور الثالث - وحدة ٨,"https://www.google.com/maps?q=29.961761,30.922846",29.961761,30.922846,construction_services,6cbaf374-dfb8-4437-870a-18162a892e8e
Unimar Shipping Services,,نقل بري ولوجستيات وتخزين وأساطيل,المنطقة الصناعية الأولى (6 أكتوبر),مصنع جديد تماماً (حصري),—,+201004050766,http://www.ussegypt.com/,"4 Tower, Silver Mall, Al Mehwar Al Markazi","https://www.google.com/maps?q=29.961468,30.92308",29.961468,30.92308,freight_and_cargo_service,54c106a7-b988-4058-a82c-b22186760a41
HaiBuild,,تصنيع وإنتاج هندسي عام ومعدات,المنطقة الصناعية الأولى (6 أكتوبر),مصنع جديد تماماً (حصري),—,+201101107393,https://www.haibuild.com/,"Tower(1 Silver Mall Al Horreya Square, Al Mehwar Al Markazi","https://www.google.com/maps?q=29.960938,30.923086",29.960938,30.923086,engineering_services,b1b8d32c-9141-4372-8291-877b4fa2e616
ECCA Group,,تصنيع وإنتاج هندسي عام ومعدات,المنطقة الصناعية الأولى (6 أكتوبر),مصنع جديد تماماً (حصري),—,01060937328,https://ecca-group.com/,"El Mehwar El Markazy , Silver Tower 3, Entrance 4 , Floor 5.","https://www.google.com/maps?q=29.961161,30.923113",29.961161,30.923113,engineering_services,14c93d5a-3dd4-422b-913b-37ba90b0e24e
Suprimo Kitchens,,تصنيع وإنتاج هندسي عام ومعدات,المنطقة الصناعية الأولى (6 أكتوبر),مصنع جديد تماماً (حصري),—,+20238302243,http://www.suprimokitchens.com/,"سيلفر مول, Al Mehwar Al Markazi","https://www.google.com/maps?q=29.961245,30.923183",29.961245,30.923183,industrial_equipment,a436990d-4327-4980-b22f-5d69d0263514
RIGHT for Engineering and Contracting,,تصنيع وإنتاج هندسي عام ومعدات,المنطقة الصناعية الأولى (6 أكتوبر),مصنع جديد تماماً (حصري),—,+20225177217,http://www.rightegypt.com/,"Al Batea- Moazi Llmehwar Al Markazi, Giza Governorate, Silver mall, Tower 4","https://www.google.com/maps?q=29.96104,30.923203",29.96104,30.923203,contractor,f49cd1aa-b54d-40e8-aa0a-162d4b31c93e
Guangzhou for shipping,,نقل بري ولوجستيات وتخزين وأساطيل,المنطقة الصناعية الأولى (6 أكتوبر),مصنع جديد تماماً (حصري),—,+201202824336,—,Silver mall,"https://www.google.com/maps?q=29.960501,30.923374",29.960501,30.923374,shipping_center,7e439a5c-db99-404c-97a1-63fe0352ee74
2CooM,,صناعات سيارات وشاحنات ومركبات تجارية,المنطقة الصناعية الأولى (6 أكتوبر),مصنع جديد تماماً (حصري),—,+201022006510,—,"Sonata El Rabie Building, 10th District, Al Mehwar Al Markazi, El Horreya Square ","https://www.google.com/maps?q=29.961136,30.923586",29.961136,30.923586,business_advertising,8f507cd6-0edd-4c64-a3be-ef2b0519831a
القدس للادوات الصحية,,تصنيع وإنتاج هندسي عام ومعدات,المنطقة الصناعية الأولى (6 أكتوبر),مصنع جديد تماماً (حصري),—,+201154445383,—,Al Mehwar Al Markazi ,"https://www.google.com/maps?q=29.956379,30.923594",29.956379,30.923594,commercial_industrial,6d5bd8e2-0a2e-4933-8dd0-e2c90c4603c4
Comfort Limo,,نقل بري ولوجستيات وتخزين وأساطيل,المنطقة الصناعية الأولى (6 أكتوبر),مصنع جديد تماماً (حصري),—,+201110919225,—,Elkafrawy Axis,"https://www.google.com/maps?q=29.94319,30.92341",29.94319,30.92341,transportation,8c582595-3ec4-40df-a136-01fcf292d55d
دواجن البرنس,,صناعات غذائية ومشروبات ومطاحن,المنطقة الصناعية الأولى (6 أكتوبر),مصنع جديد تماماً (حصري),—,+201017603590,—,80 Street 9,"https://www.google.com/maps?q=29.941259,30.923376",29.941259,30.923376,poultry_farm,1d003fd9-7841-43f8-bbb6-f014ff906997
مشمش لكماليات السيارات والفنش وتعديل الفوانيس,,صناعات سيارات وشاحنات ومركبات تجارية,المنطقة الصناعية الأولى (6 أكتوبر),مصنع جديد تماماً (حصري),—,+201229443773,—,بعد ميدان النجدة,"https://www.google.com/maps?q=29.958014,30.923397",29.958014,30.923397,auto_parts_and_supply_store,3168a9e0-ef20-4a00-beca-5303689c3bb3
X Print Oct,,صناعات سيارات وشاحنات ومركبات تجارية,المنطقة الصناعية الأولى (6 أكتوبر),مصنع جديد تماماً (حصري),—,+201153739651,—,Al Mehwar Al Markazi,"https://www.google.com/maps?q=29.957348,30.923376",29.957348,30.923376,advertising_agency,92a05370-70f9-412f-840d-57c389530c0d
ReNEW,,صناعات سيارات وشاحنات ومركبات تجارية,المنطقة الصناعية الأولى (6 أكتوبر),مصنع جديد تماماً (حصري),—,+201021566547,—,"اكتوبر, الخزان, Al Mehwar Al Markazi","https://www.google.com/maps?q=29.953928,30.923283",29.953928,30.923283,auto_detailing,c7f50816-c1dc-4fb3-bb98-bc3fe18439b2
نيو هوم للدهانات الموبيليا والمطابخ المودرن دوكو فرن والاستر,,كيماويات وبتروكيماويات ودهانات وزيوت,المنطقة الصناعية الأولى (6 أكتوبر),مصنع جديد تماماً (حصري),—,+201122955349,—,٦اكتوبر الحي الرابع سنتر النهضه ,"https://www.google.com/maps?q=29.957636,30.92304",29.957636,30.92304,,da5955b2-2f69-483f-bdc6-37fe5b368437
دلل سيارتك,,صناعات سيارات وشاحنات ومركبات تجارية,المنطقة الصناعية الأولى (6 أكتوبر),مصنع جديد تماماً (حصري),—,+201000288856,—,الخزان بناء 359، شارع,"https://www.google.com/maps?q=29.954033,30.92293",29.954033,30.92293,auto_parts_and_supply_store,f01df884-9631-4d66-aa4b-62462d11d680
كيو جين Q Gen,,تصنيع وإنتاج هندسي عام ومعدات,المنطقة الصناعية الأولى (6 أكتوبر),مصنع جديد تماماً (حصري),—,+201147477513,https://www.linkedin.com/company/101927622/,الحي الخامس - المجاورة الرابعة - عمارة 826,"https://www.google.com/maps?q=29.950039,30.922924",29.950039,30.922924,engineering_services,7815684b-03ce-4f48-bf80-08fe61574def
Diamond Sword Pipe,,تصنيع وإنتاج هندسي عام ومعدات,المنطقة الصناعية الأولى (6 أكتوبر),مصنع جديد تماماً (حصري),—,—,—,السادس من اكتوبر - الحي الخامس,"https://www.google.com/maps?q=29.947222,30.923111",29.947222,30.923111,industrial_equipment,9dd789cd-658b-4e65-87c1-ab45251b9fc4
Gomrok 6th of October Storage,,نقل بري ولوجستيات وتخزين وأساطيل,المنطقة الصناعية الثانية (6 أكتوبر),مصنع جديد تماماً (حصري),—,+201276503000,http://www.gomrokeg.com/,5th industrial zone,"https://www.google.com/maps?q=29.915682,30.923124",29.915682,30.923124,freight_and_cargo_service,37f43d5b-d6af-4714-8799-a3230e0a4173
Safeer Plast  Industrial Company,,تصنيع وإنتاج هندسي عام ومعدات,المنطقة الصناعية الثانية (6 أكتوبر),مصنع جديد تماماً (حصري),—,+201100427345,—,السادس من اكتوبر المنطقة الصناعية الثانية,"https://www.google.com/maps?q=29.925077,30.92383",29.925077,30.92383,commercial_industrial,48320ff2-0238-4d89-a453-7de0ad26057c
الرحال للنقل والرحلات,,نقل بري ولوجستيات وتخزين وأساطيل,المنطقة الصناعية الثانية (6 أكتوبر),مصنع جديد تماماً (حصري),—,+201004406471,—,الشباب,"https://www.google.com/maps?q=29.927752,30.924292",29.927752,30.924292,party_and_event_planning,2d5865ee-5faf-47c9-baba-cea4017ad66b
اسواق عزوز,,صناعات غذائية ومشروبات ومطاحن,المنطقة الصناعية الثانية (6 أكتوبر),مصنع جديد تماماً (حصري),—,—,—,الحي السادس، ثان 6 اكتوبر،,"https://www.google.com/maps?q=29.938002,30.92436",29.938002,30.92436,grocery_store,7abe972d-b27e-4b99-a443-782a8f39a011
A&BOB Car مركز متكامل لصيانة السيارات برمجة كنترول فريون سمكرة دكو غسيل,,صناعات سيارات وشاحنات ومركبات تجارية,المنطقة الصناعية الأولى (6 أكتوبر),مصنع جديد تماماً (حصري),—,+201101473290,—,السادس من اكتوبر,"https://www.google.com/maps?q=29.954367,30.924158",29.954367,30.924158,automotive_repair,05d9ac16-bc2e-402e-8c03-782eecd8ec4a
New cairo - october,,تصنيع وإنتاج هندسي عام ومعدات,المنطقة الصناعية الأولى (6 أكتوبر),مصنع جديد تماماً (حصري),—,+201147137737,—,20 المحور المركزي، قسم أول 6 أكتوبر، اول 6 أكتوبر، الجيزة,"https://www.google.com/maps?q=29.95826,30.923981",29.95826,30.923981,windows_installation,cfe8faf6-1f6a-47e8-b8a5-4c0acc41e867
Lift group,,تصنيع وإنتاج هندسي عام ومعدات,المنطقة الصناعية الأولى (6 أكتوبر),مصنع جديد تماماً (حصري),—,+201099579961,http://liftgroup.website/,السادس من اكتوبر ، الحي الثاني عشر ,"https://www.google.com/maps?q=29.956259,30.923882",29.956259,30.923882,contractor,bb99643f-6ae1-4ab3-bc19-fd622b3cd7ff
صنوبر للمواد الغذائية,,صناعات غذائية ومشروبات ومطاحن,المنطقة الصناعية الأولى (6 أكتوبر),مصنع جديد تماماً (حصري),—,+201017653333,—,الحي الثاني أكتوبر,"https://www.google.com/maps?q=29.956259,30.923882",29.956259,30.923882,food,b26abd19-8b36-4ee3-8781-b5a00ae38742
WEEH Auto Service,,صناعات سيارات وشاحنات ومركبات تجارية,المنطقة الصناعية الأولى (6 أكتوبر),مصنع جديد تماماً (حصري),—,+201124929252,—,904 Street 15,"https://www.google.com/maps?q=29.952881,30.923796",29.952881,30.923796,automotive_repair,60e7755e-3216-49c3-9c86-8ded76b51a60
Spectra Kitchen and More,,تصنيع وإنتاج هندسي عام ومعدات,المنطقة الصناعية الأولى (6 أكتوبر),مصنع جديد تماماً (حصري),—,+201018015118,—,"22a Albatea-Moazi Limehwar, Al Mehwar Al Markazi","https://www.google.com/maps?q=29.962,30.923687",29.962,30.923687,furniture_store,8cfd1d5e-7032-47b2-a9fc-419b30e4dc7d
DOVVO,,تصنيع وإنتاج هندسي عام ومعدات,المنطقة الصناعية الأولى (6 أكتوبر),مصنع جديد تماماً (حصري),—,+201032030958,https://www.dovvo.eg/,Dovvo Egypt.  https://maps.app.goo.gl/HJjzpfQm2kSPPZ5GA,"https://www.google.com/maps?q=29.962273,30.923786",29.962273,30.923786,industrial_company,26091153-a14a-467e-b32f-8bd8414a03d1
Auto Service hydrotech,,صناعات سيارات وشاحنات ومركبات تجارية,المنطقة الصناعية الأولى (6 أكتوبر),مصنع جديد تماماً (حصري),—,+201022334059,—,أجياد فيو مول،المحور المركزي،أكتوبر،مدينة السادس من أكتوبر،قسم ثان أكتوبر،،,"https://www.google.com/maps?q=29.960312,30.924364",29.960312,30.924364,automotive_repair,2f116a9a-058d-4805-9103-446a79727e34
Landmark October,,تصنيع وإنتاج هندسي عام ومعدات,المنطقة الصناعية الأولى (6 أكتوبر),مصنع جديد تماماً (حصري),—,+201026192285,http://www.landmarkconstruction-eg.com/,مدينه 6 اكتوبر - مول اجياد فيو - الدور الثالث - خلف سيلفر مول مكتب 304,"https://www.google.com/maps?q=29.960369,30.924559",29.960369,30.924559,construction_services,c554e723-cade-406d-b606-0149297c7019
شركة ترست كير للخدمات البيئية والمرافق,,حديد وصلب وألومنيوم وتشكيل معادن,المنطقة الصناعية الأولى (6 أكتوبر),مصنع جديد تماماً (حصري),—,+201557466232,http://trustcare-solution.com/,مدينة 6 أكتوبر، الحي السابع، ميدان الحصرى ,"https://www.google.com/maps?q=29.965895,30.924967",29.965895,30.924967,pest_control_service,ae4b0fd5-2cac-4d5c-8408-6f14a4f06fa3
رجلاش لصيانة وتعديل السيارات,,صناعات سيارات وشاحنات ومركبات تجارية,المنطقة الصناعية الأولى (6 أكتوبر),مصنع جديد تماماً (حصري),—,+201000744489,http://www.refaatarif-reglash.com/,"مدينه 6 اكتوبر / الحي العاشر / المجاورة الأولي / عمارة 6 / امام اجياد مول / بجانب سيتي سكيب مول, Al Batea- Moazi Llmehwar Al Markazi","https://www.google.com/maps?q=29.963564,30.924911",29.963564,30.924911,automotive_repair,e8fa3b58-a1bf-4462-929f-c38aa2e7f915
Mohandes Group,,تصنيع وإنتاج هندسي عام ومعدات,المنطقة الصناعية الأولى (6 أكتوبر),مصنع جديد تماماً (حصري),—,+201288373474,http://www.mohandes-group.com/,الحي الرابع أمام بنك الإسكان والتعمير عمارة رقم 43 الدور الأول .,"https://www.google.com/maps?q=29.958298,30.925077",29.958298,30.925077,construction_services,483ad61d-3eda-4f42-823a-fc0bf58c36f7
شركة اكتوبر نقل عفش نقل اثاث/اكتوبر/الشيخ زايد/الهرم/01012196411,,نقل بري ولوجستيات وتخزين وأساطيل,المنطقة الصناعية الأولى (6 أكتوبر),مصنع جديد تماماً (حصري),—,+201012196411,—,سنتر النوران,"https://www.google.com/maps?q=29.946547,30.924974",29.946547,30.924974,storage_facility,0544cf54-3c90-49d6-89d6-8bdc835b6a03
Al Mourad Real estate,,مواد بناء ورخام وسيراميك وخرسانة جاهزة,المنطقة الصناعية الأولى (6 أكتوبر),مصنع جديد تماماً (حصري),—,+201145691653,http://WWW.darforrealstate.com/,عمارة 880 - شارع الخزان - الحي الرابع,"https://www.google.com/maps?q=29.951794,30.924702",29.951794,30.924702,real_estate_agent,613a2b1a-d408-43bb-8b2f-b8f3dde4aa9c
Iman Institution for Car Spare Parts,,صناعات سيارات وشاحنات ومركبات تجارية,المنطقة الصناعية الأولى (6 أكتوبر),مصنع جديد تماماً (حصري),—,+201021177130,—,المحور المركزي، ثان 6 اكتوبر,"https://www.google.com/maps?q=29.958868,30.924603",29.958868,30.924603,car_dealer,1c1fc051-c3ec-4899-aaf7-362efbd2eb46
شركة العالمية لتجارة بودرة دهان الكتروستاتيك,,حديد وصلب وألومنيوم وتشكيل معادن,المنطقة الصناعية الثانية (6 أكتوبر),مصنع جديد تماماً (حصري),—,+201021063111,—,حي النرجس مدخل 6 فيلا 55 بجوار مسجد ال صبري,"https://www.google.com/maps?q=29.925596,30.924801",29.925596,30.924801,party_and_event_planning,6762d921-5046-4fbd-87db-095afc950845
شركة ايديال زانوسى شركة الدلتا الصناعية ايديال,,تصنيع وإنتاج هندسي عام ومعدات,المنطقة الصناعية الثانية (6 أكتوبر),مصنع جديد تماماً (حصري),—,+201096600304,—,192 شارع رمسيس,"https://www.google.com/maps?q=29.925222,30.925098",29.925222,30.925098,,5b8f0c6c-a5fa-4cfd-b741-9fce3bf02479
Luxury Edition Car Upholstery,,صناعات سيارات وشاحنات ومركبات تجارية,المنطقة الصناعية الأولى (6 أكتوبر),مصنع جديد تماماً (حصري),—,+201101020123,—,"المجاوره الاولى - اما بنك الاسكان والتعمير, 49 Al Mehwar Al Markazi","https://www.google.com/maps?q=29.958738,30.9258",29.958738,30.9258,auto_restoration_services,d341a05f-45bb-4870-94cb-889087ae91e5
شركة القصر سيتي العقارية,,تصنيع وإنتاج هندسي عام ومعدات,المنطقة الصناعية الأولى (6 أكتوبر),مصنع جديد تماماً (حصري),—,+201027674934,—,"أمام بنك التعمير والاسكان, Al Mehwar Al Markazi","https://www.google.com/maps?q=29.958517,30.925535",29.958517,30.925535,property_management,89f22335-ff46-4363-9c54-6f4a15b6187a
أطيب نودلز-Atyab Noodles,,صناعات غذائية ومشروبات ومطاحن,المنطقة الصناعية الأولى (6 أكتوبر),مصنع جديد تماماً (حصري),—,+201555588454,http://Www.elmayhop.com/,الشيخ زايد,"https://www.google.com/maps?q=29.950714,30.925251",29.950714,30.925251,food_beverage_service_distribution,b3983291-8529-4b32-b006-a746a017030c
El Oraby for Construction and Decoration,,تصنيع وإنتاج هندسي عام ومعدات,المنطقة الصناعية الأولى (6 أكتوبر),مصنع جديد تماماً (حصري),—,+201026784132,https://construction-company-26678.business.site/?utm_source=gmb&utm_medium=referral,السادس من اكتوبر,"https://www.google.com/maps?q=29.962132,30.925829",29.962132,30.925829,engineering_services,6bf97517-1be4-4789-bd77-d0d1894b50d9
Esquisse,,تصنيع وإنتاج هندسي عام ومعدات,المنطقة الصناعية الأولى (6 أكتوبر),مصنع جديد تماماً (حصري),—,+201033125007,—,"بنك التعمير والاسكان, المحور المركزى 3 عمارات","https://www.google.com/maps?q=29.960611,30.926266",29.960611,30.926266,engineering_services,9ba5bcb1-ba4a-4e45-8d6a-ca63909bb602
شركة طلعة للسياحة الداخلية,,تصنيع وإنتاج هندسي عام ومعدات,المنطقة الصناعية الأولى (6 أكتوبر),مصنع جديد تماماً (حصري),—,+201023403265,—,المحور الخدمي بجوار مول سيتي سكيب,"https://www.google.com/maps?q=29.962629,30.926327",29.962629,30.926327,tours,774867ad-a732-4031-94a2-e22a81089195
Arco Contracting and Decoration,,تصنيع وإنتاج هندسي عام ومعدات,المنطقة الصناعية الأولى (6 أكتوبر),مصنع جديد تماماً (حصري),—,+201020014900,http://www.arco-cd.com/,عمارة 33 ، المحور المركزي ،,"https://www.google.com/maps?q=29.95915,30.926622",29.95915,30.926622,contractor,4b781309-476b-4486-9082-ea4388543bcb
الفارس للسيراميك والبورسلين والادوات الصحية,,مواد بناء ورخام وسيراميك وخرسانة جاهزة,المنطقة الصناعية الأولى (6 أكتوبر),مصنع جديد تماماً (حصري),—,+201091865643,—,المحور المركزى امام بنك الاسكان والتعمير,"https://www.google.com/maps?q=29.959558,30.926481",29.959558,30.926481,,9b44ea4d-9513-4c95-a4af-4d444834192c
Gamma Telecom,,تصنيع وإنتاج هندسي عام ومعدات,المنطقة الصناعية الأولى (6 أكتوبر),مصنع جديد تماماً (حصري),—,+201227156872,http://www.gammatelecomeg.com/,1 شارع المعدية,"https://www.google.com/maps?q=29.945063,30.926561",29.945063,30.926561,telecommunications_company,fd08b15a-42e0-46cd-b045-9e6690de8ca0
Namaa Jojoba for Natural-Pure Oils   نماء للجوجوبا والزيوت الطبيعية,,كيماويات وبتروكيماويات ودهانات وزيوت,المنطقة الصناعية الأولى (6 أكتوبر),مصنع جديد تماماً (حصري),—,+201107445258,https://www.instagram.com/namaajojoba?igsh=MTlyc3ZmaHBzcGx5aQ%3D%3D&utm_source=qr, الحى 4 - 57 ش المحور المركزى - أمام بنك التعمير والإسكان - 6 أكتوبر,"https://www.google.com/maps?q=29.959549,30.926449",29.959549,30.926449,skin_care,34df145a-2316-4351-8c6b-41b489556e1b
فنون للدعاية والاعلان,,صناعات سيارات وشاحنات ومركبات تجارية,المنطقة الصناعية الأولى (6 أكتوبر),مصنع جديد تماماً (حصري),—,+201000554035,—,السادس من اكتوبر,"https://www.google.com/maps?q=29.958845,30.926353",29.958845,30.926353,advertising_agency,2dd72704-34db-40e0-9752-c0cdb50d33c3
الزياد للمقاولات والإنشاءات,,تصنيع وإنتاج هندسي عام ومعدات,المنطقة الصناعية الثانية (6 أكتوبر),مصنع جديد تماماً (حصري),—,+201153564241,—,الحي الخامس.  المجاوره الأولي.  عماره223,"https://www.google.com/maps?q=29.928133,30.926075",29.928133,30.926075,construction_services,27fa4c96-8325-4964-b673-290ba7b33983
Pixel Advertising Agency,,صناعات سيارات وشاحنات ومركبات تجارية,المنطقة الصناعية الأولى (6 أكتوبر),مصنع جديد تماماً (حصري),—,+201020696106,—,المحور المركزى ـ الحى الرابع ـ عمارة 33,"https://www.google.com/maps?q=29.959539,30.927296",29.959539,30.927296,advertising_agency,dc0fc083-5f93-43f7-abb0-bbafd63b22b8
BELLA CASA real state,,تصنيع وإنتاج هندسي عام ومعدات,المنطقة الصناعية الأولى (6 أكتوبر),مصنع جديد تماماً (حصري),—,—,—, مدينة 6 أكتوبر\n,"https://www.google.com/maps?q=29.954451,30.926979",29.954451,30.926979,marketing_consultant,b49b63f1-024b-491f-84ed-11cd451ad70e
الصفوة للتوريدات والخدمات الزراعيه,,صناعات غذائية ومشروبات ومطاحن,المنطقة الصناعية الأولى (6 أكتوبر),مصنع جديد تماماً (حصري),—,+201156303030,—,35 شارع المحور المركزي,"https://www.google.com/maps?q=29.958881,30.926908",29.958881,30.926908,food_beverage_service_distribution,a3d8e3c0-ca06-4dc5-80cd-24b5e49ad2f4
Mawten for Construction and Project Management,,تصنيع وإنتاج هندسي عام ومعدات,المنطقة الصناعية الأولى (6 أكتوبر),مصنع جديد تماماً (حصري),—,+201025102010,http://www.MAWTIN-EG.com/,"29 El Mehwar El Markazy Street, Sixth of October, Giza","https://www.google.com/maps?q=29.959196,30.926828",29.959196,30.926828,construction_services,ec99e483-5d85-400d-8a6f-c75c545c96e0
Sun Life Decoration,,تصنيع وإنتاج هندسي عام ومعدات,المنطقة الصناعية الأولى (6 أكتوبر),مصنع جديد تماماً (حصري),—,+201111011060,http://www.sunlifein.com/,المحور المركزي، قسم أول 6 أكتوبر، اول 6 أكتوبر،،,"https://www.google.com/maps?q=29.95908,30.926689",29.95908,30.926689,construction_services,796912f9-3049-4024-a1e1-730231031916
شركة انجاز للتنمية العقارية,,تصنيع وإنتاج هندسي عام ومعدات,المنطقة الصناعية الأولى (6 أكتوبر),مصنع جديد تماماً (حصري),—,+201066442992,https://www.engazdevelopment.com/,6 أكتوبر - محور جمال عبد الناصر - فاميلي لاند مول  - الدور الأول,"https://www.google.com/maps?q=29.976933,30.927225",29.976933,30.927225,home_developer,13db6c50-222c-4e5c-8347-4117c0a14663
Sanad Consultancy,,تصنيع وإنتاج هندسي عام ومعدات,المنطقة الصناعية الأولى (6 أكتوبر),مصنع جديد تماماً (حصري),—,+201144884422,https://www.behance.net/ahmedsanad1,Gamal abd el nasr street,"https://www.google.com/maps?q=29.976912,30.927147",29.976912,30.927147,engineering_services,bbdfd060-8e17-4fce-a1b2-36e09326f499
رامي الراعي لقطع غيار السيارات الكورية,,صناعات سيارات وشاحنات ومركبات تجارية,المنطقة الصناعية الأولى (6 أكتوبر),مصنع جديد تماماً (حصري),—,+201066000448,—,مدينة السادس من أكتوبر، قسم أول 6 أكتوبر،,"https://www.google.com/maps?q=29.960993,30.927141",29.960993,30.927141,auto_parts_and_supply_store,d40fbf31-d40d-4876-bbf4-69639e7f3e78
Drug lab pharmaceuticals company,,أدوية ومستحضرات تجميل ومستلزمات طبية,المنطقة الصناعية الأولى (6 أكتوبر),مصنع جديد تماماً (حصري),—,+201070770884,http://WWW.druglab.net/, El hosary Square ,"https://www.google.com/maps?q=29.964254,30.927216",29.964254,30.927216,pharmaceutical_companies,e017f412-a0a7-459b-b884-9b727d52a319
Rebel Automotive,,صناعات سيارات وشاحنات ومركبات تجارية,المنطقة الصناعية الأولى (6 أكتوبر),مصنع جديد تماماً (حصري),—,+201030061668,http://rebelpart.com/,Al Mehwar Al Markazi,"https://www.google.com/maps?q=29.96068,30.927471",29.96068,30.927471,auto_parts_and_supply_store,44fa03b7-d777-45e0-a18d-94002472c176
Up Towels,,غزل ونسيج وملابس جاهزة,المنطقة الصناعية الأولى (6 أكتوبر),مصنع جديد تماماً (حصري),—,+201558614627,https://uptowels.com/," ماكسيم مول، ش التسعين الشمالى, التجمع الخامس, القاهرة الجديدة, القاهرة","https://www.google.com/maps?q=29.960096,30.927986",29.960096,30.927986,b2b_textiles,0a2c4051-d297-4031-9315-fab7cd7e1f44
Digital Marketing 4U,,صناعات سيارات وشاحنات ومركبات تجارية,المنطقة الصناعية الأولى (6 أكتوبر),مصنع جديد تماماً (حصري),—,+201159194298,—,6 اكتوبر - الحى الرابع,"https://www.google.com/maps?q=29.953382,30.928123",29.953382,30.928123,marketing_agency,f8769b5a-ddbf-4bf8-8f2b-823ebec819ee
دهانات جوتن الراوى,,كيماويات وبتروكيماويات ودهانات وزيوت,المنطقة الصناعية الثانية (6 أكتوبر),مصنع جديد تماماً (حصري),—,+201110791777,—,شارع مول الياسمين,"https://www.google.com/maps?q=29.9368,30.928146",29.9368,30.928146,shopping,e22af35d-62a2-4a23-8799-73f290f3ad17
APEX  Auto,,صناعات سيارات وشاحنات ومركبات تجارية,المنطقة الصناعية الأولى (6 أكتوبر),مصنع جديد تماماً (حصري),—,+201070238050,—,٦ اكتوبر الحي الرابع مجاوره الاولي عماره رقم ٥٥ الدور الرابع  عقار رقم ١٠,"https://www.google.com/maps?q=29.959791,30.927847",29.959791,30.927847,automotive_repair,559110b7-166e-4895-b303-ff374001b709
Home,,تصنيع وإنتاج هندسي عام ومعدات,المنطقة الصناعية الأولى (6 أكتوبر),مصنع جديد تماماً (حصري),—,—,—,145 Street 47,"https://www.google.com/maps?q=29.943611,30.927456",29.943611,30.927456,construction_services,52d30c78-bbed-47ce-be5c-8255cb01528a
معرض الشام للرخام والجرانيت,,مواد بناء ورخام وسيراميك وخرسانة جاهزة,المنطقة الصناعية الثانية (6 أكتوبر),مصنع جديد تماماً (حصري),—,+201067036542,https://g.page/marble_sy?gm,٦ أكتوبر الحي الخامس عقد اول مجاورة ٢ عمارة ٢٦١، شارع الخزان,"https://www.google.com/maps?q=29.93936,30.928885",29.93936,30.928885,arts_and_crafts,a0b850a2-d84a-472f-aa2a-facfdf705661
JE Company for General Contracting,,تصنيع وإنتاج هندسي عام ومعدات,المنطقة الصناعية الأولى (6 أكتوبر),مصنع جديد تماماً (حصري),—,+201022006974,http://je-mea.com/,المصريه,"https://www.google.com/maps?q=29.959438,30.928354",29.959438,30.928354,construction_services,3960bc7f-d9de-403b-aaf0-d59041094880
Klaren Innovation and Construction,,تصنيع وإنتاج هندسي عام ومعدات,المنطقة الصناعية الأولى (6 أكتوبر),مصنع جديد تماماً (حصري),—,+201099501699,http://radical-eg.com/,"Lot No.1142, 4th District, Beside Royal School","https://www.google.com/maps?q=29.951004,30.92837",29.951004,30.92837,architectural_designer,55418a2a-8099-4e17-8a6f-e533259cc7c8
Amir Motors,,كيماويات وبتروكيماويات ودهانات وزيوت,المنطقة الصناعية الأولى (6 أكتوبر),مصنع جديد تماماً (حصري),—,+201158580042,—,"السوق الحضارى, شارع الخزان","https://www.google.com/maps?q=29.945898,30.928303",29.945898,30.928303,automotive_repair,c3ec080f-0028-4098-aa26-f070cbb474ce
MTA Auto Care,,صناعات سيارات وشاحنات ومركبات تجارية,المنطقة الصناعية الأولى (6 أكتوبر),مصنع جديد تماماً (حصري),—,+201066353225,—,عمارة 657، الحي الرابع,"https://www.google.com/maps?q=29.954863,30.928209",29.954863,30.928209,automotive_repair,6156bcd4-a367-4508-b067-d6bc4a8418a6
ECA Design,,تصنيع وإنتاج هندسي عام ومعدات,المنطقة الصناعية الأولى (6 أكتوبر),مصنع جديد تماماً (حصري),—,+201211587657,http://eca-design.com/,مكتبF6 - كمباوند جامعة القاهرة- طريق وصلة دهشور - امام مدخل زايد ٤,"https://www.google.com/maps?q=29.960022,30.928848",29.960022,30.928848,construction_services,ffb03a41-c512-498e-88b1-5eb7a7b06c76
الزعيم أفضل مطبعة و شركة دعاية واعلان في 6 أكتوبر وكالة إعلانية طباعة مجات كروت بنر دفاتر أختام,,صناعات سيارات وشاحنات ومركبات تجارية,المنطقة الصناعية الأولى (6 أكتوبر),مصنع جديد تماماً (حصري),—,01030145778,https://sites.google.com/view/advertisingalzaeim,"ميدان النجدة ، المحور المركزي, أمام النيابة الإدارية مباشرة","https://www.google.com/maps?q=29.960285,30.929018",29.960285,30.929018,advertising_agency,0548e972-0fff-4d91-b47e-7219dedd35f0
Four Corners-Upvc,,تصنيع وإنتاج هندسي عام ومعدات,المنطقة الصناعية الأولى (6 أكتوبر),مصنع جديد تماماً (حصري),—,+201128200749,—,عمارة 367، أمام التوحيد والنور، المحور المركزي، مدينة السادس من أكتوبر، الدور الرابع.\n,"https://www.google.com/maps?q=29.961206,30.929573",29.961206,30.929573,windows_installation,6aefd1dc-6517-4d56-bb4d-e221abf0eaca
UG-Decoration & Finishing,,تصنيع وإنتاج هندسي عام ومعدات,المنطقة الصناعية الأولى (6 أكتوبر),مصنع جديد تماماً (حصري),—,+201010024243,https://www.facebook.com/UGdecor1,السادس من اكتوبر,"https://www.google.com/maps?q=29.959866,30.929295",29.959866,30.929295,construction_services,06a6489e-a21f-4e40-b9fa-2cffb6be10f5
Panorama Egypt,,صناعات سيارات وشاحنات ومركبات تجارية,المنطقة الصناعية الأولى (6 أكتوبر),مصنع جديد تماماً (حصري),—,+201111640061,https://panoramaegypt.com/,ليس لدينا اي فروع داخل جمهورية مصر العربية وبيع المنتج اون لاين فقط عن طريق التواصل,"https://www.google.com/maps?q=29.959511,30.929247",29.959511,30.929247,automotive_repair,d8a5a102-e8f3-4901-b14d-356953daaa26
B2B,,صناعات سيارات وشاحنات ومركبات تجارية,المنطقة الصناعية الأولى (6 أكتوبر),مصنع جديد تماماً (حصري),—,+201030151150,—,"عمارة 103, Al Mehwar Al Markazi","https://www.google.com/maps?q=29.953426,30.929148",29.953426,30.929148,advertising_agency,a65fc105-a1e6-491f-8257-8c39b7c58f16
General Transport Service,,نقل بري ولوجستيات وتخزين وأساطيل,المنطقة الصناعية الأولى (6 أكتوبر),مصنع جديد تماماً (حصري),—,+201063686253,—,، ميدان النجدة,"https://www.google.com/maps?q=29.959906,30.929138",29.959906,30.929138,transportation,0c35afd7-22b7-4a71-83e9-76333e43967a
Click Pixel,,صناعات سيارات وشاحنات ومركبات تجارية,المنطقة الصناعية الأولى (6 أكتوبر),مصنع جديد تماماً (حصري),—,+201030448905,https://click-pixel.com/,"فيلا ١٨٨٠ الدورالاول ،, El Kafrawy, 9 Yasmine St., Villa 1880, First Floor, Central Axis, 6th of الكفراوى ، 9 ش ياسمين, October, Al Mehwar Al Markazi","https://www.google.com/maps?q=29.947313,30.929029",29.947313,30.929029,software_development,dcd3ae78-7ae7-4bf5-a1f7-a43f65228fa1
Elomda -العمدة,,تصنيع وإنتاج هندسي عام ومعدات,المنطقة الصناعية الثانية (6 أكتوبر),مصنع جديد تماماً (حصري),—,+201149544456,http://elomdatrading.com/,مدينه 6 اكتوبر - الحي الخامس محور السلام مبني 281 امام ملاعب الياسمين,"https://www.google.com/maps?q=29.938913,30.928932",29.938913,30.928932,auto_parts_and_supply_store,5bbcf0b5-424f-401d-a984-e66ef197b71b
New Badr For Ceramics للسيراميك والبورسلين والوحدات الصحية,,مواد بناء ورخام وسيراميك وخرسانة جاهزة,المنطقة الصناعية الثانية (6 أكتوبر),مصنع جديد تماماً (حصري),—,+201157990029,https://elbadrceramics.com/en,259 Abd Al Salam Amin - Al Salam St,"https://www.google.com/maps?q=29.939764,30.929026",29.939764,30.929026,,bc52ab06-569f-43c7-aaad-e46fc6e8182e
Atom Flow Systems,,تصنيع وإنتاج هندسي عام ومعدات,المنطقة الصناعية الثانية (6 أكتوبر),مصنع جديد تماماً (حصري),—,+201070418954,https://www.linkedin.com/company/atom-flow-systems/?lipi=urn%3Ali%3Apage%3Acompanies_company_index%3Ba8fb2930-b150-4d9d-9740-0b8c977b8a66,Ganoub alahiaa,"https://www.google.com/maps?q=29.91757,30.92902",29.91757,30.92902,hardware_store,9993c128-7ce9-455b-99ad-1d14f386ace6
French Car Service Bosha,,صناعات سيارات وشاحنات ومركبات تجارية,المنطقة الصناعية الثانية (6 أكتوبر),مصنع جديد تماماً (حصري),—,+201204400037,—,السادس من اكتوبر,"https://www.google.com/maps?q=29.917229,30.929104",29.917229,30.929104,automotive_repair,bd20a24e-fe9d-4f98-b441-6bcc2882e21f
El Nasr For Metal Forming,,تصنيع وإنتاج هندسي عام ومعدات,المنطقة الصناعية الثالثة (6 أكتوبر),مصنع جديد تماماً (حصري),—,+201033033119,https://pin.it/69Z6LoY,6 October City,"https://www.google.com/maps?q=29.881012,30.928572",29.881012,30.928572,industrial_company,2bc26bc1-dbce-48f9-8e93-6ea909fb653a
شركة اكتوبر لزيوت السيارات وقطع غيار توكتوك وموتوسيكل,,كيماويات وبتروكيماويات ودهانات وزيوت,المنطقة الصناعية الثانية (6 أكتوبر),مصنع جديد تماماً (حصري),—,+201018171151,—,218 رقم ٣٢,"https://www.google.com/maps?q=29.926529,30.929996",29.926529,30.929996,oil_change_station,5e977f22-50c1-4b4b-ac06-6c36b3d9a8ee
Hand Space,,تصنيع وإنتاج هندسي عام ومعدات,المنطقة الصناعية الأولى (6 أكتوبر),مصنع جديد تماماً (حصري),—,+201026252442,http://www.handlspace.com/,Mohmmed Imad Rageb - Al Tahrir St,"https://www.google.com/maps?q=29.950176,30.930382",29.950176,30.930382,engineering_services,1757b238-74f0-43b3-9ba7-5f27ae87079d
Bubbles car,,صناعات سيارات وشاحنات ومركبات تجارية,المنطقة الصناعية الأولى (6 أكتوبر),مصنع جديد تماماً (حصري),—,—,—,Garden hills,"https://www.google.com/maps?q=29.95113,30.930393",29.95113,30.930393,car_wash,76818569-e675-4d38-b532-485d3db8fa24
الإنجاز للزجاج والسيكوريت,,مواد بناء ورخام وسيراميك وخرسانة جاهزة,المنطقة الصناعية الأولى (6 أكتوبر),مصنع جديد تماماً (حصري),—,+201288820622,http://enjazglass-egy.com/,بجوار التوحيد والنور، محور الكفراوى,"https://www.google.com/maps?q=29.949875,30.930155",29.949875,30.930155,glass_and_mirror_sales_service,c98f2163-5ff7-40c0-bf87-5daa23a4d78c
المرجي للاثاث,,صناعات سيارات وشاحنات ومركبات تجارية,المنطقة الصناعية الأولى (6 أكتوبر),مصنع جديد تماماً (حصري),—,+201113629237,—,1371 Mohmmed Imad Rageb - Al Tahrir St,"https://www.google.com/maps?q=29.950035,30.930037",29.950035,30.930037,furniture_store,9942f205-131c-428f-8719-b039f8462e48
Eltamany for Advertising,,صناعات سيارات وشاحنات ومركبات تجارية,المنطقة الصناعية الأولى (6 أكتوبر),مصنع جديد تماماً (حصري),—,+201116366431,—,239 Al Mehwar Al Markazi,"https://www.google.com/maps?q=29.963079,30.929775",29.963079,30.929775,advertising_agency,2c37c61f-9eb6-4906-9ac9-0de7450803d0
Kadous Integrated Engineering Services,,تصنيع وإنتاج هندسي عام ومعدات,المنطقة الصناعية الأولى (6 أكتوبر),مصنع جديد تماماً (حصري),—,+201157780711,http://www.kadous-ies.com/,"Al-Markazy axis, 6th of October city","https://www.google.com/maps?q=29.961815,30.929773",29.961815,30.929773,interior_design,5b2172cb-22b3-4240-a764-e8013536c2b2
شركة الأمير للخدمات العامة,,تصنيع وإنتاج هندسي عام ومعدات,المنطقة الصناعية الأولى (6 أكتوبر),مصنع جديد تماماً (حصري),—,+201015228875,https://alameer.odoo.com/,جمهورية مصر العربيه,"https://www.google.com/maps?q=29.965469,30.929882",29.965469,30.929882,travel_services,f130204b-e532-4e61-ac93-704b6769fef6
طوارئ الغاز,,كيماويات وبتروكيماويات ودهانات وزيوت,المنطقة الصناعية الأولى (6 أكتوبر),مصنع جديد تماماً (حصري),—,—,www.natgas.com.eg/Gas-Meter-Reading.aspx,"مكتب 5 الدور الثاني سيلا مول بجوار شركة العاز و محطة شرطة النجدة المحور المركزي 6 اكتوبر،, Al Mehwar Al Markazi","https://www.google.com/maps?q=29.962883,30.929914",29.962883,30.929914,chemical_plant,0716fc4f-a1f8-470b-8dec-81004dd4e71d
شركه شيرين للبلاستيك - Shireen Plastic company,,صناعات بلاستيكية ومطاطية ومواسير,المنطقة الصناعية الأولى (6 أكتوبر),مصنع جديد تماماً (حصري),—,+201001317481,http://shop.shireen-pvc.com/,السادس من اكتوبر,"https://www.google.com/maps?q=29.983049,30.93",29.983049,30.93,plastic_company,a7db8d2f-e320-4a21-8172-2b9b03c7f5e6
عطارة ابوهيل للتوابل والبن,,صناعات غذائية ومشروبات ومطاحن,المنطقة الصناعية الأولى (6 أكتوبر),مصنع جديد تماماً (حصري),—,+201009991518,—,"مول هاي تاون, Gamal Abd Al Nassir Axis","https://www.google.com/maps?q=29.98152,30.93026",29.98152,30.93026,specialty_foods,2028da34-5684-44bb-9602-3d2bce48afe7
Top Service,,صناعات سيارات وشاحنات ومركبات تجارية,المنطقة الصناعية الأولى (6 أكتوبر),مصنع جديد تماماً (حصري),—,+201226005753,https://topserviceegypt.com/,الجيزة، ٦ اكتوبر، شارع مكتبة جامعة٦ أكتوبر موازي للمحور المركزي، بجوار بنك QNB، و محطة الغاز,"https://www.google.com/maps?q=29.962875,30.930086",29.962875,30.930086,automotive_repair,655069da-803d-40e6-8e36-569af32bf8a1
مركز النجدة لخدمات السيارات ,,صناعات سيارات وشاحنات ومركبات تجارية,المنطقة الصناعية الأولى (6 أكتوبر),مصنع جديد تماماً (حصري),—,+201094030628,—,ميدان النجدة بجوار حسني الكبابجى  خلف جزاراة القهوجي \n,"https://www.google.com/maps?q=29.96084,30.930105",29.96084,30.930105,automotive_repair,996c1d9f-01f8-4432-8667-98fc4f3988cb
AutoTechnik Garage,,صناعات سيارات وشاحنات ومركبات تجارية,المنطقة الصناعية الأولى (6 أكتوبر),مصنع جديد تماماً (حصري),—,+201006653358,http://www.autotechnik-eg.com/,6 Al Mehwar Al Markazi,"https://www.google.com/maps?q=29.965982,30.930363",29.965982,30.930363,professional_services,eefc9112-de3e-474f-80d5-1b73a6f4a79c
Zero 7 Garage,,صناعات سيارات وشاحنات ومركبات تجارية,المنطقة الصناعية الأولى (6 أكتوبر),مصنع جديد تماماً (حصري),—,+201127277203,—,Central Axis,"https://www.google.com/maps?q=29.965982,30.93037",29.965982,30.93037,auto_parts_and_supply_store,cd0945c9-f7e6-4998-bdbe-945ead88c333
Xtreme Garage,,صناعات سيارات وشاحنات ومركبات تجارية,المنطقة الصناعية الأولى (6 أكتوبر),مصنع جديد تماماً (حصري),—,+201020367735,https://www.tiktok.com/@karimmdarwish?_r=1&_t=ZS-963lYBEWGcW,Al Mehwar Al Markazi,"https://www.google.com/maps?q=29.965933,30.93041",29.965933,30.93041,automotive_repair,b86d3ca6-70d6-4b29-81a1-5b7efe7e7fe1
بلو كونسالتنج,,صناعات سيارات وشاحنات ومركبات تجارية,المنطقة الصناعية الأولى (6 أكتوبر),مصنع جديد تماماً (حصري),—,02 38359483,http://www.blueconsulting.org,المحور المركزى - مركز اكتوبر التجارى - عمارة 5 الدور 2 شقة 23,"https://www.google.com/maps?q=29.965979,30.930578",29.965979,30.930578,business_consulting,cbbaf215-5e03-4c44-a68e-dc1a4704f06f
شركة الصفا للتسويق العقارى,,تصنيع وإنتاج هندسي عام ومعدات,المنطقة الصناعية الأولى (6 أكتوبر),مصنع جديد تماماً (حصري),—,+201149992728,—,الحى 8 - المجاورة الرابعه - عمارة 3د - محور نادى الصيد - امام طيبة جاردنز,"https://www.google.com/maps?q=29.981709,30.930986",29.981709,30.930986,real_estate_service,80fa7df5-9f8d-4e20-bcd4-288f15e6975a
Grand Auto Service VW,,صناعات سيارات وشاحنات ومركبات تجارية,المنطقة الصناعية الأولى (6 أكتوبر),مصنع جديد تماماً (حصري),—,+201000271800,—,Ahmad Kamal Hamdi St,"https://www.google.com/maps?q=29.94846,30.930603",29.94846,30.930603,automotive_repair,e58e0a84-b8d1-4da2-b44b-5d5ef05d8526
Cars Gang Service Center,,صناعات سيارات وشاحنات ومركبات تجارية,المنطقة الصناعية الأولى (6 أكتوبر),مصنع جديد تماماً (حصري),—,+201064380052,https://maps.app.goo.gl/7UeXdtqjCozRxRheA,بجانب مسجد عماد راغب,"https://www.google.com/maps?q=29.950218,30.930592",29.950218,30.930592,automotive_repair,18f38a98-67eb-46b8-8657-f3fcaa498ea8
الهندسية للمقاولات العامة والتشطيبات والتسويق العقاري,,تصنيع وإنتاج هندسي عام ومعدات,المنطقة الصناعية الأولى (6 أكتوبر),مصنع جديد تماماً (حصري),—,+201003030051,http://contractor-442.business.site/,الحي الرابع,"https://www.google.com/maps?q=29.950884,30.931339",29.950884,30.931339,landmark_and_historical_building,ebc339ae-6dc4-4252-8b70-09ba0d08322a
شركة بناء الطاقة للمقاولات,,تصنيع وإنتاج هندسي عام ومعدات,المنطقة الصناعية الأولى (6 أكتوبر),مصنع جديد تماماً (حصري),—,+966500866002,http://www.IBuildingco.com/,"Al Mehwar Al Markazi, October Trade Center, Building 4, Flat 31","https://www.google.com/maps?q=29.96579,30.931194",29.96579,30.931194,construction_services,84db7464-3429-467e-a2cf-714cc4af5359
Ibuilding,,تصنيع وإنتاج هندسي عام ومعدات,المنطقة الصناعية الأولى (6 أكتوبر),مصنع جديد تماماً (حصري),—,+201018555525,https://linktr.ee/ibuilding,Al Mehwar Al Markazi,"https://www.google.com/maps?q=29.965811,30.931387",29.965811,30.931387,contractor,ed9ee79d-92bc-4dfd-918f-ffb77326ed65
شركة إتقان للتكييف والمقاولات,,تصنيع وإنتاج هندسي عام ومعدات,المنطقة الصناعية الأولى (6 أكتوبر),مصنع جديد تماماً (حصري),—,+201066682850,—,247ا الحى الثالث المجاوره الثانيه المحور المركزي مباشر ميدان النجدة,"https://www.google.com/maps?q=29.962252,30.931665",29.962252,30.931665,hvac_services,d1f544a7-b4a5-43e2-bc80-a9c6d5e1566c
German Garage Auto Service,,صناعات سيارات وشاحنات ومركبات تجارية,المنطقة الصناعية الأولى (6 أكتوبر),مصنع جديد تماماً (حصري),—,+201011177197,—,"Lacaite Plaza , El Hosary ,  6th of October ","https://www.google.com/maps?q=29.967648,30.931816",29.967648,30.931816,automotive_repair,e36cdd56-7382-404c-bdac-5187bc83e6af
شركة نقل اثاث باكتوبر,,نقل بري ولوجستيات وتخزين وأساطيل,المنطقة الصناعية الأولى (6 أكتوبر),مصنع جديد تماماً (حصري),—,+201030012007,https://october-movers.com/,6 اكتوبر، الجيزة,"https://www.google.com/maps?q=29.962072,30.932009",29.962072,30.932009,movers,91abc946-e5b7-4dd8-a13b-c5c364c44451
شركة البركة للتطوير العقاري,,تصنيع وإنتاج هندسي عام ومعدات,المنطقة الصناعية الأولى (6 أكتوبر),مصنع جديد تماماً (حصري),—,+201068301476,—,الحي 11 ابرج ستي ستار برج 7الدور 7 شقة 8,"https://www.google.com/maps?q=29.962044,30.932499",29.962044,30.932499,home_developer,e62f753b-ad01-43e9-b437-f431b75b5d5e
Dr Nano Protection,,صناعات سيارات وشاحنات ومركبات تجارية,المنطقة الصناعية الأولى (6 أكتوبر),مصنع جديد تماماً (حصري),—,+201032224884,http://www.drnanoceramic.com/,EGYPET,"https://www.google.com/maps?q=29.952875,30.932449",29.952875,30.932449,automotive_services_and_repair,8a22362d-03a6-40cc-8ab8-c184e02b907e
Location Auto Service,,صناعات سيارات وشاحنات ومركبات تجارية,المنطقة الصناعية الأولى (6 أكتوبر),مصنع جديد تماماً (حصري),—,+201007778134,http://locationautoservice.com/,"3rd Neighbourhood, Inside Watania Gas Station, Giza Governorate","https://www.google.com/maps?q=29.957527,30.932409",29.957527,30.932409,automotive_repair,86017368-6ca0-4934-9caa-5b699684ca65
شركة الدلتا للسكر,,تصنيع وإنتاج هندسي عام ومعدات,المنطقة الصناعية الأولى (6 أكتوبر),مصنع جديد تماماً (حصري),—,—,—,السادس من اكتوبر,"https://www.google.com/maps?q=29.957811,30.932018",29.957811,30.932018,party_and_event_planning,960f4dd3-f2a8-4fee-ac89-c51324673dde
الشافعى للشحن الدولى والاستيراد والتصدير,,نقل بري ولوجستيات وتخزين وأساطيل,المنطقة الصناعية الثالثة (6 أكتوبر),مصنع جديد تماماً (حصري),—,+201009543837,http://www.elshafeey.com/, قسم ثان 6 أكتوبر، مصر,"https://www.google.com/maps?q=29.899292,30.934069",29.899292,30.934069,freight_and_cargo_service,d8b50c21-e299-4202-b270-f463d5c8e29c
TotalEnergies,,صناعات سيارات وشاحنات ومركبات تجارية,المنطقة الصناعية الثانية (6 أكتوبر),موجود بالفعل بالسيستم (تحديث/إثراء إحداثيات),TotalEnergies,0225225655,https://eg.totalenergies.com/,وصلة دهشور الجنوبيه,"https://www.google.com/maps?q=29.910696,30.93317",29.910696,30.93317,gas_station,e814c2a8-c4eb-4d1a-9982-2db08dc1a3d3
EgyCon,,تصنيع وإنتاج هندسي عام ومعدات,المنطقة الصناعية الثانية (6 أكتوبر),مصنع جديد تماماً (حصري),—,—,—,3 شارع حي السكرية,"https://www.google.com/maps?q=29.926619,30.933126",29.926619,30.933126,construction_services,ca89c900-d9cd-401e-bc44-0eeaec8ede96
عطارة الشعلان,,صناعات غذائية ومشروبات ومطاحن,المنطقة الصناعية الأولى (6 أكتوبر),مصنع جديد تماماً (حصري),—,+201111712024,http://www.tiktok.com/@alshaalan.trading,"306, Street No. 13, Third District, Adjacent to No. 2, Third District, 6th of October City, Giza","https://www.google.com/maps?q=29.959164,30.933014",29.959164,30.933014,food_beverage_service_distribution,503c11e7-7aa2-4727-853a-8a1a91d088e3
First Trust - فرست تراست,,نقل بري ولوجستيات وتخزين وأساطيل,المنطقة الصناعية الأولى (6 أكتوبر),مصنع جديد تماماً (حصري),—,+201007676972,http://www.firsttrust-eg.com/,أبراج سيتي ستار - برج رقم 5 - الدور الخامس,"https://www.google.com/maps?q=29.964455,30.932692",29.964455,30.932692,transportation,bb8d02f5-b016-46e1-8882-931d3a673801
Namaa For Integrated Works,,تصنيع وإنتاج هندسي عام ومعدات,المنطقة الصناعية الأولى (6 أكتوبر),مصنع جديد تماماً (حصري),—,+201001615406,—,"13 C2 ابراج الفتح،خلف بنك FAB MISR, Al Mehwar Al Markazi","https://www.google.com/maps?q=29.965551,30.932878",29.965551,30.932878,interior_design,7a8eab10-00de-4884-b52b-43563a2f4a47
First Masr For Publicity and Advertising,,صناعات سيارات وشاحنات ومركبات تجارية,المنطقة الصناعية الأولى (6 أكتوبر),مصنع جديد تماماً (حصري),—,+201115675441,—,44 الحى 16 - الشيخ زايد,"https://www.google.com/maps?q=29.979053,30.932806",29.979053,30.932806,advertising_agency,af850692-da13-43ee-8220-ef5f868a1cb4
Nomix - نوميكس,,تصنيع وإنتاج هندسي عام ومعدات,المنطقة الصناعية الأولى (6 أكتوبر),مصنع جديد تماماً (حصري),—,+201030909916,https://nomix-eg.com/new/,قطعه 199 /  شارع 8 /  المنطقة الصناعية الثالثة,"https://www.google.com/maps?q=29.970161,30.933104",29.970161,30.933104,industrial_company,e618f411-481e-4571-8033-17247989e072
The Mechanic,,صناعات سيارات وشاحنات ومركبات تجارية,المنطقة الصناعية الأولى (6 أكتوبر),مصنع جديد تماماً (حصري),—,+201000482677,—,"بجوار صيدلية العزبي, Al Mehwar Al Markazi","https://www.google.com/maps?q=29.963797,30.933132",29.963797,30.933132,automotive_repair,19421580-c04e-4778-98b6-addbefb1a099
اتقان للهندسة والمقاولات,,تصنيع وإنتاج هندسي عام ومعدات,المنطقة الصناعية الأولى (6 أكتوبر),مصنع جديد تماماً (حصري),—,+201032832955,https://sites.google.com/view/2itqaneng,السادس من اكتوبر,"https://www.google.com/maps?q=29.963995,30.933262",29.963995,30.933262,construction_services,030a41aa-24be-445b-83b1-d9cdcd73b880
Princess Day,,صناعات سيارات وشاحنات ومركبات تجارية,المنطقة الصناعية الأولى (6 أكتوبر),مصنع جديد تماماً (حصري),—,—,https://youtube.com/@mahmoudzain9417,المحور المركزي ,"https://www.google.com/maps?q=29.965721,30.933271",29.965721,30.933271,business_advertising,35761104-4cf1-4d56-bd58-32fb5641e8b8
elwaiter,,صناعات سيارات وشاحنات ومركبات تجارية,المنطقة الصناعية الأولى (6 أكتوبر),مصنع جديد تماماً (حصري),—,+201112220810,http://www.elwaiter.com/,المحور المركزي - مدينة 6 أكتوبر - الجيزة,"https://www.google.com/maps?q=29.965721,30.933271",29.965721,30.933271,business_management_services,5c64bdd8-6e5c-4fcb-979b-6b77ea5373ae
smart Team Construction ,,تصنيع وإنتاج هندسي عام ومعدات,المنطقة الصناعية الأولى (6 أكتوبر),مصنع جديد تماماً (حصري),—,+201111210698,https://SmartTeamEg.com/,6 اكتوبر الحصري المحور المركزي,"https://www.google.com/maps?q=29.965721,30.933271",29.965721,30.933271,construction_services,8581bbb4-4b2a-417c-a903-9be3de319e03
Auto Line,,صناعات سيارات وشاحنات ومركبات تجارية,المنطقة الصناعية الأولى (6 أكتوبر),مصنع جديد تماماً (حصري),—,+201006669897,—,Al Mehwar Al Markazi,"https://www.google.com/maps?q=29.963772,30.933231",29.963772,30.933231,car_dealer,51aa750d-d591-463e-aa04-bdfac341c0bb
الدانا للانظمه الامنيه,,صناعات كهربائية وكابلات والكترونيات,المنطقة الصناعية الأولى (6 أكتوبر),مصنع جديد تماماً (حصري),—,+201092400743,—,السادس من اكتوبر,"https://www.google.com/maps?q=29.967165,30.933239",29.967165,30.933239,electronics,20049e05-73ba-4af9-9224-885cef206e47
Liquid Armour,,صناعات سيارات وشاحنات ومركبات تجارية,المنطقة الصناعية الأولى (6 أكتوبر),مصنع جديد تماماً (حصري),—,+201117555930,http://liquidarmour-usa.com/,Central Axis,"https://www.google.com/maps?q=29.966881,30.933325",29.966881,30.933325,auto_detailing,9e26aa82-933d-4515-b523-bbfd81d35324
At auto service,,صناعات سيارات وشاحنات ومركبات تجارية,المنطقة الصناعية الأولى (6 أكتوبر),مصنع جديد تماماً (حصري),—,+201080080987,—,Al Batea- Moazi Llmehwar Al Markazi,"https://www.google.com/maps?q=29.968979,30.933304",29.968979,30.933304,automotive_repair,98bda0f9-6bd1-4bef-82dc-2e91c757a14d
3Lines Innovations,,تصنيع وإنتاج هندسي عام ومعدات,المنطقة الصناعية الأولى (6 أكتوبر),مصنع جديد تماماً (حصري),—,+201123477018,—,Central Spine Al Fateh Buildings Doctors Tower (2,"https://www.google.com/maps?q=29.96557,30.933434",29.96557,30.933434,contractor,37677901-e7b0-4dd2-a204-09855c10014c
Ain Architecture & Decor Studio,,تصنيع وإنتاج هندسي عام ومعدات,المنطقة الصناعية الأولى (6 أكتوبر),مصنع جديد تماماً (حصري),—,+201003855002,http://aindecor.com/%D8%A5%D8%AA%D8%B5%D9%84-%D8%A8%D9%86%D8%A7/,اكتوبر المحور المركزي 22 الحي العاشر امام سيتى سكيب مول الدور الثالث,"https://www.google.com/maps?q=29.965641,30.933722",29.965641,30.933722,interior_design,79cceea8-4d0e-4eb8-a4dd-2bae17b5dadc
Hamedo motors,,صناعات سيارات وشاحنات ومركبات تجارية,المنطقة الصناعية الأولى (6 أكتوبر),مصنع جديد تماماً (حصري),—,+20233377003,—,93 Al Mehwar Al Markazi,"https://www.google.com/maps?q=29.9646,30.933704",29.9646,30.933704,car_dealer,eb048f1f-5cfa-495d-ba35-99386cac4468
مصلحة الرقابة الصناعية - اى سى ايه,,تصنيع وإنتاج هندسي عام ومعدات,المنطقة الصناعية الأولى (6 أكتوبر),مصنع جديد تماماً (حصري),—,02 38363478,http://www.ica.gov.eg,49 ش 6 متفرع من ش 10 - الحى الثامن,"https://www.google.com/maps?q=29.979685,30.933399",29.979685,30.933399,public_service_and_government,5e68a807-99d4-4624-9498-c0a4740e9c85
أيمن الحسيني لتجارة السيارات,,صناعات سيارات وشاحنات ومركبات تجارية,المنطقة الصناعية الأولى (6 أكتوبر),مصنع جديد تماماً (حصري),—,+201004300327,—,Al Mehwar Al Markazi,"https://www.google.com/maps?q=29.969059,30.93391",29.969059,30.93391,car_dealer,5934173e-b813-442a-a5fc-e32805ee1342
Auto Stop,,صناعات سيارات وشاحنات ومركبات تجارية,المنطقة الصناعية الأولى (6 أكتوبر),مصنع جديد تماماً (حصري),—,+201141432555,—,"٨٧ المحور المركزى،الحى الثالث, 6","https://www.google.com/maps?q=29.965172,30.934004",29.965172,30.934004,car_dealer,179b7568-8b3d-4a4a-a4fc-4dcc5064c2ef
SteeL WooD ابواب مصفحة,,تصنيع وإنتاج هندسي عام ومعدات,المنطقة الصناعية الأولى (6 أكتوبر),مصنع جديد تماماً (حصري),—,+201123150046,http://www.steelwood-eg.com/,السادس من اكتوبر,"https://www.google.com/maps?q=29.965073,30.934128",29.965073,30.934128,contractor,2693ad55-f047-40f4-b49b-f5590b7029cd
عطاره مجاهد,,صناعات غذائية ومشروبات ومطاحن,المنطقة الصناعية الأولى (6 أكتوبر),مصنع جديد تماماً (حصري),—,+201144823910,—,شارع عمارات ابو الوفا،,"https://www.google.com/maps?q=29.941765,30.933792",29.941765,30.933792,grocery_store,176a5f3a-ca75-437e-9615-b9c0c3ba846e
Trust construction & decorations,,تصنيع وإنتاج هندسي عام ومعدات,المنطقة الصناعية الأولى (6 أكتوبر),مصنع جديد تماماً (حصري),—,+201017465118,https://www.facebook.com/profile.php?id=61565717331757&mibextid=ZbWKwL,مسجد محمد عماد راغب مول كنوز النيل، محور الكفراوي,"https://www.google.com/maps?q=29.953686,30.934641",29.953686,30.934641,construction_services,88f842c1-2751-42c9-8329-52b601b4f8c6
Advanced Auto Service,,صناعات سيارات وشاحنات ومركبات تجارية,المنطقة الصناعية الأولى (6 أكتوبر),مصنع جديد تماماً (حصري),—,+201032212553,—,الحي الرابع، قسم أول 6 أكتوبر، اول 6 أكتوبر،، قسم أول 6 أكتوبر، اول 6 أكتوبر، الجيزة،,"https://www.google.com/maps?q=29.953825,30.934633",29.953825,30.934633,automotive_repair,466136e5-bf50-4d13-8168-2a953977622e
Mr. Fix auto service,,صناعات سيارات وشاحنات ومركبات تجارية,المنطقة الصناعية الأولى (6 أكتوبر),مصنع جديد تماماً (حصري),—,+201146886999,—,38 street 4 Mogawra,"https://www.google.com/maps?q=29.958834,30.934494",29.958834,30.934494,automotive_repair,63461da9-c9ec-498f-88ba-4f5470b7c414
Stander Packing  ستاندر باكنج,,صناعات بلاستيكية ومطاطية ومواسير,المنطقة الصناعية الأولى (6 أكتوبر),مصنع جديد تماماً (حصري),—,+201002523071,http://standerpacking.com/,مبنى 1054 المجاورة الخامسة - الحى الثالث - خلف سنتر الفيروز,"https://www.google.com/maps?q=29.959284,30.934454",29.959284,30.934454,industrial_company,ee84a853-4d26-4432-bd46-db972ff6dd97
Go On Auto 6 October,,صناعات سيارات وشاحنات ومركبات تجارية,المنطقة الصناعية الأولى (6 أكتوبر),مصنع جديد تماماً (حصري),—,+201026899071,—,الحي الرابع - سنتر كنوز النيل- بجوار مسجد عماد راغب,"https://www.google.com/maps?q=29.953245,30.934332",29.953245,30.934332,automotive_repair,e628c460-a090-4e48-a05c-2d1e5bf0df29
ناجح ميديا - Nageh Media,,صناعات سيارات وشاحنات ومركبات تجارية,المنطقة الصناعية الأولى (6 أكتوبر),مصنع جديد تماماً (حصري),—,+201094927946,http://nagehmedia.com/,عمارة 1509 المجاورة السابعة الحي الرابع مدينة 6اكتوبر محافظة الجيزة,"https://www.google.com/maps?q=29.95013,30.934277",29.95013,30.934277,advertising_agency,dbe2172f-6a79-404e-8469-ddbd1368f0f0
Connect Wave Agency,,صناعات سيارات وشاحنات ومركبات تجارية,المنطقة الصناعية الأولى (6 أكتوبر),مصنع جديد تماماً (حصري),—,+201001193345,http://connectwaveagency.com/,السادس من اكتوبر المحور المركزي امام النجدة ,"https://www.google.com/maps?q=29.962791,30.934149",29.962791,30.934149,business_advertising,d90bfd8c-2719-48f5-ad34-c98c5d5cf9e6
Master Solutions,,تصنيع وإنتاج هندسي عام ومعدات,المنطقة الصناعية الأولى (6 أكتوبر),مصنع جديد تماماً (حصري),—,+201002207833,http://WWW.MASTERSOLUTIONSEG.COM/,"El Mehwar El Markazi Street, Sixth of October, Giza, Egypt","https://www.google.com/maps?q=29.969831,30.934431",29.969831,30.934431,engineering_services,8f5d4ec7-c5ac-45e5-a540-119edaaf9f13
أركــــادا العقارية - علشانك بنبنيها,,تصنيع وإنتاج هندسي عام ومعدات,المنطقة الصناعية الأولى (6 أكتوبر),مصنع جديد تماماً (حصري),—,+201119873331,http://www.arcada-eg.com/,161 عبد المنعم رياض - عبد الخالق ثروت، قسم أول 6 أكتوبر،، Giza Governorate,"https://www.google.com/maps?q=29.976076,30.934872",29.976076,30.934872,real_estate_service,6004d9ae-898e-4bfe-8673-a895faa838f8
Elmagd For Rent Car,,صناعات سيارات وشاحنات ومركبات تجارية,المنطقة الصناعية الأولى (6 أكتوبر),مصنع جديد تماماً (حصري),—,+201006544658,—,75 الحي الثالث المجاورة الاولي 6 اكتوبر,"https://www.google.com/maps?q=29.965464,30.934671",29.965464,30.934671,shopping,eaaa867c-8657-43da-8353-c402e7adb559
معرض الصعيدي للسايرات,,صناعات سيارات وشاحنات ومركبات تجارية,المنطقة الصناعية الأولى (6 أكتوبر),مصنع جديد تماماً (حصري),—,+201021811149,http://cars.in.egypt/,69 Al Mehwar Al Markazi,"https://www.google.com/maps?q=29.965752,30.934914",29.965752,30.934914,car_dealer,e5e176e1-30bc-45a3-b997-5ed5d189c8c4
Blusky,,صناعات سيارات وشاحنات ومركبات تجارية,المنطقة الصناعية الأولى (6 أكتوبر),مصنع جديد تماماً (حصري),—,+201000313074,https://maps.app.goo.gl/6xvwGZjxk1J63xkY7?g_st=ic,69 Al Mehwar Al Markazi,"https://www.google.com/maps?q=29.965769,30.934917",29.965769,30.934917,car_wash,c46f4a63-d84d-4c62-9d62-d19d3c0a148e
Turbo Centre,,صناعات سيارات وشاحنات ومركبات تجارية,المنطقة الصناعية الأولى (6 أكتوبر),مصنع جديد تماماً (حصري),—,+201142834889,—,  الحي الثالث سنتر الجهاز بجوار معهد أكتوبر العالى OHi\nمقابل كازيون,"https://www.google.com/maps?q=29.961521,30.935087",29.961521,30.935087,automotive_repair,aabd6d0c-9878-47ad-8f15-858450830968
ونش رفع اثاث في اكتوبر  01034201813,,نقل بري ولوجستيات وتخزين وأساطيل,المنطقة الصناعية الأولى (6 أكتوبر),مصنع جديد تماماً (حصري),—,+201019697156,https://movingfurnituremasr.com/%d8%a7%d9%88%d9%86%d8%a7%d8%b4-%d8%b1%d9%81%d8%b9-%d8%a7%d8%ab%d8%a7%d8%ab-%d8%a8%d8%a7%d9%83%d8%aa%d9%88%d8%a8%d8%b1/,السادس من اكتوبر,"https://www.google.com/maps?q=29.974468,30.935162",29.974468,30.935162,freight_and_cargo_service,a3197158-0ab8-4174-aebe-811c88ad5ffc
توظيف مصنع باليندا التابع لـ سنتر شاهين,,تصنيع وإنتاج هندسي عام ومعدات,المنطقة الصناعية الأولى (6 أكتوبر),مصنع جديد تماماً (حصري),—,+201033999309,https://forms.gle/z5pUXegyCti7nVAp7,6OCTOBER,"https://www.google.com/maps?q=29.980541,30.935188",29.980541,30.935188,professional_services,d36a81b5-50a2-40bb-bd6f-9dd631cb04dc
Lucille Metal,,تصنيع وإنتاج هندسي عام ومعدات,المنطقة الصناعية الأولى (6 أكتوبر),مصنع جديد تماماً (حصري),—,+201281267711,http://www.lucillemetal.com/,"Gamal Abdel Naser, 6th of October City","https://www.google.com/maps?q=29.999317,30.934937",29.999317,30.934937,construction_services,34be574f-df44-4406-bf83-279476f8527e
Sky Food Supplies - سكاي فود للتوريدات الغذائية,,صناعات غذائية ومشروبات ومطاحن,المنطقة الصناعية الأولى (6 أكتوبر),مصنع جديد تماماً (حصري),—,+201111193833,https://skyfoodshop.com/,6th october,"https://www.google.com/maps?q=29.990383,30.935146",29.990383,30.935146,food_delivery_service,90f1ad97-578b-4abd-a09e-9c790f9fbec0
Fast Service,,صناعات سيارات وشاحنات ومركبات تجارية,المنطقة الصناعية الأولى (6 أكتوبر),مصنع جديد تماماً (حصري),—,+201111705488,—,"سنتر الياسمين, El-Tahrir","https://www.google.com/maps?q=29.979191,30.935568",29.979191,30.935568,automotive_repair,956b3e1c-cec2-478a-bdf0-c4baca365e69
Magic Express,,نقل بري ولوجستيات وتخزين وأساطيل,المنطقة الصناعية الأولى (6 أكتوبر),مصنع جديد تماماً (حصري),—,+201123832960,http://www.mmyon.com/,طريق التحرير مول الياسمين ,"https://www.google.com/maps?q=29.978395,30.935471",29.978395,30.935471,freight_and_cargo_service,40367c65-b3b7-4a68-a449-f3f71e21adcf
تأسيس مواسير التكييف on service,,صناعات بلاستيكية ومطاطية ومواسير,المنطقة الصناعية الأولى (6 أكتوبر),مصنع جديد تماماً (حصري),—,+201028746553,https://onservice-eg.com/,محافظة الجيزة,"https://www.google.com/maps?q=29.966309,30.935509",29.966309,30.935509,engineering_services,ced34522-5999-49b6-85dc-b75ad2073fd1
Modern Trade for Packing and Coding solutions,,تصنيع وإنتاج هندسي عام ومعدات,المنطقة الصناعية الأولى (6 أكتوبر),مصنع جديد تماماً (حصري),—,+201000791415,—,6th of October,"https://www.google.com/maps?q=29.966301,30.935509",29.966301,30.935509,industrial_company,6dfc9c2f-9553-4a76-9f07-8b2c169b6a26
Volvo Genius - Range Rover Genius,,صناعات سيارات وشاحنات ومركبات تجارية,المنطقة الصناعية الأولى (6 أكتوبر),مصنع جديد تماماً (حصري),—,+201090666020,—,صنيه الواحات ,"https://www.google.com/maps?q=29.966301,30.935509",29.966301,30.935509,automotive_repair,1514c62d-a49a-416d-b68f-4b7eb8404d82
Auto Nile Spare Parts,,صناعات سيارات وشاحنات ومركبات تجارية,المنطقة الصناعية الأولى (6 أكتوبر),مصنع جديد تماماً (حصري),—,+201099032905,http://WWW.AUTONILE-EG.COM/,76 شارع 6,"https://www.google.com/maps?q=29.966301,30.935509",29.966301,30.935509,auto_parts_and_supply_store,290b184a-0f05-48d4-ba31-8ab163846c79
أبو عبيدة للأفران و تجهيزات المطاعم,,تصنيع وإنتاج هندسي عام ومعدات,المنطقة الصناعية الأولى (6 أكتوبر),مصنع جديد تماماً (حصري),—,+963986863946,—,سوريا .. ريف دمشق .. مدينة التل,"https://www.google.com/maps?q=29.966301,30.935501",29.966301,30.935501,commercial_industrial,150f1226-2ef8-4013-b2c3-b8680b936c82
elmarakby steel - المراكبي للصلب,,حديد وصلب وألومنيوم وتشكيل معادن,المنطقة الصناعية الأولى (6 أكتوبر),مصنع جديد تماماً (حصري),—,+20233021937,https://www.elmarakbysteel.com/,المنطقة الصناعية الأولى (6 أكتوبر),"https://www.google.com/maps?q=29.966301,30.935509",29.966301,30.935509,industrial_company,bf8c384a-96ed-49d7-aeb4-8c301fbd21d2
Amoura,,تصنيع وإنتاج هندسي عام ومعدات,المنطقة الصناعية الأولى (6 أكتوبر),مصنع جديد تماماً (حصري),—,+201101994991,http://amouraeg.com/,العنوان الرئيسي : جمهورية مصر العربية – الجيزة – السادس من اكتوبر – المنطقة الصناعية السادسة – منطقة 300 – 641 .,"https://www.google.com/maps?q=29.966301,30.935501",29.966301,30.935501,commercial_industrial,7b3bf435-5ff0-44c4-87ac-1cf3bcb09a88
TopTech,,غزل ونسيج وملابس جاهزة,المنطقة الصناعية الأولى (6 أكتوبر),مصنع جديد تماماً (حصري),—,+20238243166,http://www.toptech-eg.com/,84 شارع المنطقه الصناعية,"https://www.google.com/maps?q=29.966301,30.935509",29.966301,30.935509,metal_fabricator,8ae9ea98-49e0-46a7-8126-45441cf66215
شركه نقل عفش بأكتوبر 01009573520,,نقل بري ولوجستيات وتخزين وأساطيل,المنطقة الصناعية الأولى (6 أكتوبر),مصنع جديد تماماً (حصري),—,+201009573520,https://elmagdnaqlafsh.com/,السادس من اكتوبر,"https://www.google.com/maps?q=29.966301,30.935509",29.966301,30.935509,travel_services,42028d88-c8bb-48f7-b6b1-baa01929b4ff
Caviar Media House,,صناعات سيارات وشاحنات ومركبات تجارية,المنطقة الصناعية الأولى (6 أكتوبر),مصنع جديد تماماً (حصري),—,+201158881006,—,الجيزة,"https://www.google.com/maps?q=29.966309,30.935509",29.966309,30.935509,record_label,8df51ade-12a3-46c6-8ace-b9802fe446e0
El khdiwy Group,,صناعات سيارات وشاحنات ومركبات تجارية,المنطقة الصناعية الأولى (6 أكتوبر),مصنع جديد تماماً (حصري),—,+201098818536,—,السادس من أكتوبر,"https://www.google.com/maps?q=29.966309,30.935509",29.966309,30.935509,business_advertising,fb35a3a9-bd52-48aa-aa08-c8b74554cfc0
Arc Shoes Company - مصنع آرك شوز,,تصنيع وإنتاج هندسي عام ومعدات,المنطقة الصناعية الأولى (6 أكتوبر),مصنع جديد تماماً (حصري),—,+201111599964,http://www.arcshoes.com/,Arc Shoes Factoryالمنطقة الصناعية الثانية، السادس من اكتوبر، الجيزة، Giza Governorate02 38202671https://goo.gl/maps/dQEQdzVzLAJ74DSFA,"https://www.google.com/maps?q=29.966301,30.935509",29.966301,30.935509,shoe_store,c44e556b-ef98-42dd-8d5b-f68f72ce3d65
Sphere-plast,,صناعات بلاستيكية ومطاطية ومواسير,المنطقة الصناعية الأولى (6 أكتوبر),مصنع جديد تماماً (حصري),—,+201018754332,http://www.sphere-plast.com/,51 شارع 2,"https://www.google.com/maps?q=29.966301,30.935509",29.966301,30.935509,plastic_company,869bed04-309d-4f55-86d6-a9cc63af2eed
Auto Drive اوتو درايف,,صناعات سيارات وشاحنات ومركبات تجارية,المنطقة الصناعية الأولى (6 أكتوبر),مصنع جديد تماماً (حصري),—,+201111198212,—,6th October ,"https://www.google.com/maps?q=29.966301,30.935501",29.966301,30.935501,automotive_repair,d539ce16-1aed-47d9-9afc-35801ec4d578
Art Windows for UPVC,,تصنيع وإنتاج هندسي عام ومعدات,المنطقة الصناعية الأولى (6 أكتوبر),مصنع جديد تماماً (حصري),—,+201033151333,https://www.art-upvc.com/,السادس من اكتوبر,"https://www.google.com/maps?q=29.966301,30.935509",29.966301,30.935509,commercial_industrial,3c3dbd10-9148-4b62-830a-bf305719cf33
المصريه لحلول التخزين و المناوله Best Rack,,تصنيع وإنتاج هندسي عام ومعدات,المنطقة الصناعية الأولى (6 أكتوبر),مصنع جديد تماماً (حصري),—,+201100865671,https://linktr.ee/BestRacking,طريق المحور المركزي - ميدان فودافون - طيبة جراند مول محل 150 ,"https://www.google.com/maps?q=29.966301,30.935509",29.966301,30.935509,industrial_company,5c0f26eb-e84a-4fff-844b-3f7b816bfb16
شركة الاتحاد لتجارة مواتير و فلاتر المياه بسعر الجمله,,تصنيع وإنتاج هندسي عام ومعدات,المنطقة الصناعية الأولى (6 أكتوبر),مصنع جديد تماماً (حصري),—,+201005708036,—,"leilat elqadr square, aly eldeen mall","https://www.google.com/maps?q=29.966301,30.935509",29.966301,30.935509,shopping,3da51a61-c526-4749-a517-ada65315b0ac
CBM Shipping,,نقل بري ولوجستيات وتخزين وأساطيل,المنطقة الصناعية الأولى (6 أكتوبر),مصنع جديد تماماً (حصري),—,+201007773229,https://www.cbmshipping.com/,مكتب ٧، مدينه ٦ اكتوبر - المحور المركزي، المجاوره ١,"https://www.google.com/maps?q=29.966145,30.935606",29.966145,30.935606,shipping_center,6478c511-c34d-4a68-b49f-080b93dd8ef0
Top care services,,صناعات سيارات وشاحنات ومركبات تجارية,المنطقة الصناعية الأولى (6 أكتوبر),مصنع جديد تماماً (حصري),—,+201032365936,https://topcareservices-car-wash.business.site/,امام مسجد محمد عماد راغب بجوار سان انترنشونال نرسري,"https://www.google.com/maps?q=29.951086,30.935408",29.951086,30.935408,automotive_repair,b4c87ed8-4064-4f9f-a6e8-63363b1dcebf
ARSH Construction,,مواد بناء ورخام وسيراميك وخرسانة جاهزة,المنطقة الصناعية الأولى (6 أكتوبر),مصنع جديد تماماً (حصري),—,+201159666987,http://www.arsh-egypt.com/,الحي الثالث,"https://www.google.com/maps?q=29.956963,30.935385",29.956963,30.935385,real_estate_service,1f6efe9d-a0d1-45f9-8e7e-3cd3e0914bed
آرش للتشييد والبناء,,تصنيع وإنتاج هندسي عام ومعدات,المنطقة الصناعية الأولى (6 أكتوبر),مصنع جديد تماماً (حصري),—,+201118112223,—,شارع 32، قسم أول 6، أكتوبر، اول 6,"https://www.google.com/maps?q=29.957525,30.935099",29.957525,30.935099,construction_services,5304249f-11f7-4393-8a6e-87076eac7d89
Al Yazeed compan - شركة اليزيد,,تصنيع وإنتاج هندسي عام ومعدات,المنطقة الصناعية الثانية (6 أكتوبر),مصنع جديد تماماً (حصري),—,+201026285454,https://real-estate-consultant-1595.business.site/,السادس من اكتوبر,"https://www.google.com/maps?q=29.908585,30.935043",29.908585,30.935043,community_services_non_profits,23e2cb62-e904-4031-b49a-e1ce3f7d255a
Dwaik Auto Service,,صناعات سيارات وشاحنات ومركبات تجارية,المنطقة الصناعية الثانية (6 أكتوبر),مصنع جديد تماماً (حصري),—,+201044998918,https://www.dwaikgroup.com/,Sheikh Zayed city مدخل زايد ٣,"https://www.google.com/maps?q=29.912565,30.936266",29.912565,30.936266,automotive_repair,b40e7042-349b-4d4f-87c2-9576c4527930
NOVA - Standard Industrial Co,,تصنيع وإنتاج هندسي عام ومعدات,المنطقة الصناعية الثانية (6 أكتوبر),مصنع جديد تماماً (حصري),—,+2019629,https://www.tiktok.com/@nova_standard,6 th of October city - Giza - egypt,"https://www.google.com/maps?q=29.922916,30.936169",29.922916,30.936169,industrial_company,9d3b80c1-883f-4a9f-ad81-f396597a23e7
شركة المشرق العقارية,,تصنيع وإنتاج هندسي عام ومعدات,المنطقة الصناعية الأولى (6 أكتوبر),مصنع جديد تماماً (حصري),—,+201094601824,—,الدور الثاني - عمارة رقم 8/39 بجوار دار أيتام سعاد كفافي - المحور الخدمي,"https://www.google.com/maps?q=29.971115,30.935661",29.971115,30.935661,real_estate_service,21640974-1e44-4790-bec0-76140aadd61f
Power Lift - تأجير واستيراد المعدات الثقيلة,,تصنيع وإنتاج هندسي عام ومعدات,المنطقة الصناعية الأولى (6 أكتوبر),مصنع جديد تماماً (حصري),—,+201035800806,—,مدينة السادس من اكتوبر,"https://www.google.com/maps?q=29.966871,30.935781",29.966871,30.935781,,0ece2e84-405d-4f4e-a198-195f1b20f8e5
Afnan Catering,,صناعات غذائية ومشروبات ومطاحن,المنطقة الصناعية الأولى (6 أكتوبر),مصنع جديد تماماً (حصري),—,+201147774768,https://linktr.ee/afnan.catering,"31/1 El Tahrir Road El Yasmine Mall, Floor 1","https://www.google.com/maps?q=29.978815,30.936377",29.978815,30.936377,caterer,563c780c-dd0d-4b23-b93c-fbd76bba73a4
Viper,,صناعات سيارات وشاحنات ومركبات تجارية,المنطقة الصناعية الأولى (6 أكتوبر),مصنع جديد تماماً (حصري),—,+201061025053,—,44 Street 41,"https://www.google.com/maps?q=29.975643,30.936363",29.975643,30.936363,auto_body_shop,4b3b7909-0ee4-4ba3-8e57-9f10ab557a17
الشركة المصرية الدولية للطاقة الشمسية,,تصنيع وإنتاج هندسي عام ومعدات,المنطقة الصناعية الأولى (6 أكتوبر),مصنع جديد تماماً (حصري),—,+201002850965,https://amounses.com/,El-Mounir Commercial Mall,"https://www.google.com/maps?q=29.975632,30.936296",29.975632,30.936296,b2b_energy_and_mining,cbcc71fa-c84e-429c-9609-3175b6e388f9
Crema Dairy Market,,صناعات غذائية ومشروبات ومطاحن,المنطقة الصناعية الأولى (6 أكتوبر),مصنع جديد تماماً (حصري),—,+201116668980,—,Street 41,"https://www.google.com/maps?q=29.975428,30.936329",29.975428,30.936329,grocery_store,9c625127-c9c9-4df6-993c-e35c020354ff
Lion House,,صناعات سيارات وشاحنات ومركبات تجارية,المنطقة الصناعية الأولى (6 أكتوبر),مصنع جديد تماماً (حصري),—,+201150020430,—,الحي الثامن، قسم أول 6 أكتوبر،,"https://www.google.com/maps?q=29.979168,30.936222",29.979168,30.936222,auto_detailing,a0a1171b-df73-4d82-8160-4f5019f916ec
Cark Egypt,,صناعات سيارات وشاحنات ومركبات تجارية,المنطقة الصناعية الأولى (6 أكتوبر),مصنع جديد تماماً (حصري),—,+201066329310,—,El-Tahrir,"https://www.google.com/maps?q=29.979067,30.936274",29.979067,30.936274,automotive_repair,c07139dd-670b-41bd-80b3-a894ee91bc08
Al Noor Engineering Design and Consultant,,تصنيع وإنتاج هندسي عام ومعدات,المنطقة الصناعية الأولى (6 أكتوبر),مصنع جديد تماماً (حصري),—,+201061763000,—,El-Tahrir Rd,"https://www.google.com/maps?q=29.97876,30.936163",29.97876,30.936163,engineering_services,743c069e-a202-4aa6-ab93-5a734a2c31fb
Al Safwa Service Center,,صناعات سيارات وشاحنات ومركبات تجارية,المنطقة الصناعية الأولى (6 أكتوبر),مصنع جديد تماماً (حصري),—,+201001754159,—,8 شارع الياسمين,"https://www.google.com/maps?q=29.979782,30.936144",29.979782,30.936144,automotive_repair,5f6d5b2b-0c88-4c55-8a06-1f7db443bb4b
مركز أريتوزى السوري لخدمة السيارات,,صناعات سيارات وشاحنات ومركبات تجارية,المنطقة الصناعية الأولى (6 أكتوبر),مصنع جديد تماماً (حصري),—,+201063764381,—,، الحي الثامن بحوار اولاد رجب وسوبرماركت بيم في سنتر الياسمين,"https://www.google.com/maps?q=29.979017,30.936033",29.979017,30.936033,automotive_repair,64264d91-2d3d-44fb-8884-3357e2516b29
ArchiCave,,تصنيع وإنتاج هندسي عام ومعدات,المنطقة الصناعية الأولى (6 أكتوبر),مصنع جديد تماماً (حصري),—,+201050018700,http://www.archilines.net/,"2nd floor, Rana mall, Al Mehwar Al Markazi","https://www.google.com/maps?q=29.967916,30.936045",29.967916,30.936045,architectural_designer,83772400-af63-47b9-83f7-d23bd0aed940
The Farm 6 October Branch,,تصنيع وإنتاج هندسي عام ومعدات,المنطقة الصناعية الأولى (6 أكتوبر),مصنع جديد تماماً (حصري),—,+201211288886,—,"The farm, Al Mehwar Al Markazi Al Nassr St","https://www.google.com/maps?q=29.967642,30.9361",29.967642,30.9361,meat_wholesaler,824d2ed6-a638-47a4-b098-10d98e3737d6
101 Veterinary Clinic,,صناعات سيارات وشاحنات ومركبات تجارية,المنطقة الصناعية الأولى (6 أكتوبر),مصنع جديد تماماً (حصري),—,+201116111339,—,Al Mehwar Al Markazi,"https://www.google.com/maps?q=29.966553,30.93622",29.966553,30.93622,veterinarian,96efb18b-3ec9-4c05-ae0c-1d6459b53bd6
Pirelli,,صناعات سيارات وشاحنات ومركبات تجارية,المنطقة الصناعية الأولى (6 أكتوبر),مصنع جديد تماماً (حصري),—,+2019834,http://www.pirelli.com/,٦ أكتوبر بجوار مسجد الحصري,"https://www.google.com/maps?q=29.96747,30.936392",29.96747,30.936392,tire_dealer_and_repair,56a002b0-b530-4227-b896-3f38c68050eb
تريد لاين للصناعه والتجاره بولي- تك لمنتجات البولي يورثان,,تصنيع وإنتاج هندسي عام ومعدات,المنطقة الصناعية الأولى (6 أكتوبر),مصنع جديد تماماً (حصري),—,+201117777332,https://tradeline-pu.com/,السادس من اكتوبر,"https://www.google.com/maps?q=29.979725,30.936504",29.979725,30.936504,industrial_company,e3f05b2b-2e1e-4c01-a240-df545745cfbe
Falsafat Magnon _Auto Service,,صناعات سيارات وشاحنات ومركبات تجارية,المنطقة الصناعية الأولى (6 أكتوبر),مصنع جديد تماماً (حصري),—,+201025480046,—,Falsafat magnon (auto service),"https://www.google.com/maps?q=29.979046,30.936493",29.979046,30.936493,automotive_services_and_repair,93fe0494-af8b-4d9a-874d-3726a25e2034
M preference,,صناعات سيارات وشاحنات ومركبات تجارية,المنطقة الصناعية الأولى (6 أكتوبر),مصنع جديد تماماً (حصري),—,+201029556134,—,السادس من اكتوبر,"https://www.google.com/maps?q=29.975306,30.936533",29.975306,30.936533,appliance_repair_service,9c6c8924-2dc9-4890-afd5-93937f25f26a
Fourge Engineers and Contractors,,تصنيع وإنتاج هندسي عام ومعدات,المنطقة الصناعية الأولى (6 أكتوبر),مصنع جديد تماماً (حصري),—,+20238896393,—,Al Mehwar Al Markazi,"https://www.google.com/maps?q=29.971647,30.936554",29.971647,30.936554,construction_services,b5f28a4c-0218-4cd7-817d-43f4652ebb4a
MGarage Service Center,,صناعات سيارات وشاحنات ومركبات تجارية,المنطقة الصناعية الأولى (6 أكتوبر),مصنع جديد تماماً (حصري),—,+201127722778,—,رقم 41، قسم أول 6 أكتوبر،,"https://www.google.com/maps?q=29.975422,30.936495",29.975422,30.936495,professional_services,d28e964e-c622-4839-8069-ce09031fb5fc
Home Creations and Development,,صناعات سيارات وشاحنات ومركبات تجارية,المنطقة الصناعية الأولى (6 أكتوبر),مصنع جديد تماماً (حصري),—,+201030029993,http://www.homecd.org/,الجيزة,"https://www.google.com/maps?q=29.985329,30.937111",29.985329,30.937111,party_and_event_planning,9c493af9-709d-4245-85b0-a89dd87a9072
الرؤى للمقاولات العامه وتراخيص البناء,,مواد بناء ورخام وسيراميك وخرسانة جاهزة,المنطقة الصناعية الأولى (6 أكتوبر),مصنع جديد تماماً (حصري),—,+201065692333,https://alroaa.site/,الحي السابع  _ سنتر الأردنيه  _ بجوار التأمين الصحي ,"https://www.google.com/maps?q=29.971899,30.936811",29.971899,30.936811,masonry_concrete,cd77ef7e-99eb-4374-8442-87df5e16876f
شركة دام الإعمار للإستثمار والتطوير العقاري,,تصنيع وإنتاج هندسي عام ومعدات,المنطقة الصناعية الأولى (6 أكتوبر),مصنع جديد تماماً (حصري),—,+201013876721,—,"امام رنا مول, المحور المركزي, مدخل, محافظة الجيزة 12585","https://www.google.com/maps?q=29.966522,30.936829",29.966522,30.936829,property_management,9c05b599-fee7-4d48-a74c-2563fd70ad89
Auto Design,,تصنيع وإنتاج هندسي عام ومعدات,المنطقة الصناعية الأولى (6 أكتوبر),مصنع جديد تماماً (حصري),—,+201023871477,—,Central Axis behind EL tawheed & EL nor,"https://www.google.com/maps?q=29.968082,30.937",29.968082,30.937,architectural_designer,fbd404b6-cea5-46b4-bf38-41409cc6adeb
Ghataty October2 - غطاطي اكتوبر2,,صناعات سيارات وشاحنات ومركبات تجارية,المنطقة الصناعية الأولى (6 أكتوبر),مصنع جديد تماماً (حصري),—,010 61997226,https://www.ghataty.com,محل رقم 8 العقار رقم 1722 الحي الثالث المجاورة الثامنه,"https://www.google.com/maps?q=29.953537,30.937576",29.953537,30.937576,automotive_repair,17369593-7cd9-4b0e-be6d-dd4c1a3ed4a8
El-Garaj Car Service Center,,صناعات سيارات وشاحنات ومركبات تجارية,المنطقة الصناعية الأولى (6 أكتوبر),مصنع جديد تماماً (حصري),—,+201144770975,—,"Hassan Bahaa El Din Street, 3rd District, 6 October City, Giza Governorate, Egypt","https://www.google.com/maps?q=29.957506,30.937437",29.957506,30.937437,automotive_repair,85362178-9092-4a41-8ca7-ca60446e6d44
Dr. Khaled Autoglass,,مواد بناء ورخام وسيراميك وخرسانة جاهزة,المنطقة الصناعية الأولى (6 أكتوبر),مصنع جديد تماماً (حصري),—,+201006316063,—,"First, Street 40","https://www.google.com/maps?q=29.953304,30.937225",29.953304,30.937225,auto_glass_service,f749de99-becd-4718-8a31-077181b87160
خدمات الإستثمار الصناعى,,تصنيع وإنتاج هندسي عام ومعدات,المنطقة الصناعية الأولى (6 أكتوبر),مصنع جديد تماماً (حصري),—,+201100901207,https://www.omalmisr.com/,المقر الرئيسى :-6اكتوبر- مجمع سي بي سي الصناعي - البوابة الثالثة - القطعه 92.93 ( مجموعة عمال مصر ),"https://www.google.com/maps?q=29.970259,30.937668",29.970259,30.937668,investing,6adf131d-933f-44d4-9801-f94be1ffe824
Bara Auto,,صناعات سيارات وشاحنات ومركبات تجارية,المنطقة الصناعية الأولى (6 أكتوبر),مصنع جديد تماماً (حصري),—,+201000224992,—,"المحور المركزي,مدينة السادس من أكتوبر،قسم أول ٦ أكتوبر امام أولاد رجب عمارة 387","https://www.google.com/maps?q=29.967361,30.937538",29.967361,30.937538,towing_service,031c9ec8-52e4-4ffc-816f-4f805894c3c3
مهره للشحن الدولي,,نقل بري ولوجستيات وتخزين وأساطيل,المنطقة الصناعية الأولى (6 أكتوبر),مصنع جديد تماماً (حصري),—,+201093684345,—,الجيزه,"https://www.google.com/maps?q=29.962112,30.937674",29.962112,30.937674,freight_and_cargo_service,58ad9199-cf12-4e0a-90bc-759a692f365d
Master Car  ماستر كار ,,صناعات سيارات وشاحنات ومركبات تجارية,المنطقة الصناعية الأولى (6 أكتوبر),مصنع جديد تماماً (حصري),—,+201009935251,https://maps.app.goo.gl/FaU2cn7sq15hLfMK6?g_st=com.google.maps.preview.copy,شارع عمر بن الخطاب عماره 401,"https://www.google.com/maps?q=29.966,30.93774",29.966,30.93774,automotive_repair,7de47a25-5f22-4e55-bbc2-de12de09bbb1
البرادعى موتورز - Elbaradei Motors,,صناعات سيارات وشاحنات ومركبات تجارية,المنطقة الصناعية الأولى (6 أكتوبر),مصنع جديد تماماً (حصري),—,+201033334390,http://www.elbaradeigroup.com/,١١ مجلس الدولة,"https://www.google.com/maps?q=29.964245,30.938118",29.964245,30.938118,car_dealer,1d432c29-ebbc-4c91-b1e9-dcc55ae6de40
QTC,,تصنيع وإنتاج هندسي عام ومعدات,المنطقة الصناعية الأولى (6 أكتوبر),مصنع جديد تماماً (حصري),—,+201274200070,http://www.qtc-egypt.com/,7 شارع مكة المكرمة,"https://www.google.com/maps?q=29.982853,30.938017",29.982853,30.938017,construction_services,bea5d696-2c86-4f73-9196-a05f26446bd6
مراتب يانسن وانجلندر - منفذ بيع المصنع ( الدور الأول علوي ) ليس لنا فروع اخري داخل اكتوبر,,تصنيع وإنتاج هندسي عام ومعدات,المنطقة الصناعية الأولى (6 أكتوبر),مصنع جديد تماماً (حصري),—,+201121713717,—,"امام التوحيد والنور وبلو باص, Al Mehwar Al Markazi","https://www.google.com/maps?q=29.967987,30.938437",29.967987,30.938437,mattress_store,e0f4943c-ab8a-49c3-aa98-cb1f56ad82b4
معرض الصقر للسيارات,,صناعات سيارات وشاحنات ومركبات تجارية,المنطقة الصناعية الأولى (6 أكتوبر),مصنع جديد تماماً (حصري),—,+201021570250,—,373 Al Mehwar Al Markazi Al Nassr St,"https://www.google.com/maps?q=29.967825,30.938299",29.967825,30.938299,car_dealer,3e99671e-427f-4e09-b6ba-f319188601f3
Zitchi for kitchen,,تصنيع وإنتاج هندسي عام ومعدات,المنطقة الصناعية الأولى (6 أكتوبر),مصنع جديد تماماً (حصري),—,+201095073348,http://www.zitchi.org/,مدينة 6 أكتوبر - الحي الثاني - المحور المركزي - أمام التوحيد والنور,"https://www.google.com/maps?q=29.967726,30.938263",29.967726,30.938263,interior_design,666ed3d3-67fc-4c06-be29-6f940873ba9d
Rentex,,تصنيع وإنتاج هندسي عام ومعدات,المنطقة الصناعية الأولى (6 أكتوبر),مصنع جديد تماماً (حصري),—,+201025556600,https://rentexcars-eg.com/,ميدان النجدة - الحي الرابع - ٦ اكتوبر ,"https://www.google.com/maps?q=29.969316,30.938459",29.969316,30.938459,car_rental_agency,fa27f152-093d-4f67-b78c-646013bb4af2
نور جروب noor group,,تصنيع وإنتاج هندسي عام ومعدات,المنطقة الصناعية الأولى (6 أكتوبر),مصنع جديد تماماً (حصري),—,+201116859701,—,الحي الثالث المحور الكفراوي سنتر أكتوبر ٣ مقابل البنك الأهلي المصري ,"https://www.google.com/maps?q=29.953945,30.938251",29.953945,30.938251,construction_services,0e685a53-c085-4af4-81fe-ef39da1f863e
Mafia Car Accessories,,صناعات سيارات وشاحنات ومركبات تجارية,المنطقة الصناعية الأولى (6 أكتوبر),مصنع جديد تماماً (حصري),—,+201115297427,—,قبل مسجد عماد راغب وامام البنك الاهلي، اكتوبر، محور الكفراوي,"https://www.google.com/maps?q=29.953941,30.93816",29.953941,30.93816,automotive_repair,5ce5aed2-312d-48ca-9370-bc9476ab1a64
Gormaz Innovations,,تصنيع وإنتاج هندسي عام ومعدات,المنطقة الصناعية الأولى (6 أكتوبر),مصنع جديد تماماً (حصري),—,+201067400080,http://www.gormazeg.com/,26 Al-Kahraba St,"https://www.google.com/maps?q=29.941824,30.939077",29.941824,30.939077,home_developer,f3c5f5a7-970b-4ab8-9328-e0ca77706131
سيراميك حجازي,,مواد بناء ورخام وسيراميك وخرسانة جاهزة,المنطقة الصناعية الأولى (6 أكتوبر),مصنع جديد تماماً (حصري),—,+201008560900,https://shopping-center-ceramicahegazy.business.site/?utm_source=gmb&utm_medium=referral,محور الكفراوي امام معهد التكنولوجيا,"https://www.google.com/maps?q=29.955278,30.939241",29.955278,30.939241,construction_services,fe1dbe43-f04f-48aa-a2c5-e385219f9b2c
مراعي الشام للمواد الغذائية,,تصنيع وإنتاج هندسي عام ومعدات,المنطقة الصناعية الأولى (6 أكتوبر),مصنع جديد تماماً (حصري),—,—,—,الجيزة ـ 6 أكتوبر ـ الحي الثاني ـ مجاورة أولى ـ شارع محمد بدوي ,"https://www.google.com/maps?q=29.967529,30.938765",29.967529,30.938765,commercial_industrial,d4b66ecf-e81e-4ca9-b191-c23617c766ef
Rose Tea - شاى الوردة,,صناعات غذائية ومشروبات ومطاحن,المنطقة الصناعية الأولى (6 أكتوبر),مصنع جديد تماماً (حصري),—,+201285434447,http://www.elwardatea.com/,قطعة رقم ٨ امتداد المنطقة الصناعية الثالثة - ٦ أكتوبر ,"https://www.google.com/maps?q=29.961329,30.938904",29.961329,30.938904,tea_room,c37447d4-f4e9-425c-b86d-0fc00578db1d
Special For Contracting,,تصنيع وإنتاج هندسي عام ومعدات,المنطقة الصناعية الأولى (6 أكتوبر),مصنع جديد تماماً (حصري),—,+201050135013,—,Al Mehwar Al Markazi Al Nassr St,"https://www.google.com/maps?q=29.969393,30.93898",29.969393,30.93898,construction_services,5c1e2e59-6031-42bd-add0-b1ed2bceebb5
Be Fit,,صناعات بلاستيكية ومطاطية ومواسير,المنطقة الصناعية الأولى (6 أكتوبر),مصنع جديد تماماً (حصري),—,+201110207027,http://befitcenter.blogspot.com.eg/,السادس من اكتوبر - المحور المركزي - الحي الثاني أمام التوحيد والنور أعلى حضرموت الدور الرابع,"https://www.google.com/maps?q=29.968058,30.938875",29.968058,30.938875,plastic_surgeon,4f67e3ef-df49-4fa8-aa62-b6af8bb4c7f5
Egyptian European General Services,,صناعات سيارات وشاحنات ومركبات تجارية,المنطقة الصناعية الأولى (6 أكتوبر),مصنع جديد تماماً (حصري),—,+201026626612,—,"10, القاهرة ألكبري مدينة 6أكتوبر – الحي الثامن – المرحلة الاولي – الدور الثالث – شقة رقم","https://www.google.com/maps?q=29.973387,30.938864",29.973387,30.938864,home_cleaning,0bbd56c4-8646-48b1-a15e-04b70df739e4
La Garage,,صناعات سيارات وشاحنات ومركبات تجارية,المنطقة الصناعية الأولى (6 أكتوبر),مصنع جديد تماماً (حصري),—,+201211288883,—,"لاسيتيه بلازا , اسفل صيدلية العزبي, المحور الموازي للمركزي, Divided from Al Mehwar","https://www.google.com/maps?q=29.972315,30.938696",29.972315,30.938696,automotive_repair,9679c5ff-31c0-408a-9b49-779cbef173c0
Auto Egypt,,صناعات سيارات وشاحنات ومركبات تجارية,المنطقة الصناعية الأولى (6 أكتوبر),مصنع جديد تماماً (حصري),—,+201060980088,—,14 Mecca El-Mokarrama,"https://www.google.com/maps?q=29.983614,30.938726",29.983614,30.938726,automotive_repair,31c671a9-83e9-4fa6-b002-54cdfa3dda47
لاشين للاستانلس Lasheen Stainless,,غزل ونسيج وملابس جاهزة,المنطقة الصناعية الأولى (6 أكتوبر),مصنع جديد تماماً (حصري),—,+201064988237,https://www.lasheenstst.com/,"Lasheenstst لاشين للاستانلس, 1899-1991, El-Yasmin, First 6th of October, Giza Governorate ","https://www.google.com/maps?q=29.996275,30.938704",29.996275,30.938704,metal_fabricator,a8986df0-e0e0-4fdf-ba4c-69a64e7b0544
الدولية للتطوير العقارى,,تصنيع وإنتاج هندسي عام ومعدات,المنطقة الصناعية الأولى (6 أكتوبر),مصنع جديد تماماً (حصري),—,+201022008872,—,، مدينة السادس من أكتوبر،، الظهير الصحراوى لمحافظة الجيزة، الجيزة،,"https://www.google.com/maps?q=29.989868,30.939175",29.989868,30.939175,real_estate_service,733ac6f6-b144-45fb-90a4-b1e217bebc46
Fnoon فنون,,صناعات سيارات وشاحنات ومركبات تجارية,المنطقة الصناعية الأولى (6 أكتوبر),مصنع جديد تماماً (حصري),—,+201000039553,—,7,"https://www.google.com/maps?q=29.972628,30.939363",29.972628,30.939363,printing_services,c6d71141-f117-485b-8709-fe1335421d4b
Zone Auto,,صناعات سيارات وشاحنات ومركبات تجارية,المنطقة الصناعية الأولى (6 أكتوبر),مصنع جديد تماماً (حصري),—,+20238350566,http://www.exactgroupeg.com/,Al Mehwar Al Markazi,"https://www.google.com/maps?q=29.972792,30.939247",29.972792,30.939247,car_dealer,455894e6-7bbc-4ae9-a2d0-6cfcea11ba55
OneTrack Auto Services,,صناعات سيارات وشاحنات ومركبات تجارية,المنطقة الصناعية الأولى (6 أكتوبر),مصنع جديد تماماً (حصري),—,+201055533072,http://onetrackeg.com/,جراج لاسيتيه مول ٦ اكتوبر المحور المركزي الخدمي بعد ميدان لاسيتيه اسفل خير زمان والعزبي خلف التوحيد والنور,"https://www.google.com/maps?q=29.972248,30.939199",29.972248,30.939199,automotive_repair,3d6b8270-2d9b-450d-9c7e-c12d3b2a368d
Turbó,,صناعات سيارات وشاحنات ومركبات تجارية,المنطقة الصناعية الأولى (6 أكتوبر),مصنع جديد تماماً (حصري),—,+201110000220,—,الحى الثامن اهالى المحور المركزي امام فندق السرايا و بنك Cib بجوار حديقه الحصري \nمعرض كاريزما للسيارات\n,"https://www.google.com/maps?q=29.973284,30.939047",29.973284,30.939047,car_dealer,3fdaf015-1323-48cb-b72a-472c568d20c6
Baba Saleh,,تصنيع وإنتاج هندسي عام ومعدات,المنطقة الصناعية الأولى (6 أكتوبر),مصنع جديد تماماً (حصري),—,+201093552015,https://babasaleh.com/ar/,6 October - Section 8 - Partition 10 - Ground floor - La Cite Mall,"https://www.google.com/maps?q=29.972485,30.939047",29.972485,30.939047,sports_wear,18cc81aa-1197-419c-9fbc-b6a7e2fbdc7b
Carisma Automotive,,صناعات سيارات وشاحنات ومركبات تجارية,المنطقة الصناعية الأولى (6 أكتوبر),مصنع جديد تماماً (حصري),—,+201277967777,—,8/13 Al Batea- Moazi Llmehwar Al Markazi,"https://www.google.com/maps?q=29.973389,30.939077",29.973389,30.939077,car_dealer,5798aed1-440f-468b-b299-9d3cec63da2d
New Era Investment,,تصنيع وإنتاج هندسي عام ومعدات,المنطقة الصناعية الأولى (6 أكتوبر),مصنع جديد تماماً (حصري),—,+201200606010,http://www.neweraegypt.com/,Al Mehwar Al Markazi- District 2 - Royal Towers Mall 102,"https://www.google.com/maps?q=29.970604,30.939032",29.970604,30.939032,home_developer,7f30a33d-2e18-42a1-b374-418ac2a02c46
Perpetual Marketing Agency,,صناعات سيارات وشاحنات ومركبات تجارية,المنطقة الصناعية الأولى (6 أكتوبر),مصنع جديد تماماً (حصري),—,+201000050407,https://ppl-agency.com/,"517 Dr. Mohamed, Badawy St","https://www.google.com/maps?q=29.967609,30.939236",29.967609,30.939236,marketing_agency,6cebaff5-b358-44a8-878e-bb884da03e9f
Xpert-eg,,صناعات سيارات وشاحنات ومركبات تجارية,المنطقة الصناعية الأولى (6 أكتوبر),مصنع جديد تماماً (حصري),—,+201140003021,http://www.xpert-eg.com/,Al Mehwar Al Markazi Al Nassr St,"https://www.google.com/maps?q=29.969284,30.939449",29.969284,30.939449,advertising_agency,fd2aaa45-b486-4fde-b058-2db22efc2902
شركة آرت للمقاولات والاستثمار العقاري,,تصنيع وإنتاج هندسي عام ومعدات,المنطقة الصناعية الأولى (6 أكتوبر),مصنع جديد تماماً (حصري),—,+201102600441,https://esoeslam38.wixsite.com/thedoctorrealstate,٣٤٠ المحور المركزي _ الحي الثاني _ أكتوبر _ قسم أول,"https://www.google.com/maps?q=29.968603,30.939442",29.968603,30.939442,real_estate_service,6a697792-44f1-4fb3-a3f8-8a9f247241c3
شركة الروائع المعمارية,,تصنيع وإنتاج هندسي عام ومعدات,المنطقة الصناعية الأولى (6 أكتوبر),مصنع جديد تماماً (حصري),—,+201092655247,—,"اكتوبر بلازا - الدور الاول - ميدان الحصري, Al Mehwar Al Markazi","https://www.google.com/maps?q=29.969522,30.939558",29.969522,30.939558,engineering_services,d923ece6-685b-43c2-bae2-ff9330fb56d6
Solo Sketch Kitchens,,صناعات سيارات وشاحنات ومركبات تجارية,المنطقة الصناعية الأولى (6 أكتوبر),مصنع جديد تماماً (حصري),—,+201017576502,http://www.solosketch.com/,"La Cité Plaza Mall, behind Al-Hosary Mosque","https://www.google.com/maps?q=29.96954,30.939548",29.96954,30.939548,furniture_store,6c83e572-bcf6-44ba-9b8d-7d525eb618bb
Express car service,,صناعات سيارات وشاحنات ومركبات تجارية,المنطقة الصناعية الأولى (6 أكتوبر),مصنع جديد تماماً (حصري),—,+201011610812,—,"برج السفراء. خلف مستشفى تبارك للأطفال, مدينة ٦ اكتوبر . المحور المركزي, خلف مسجد الحصري","https://www.google.com/maps?q=29.970339,30.939735",29.970339,30.939735,automotive_repair,a397f294-7e95-4f08-8936-56837920ea1d
Smart for Electrical Engineering,,تصنيع وإنتاج هندسي عام ومعدات,المنطقة الصناعية الأولى (6 أكتوبر),مصنع جديد تماماً (حصري),—,+201050002523,http://www.see-eg.com/,المحور المركزي(طريق النصر)، قسم أول 6 أكتوبر، اول 6 أكتوبر،، قسم أول 6 أكتوبر، اول 6 أكتوبر، الجيزة، السادس من اكتوبر،,"https://www.google.com/maps?q=29.969444,30.939627",29.969444,30.939627,industrial_equipment,3318635d-be1f-43cb-b7d4-c07b422d260f
The Point,,صناعات سيارات وشاحنات ومركبات تجارية,المنطقة الصناعية الأولى (6 أكتوبر),مصنع جديد تماماً (حصري),—,+201009627238,http://thepoint.tatweermisr-eg.com/,قصر الثقافة، قصر الثقافة،، Giza Governorate،,"https://www.google.com/maps?q=29.981478,30.93956",29.981478,30.93956,automotive_repair,d02905c8-742f-47ad-a96a-feb24bed32c5
مركز السمكري لاصلاح سيارات الحوادث,,صناعات سيارات وشاحنات ومركبات تجارية,المنطقة الصناعية الأولى (6 أكتوبر),مصنع جديد تماماً (حصري),—,+201110620022,https://www.facebook.com/Auto-Repair-102897484975087/,السادس من اكتوبر,"https://www.google.com/maps?q=29.982935,30.939545",29.982935,30.939545,auto_body_shop,b15ab159-9aaa-494b-a8e8-1bc385432382
EVService,,صناعات سيارات وشاحنات ومركبات تجارية,المنطقة الصناعية الأولى (6 أكتوبر),مصنع جديد تماماً (حصري),—,+201225555267,http://evsouq.com/evservice,السادس من اكتوبر,"https://www.google.com/maps?q=29.982931,30.939528",29.982931,30.939528,automotive_repair,2358c43b-fa2c-4bb2-9e10-c66f51aad699
شركة نقل اثاث بحدائق اكتوبر,,نقل بري ولوجستيات وتخزين وأساطيل,المنطقة الصناعية الأولى (6 أكتوبر),مصنع جديد تماماً (حصري),—,+201004236023,https://elyousrtransport.com/2022/09/24/%d8%b4%d8%b1%d9%83%d8%a9-%d9%86%d9%82%d9%84-%d8%a7%d8%ab%d8%a7%d8%ab-%d9%81%d9%8a-%d8%ad%d8%af%d8%a7%d8%a6%d9%82-%d8%a7%d9%83%d8%aa%d9%88%d8%a8%d8%b1-01004236023/,6 اكتوبر ، محافظة الجيزة ,"https://www.google.com/maps?q=29.980494,30.939405",29.980494,30.939405,movers,00fb0b97-6f1b-45e5-80fc-9e21cde536e7
Green Apple October center,,صناعات سيارات وشاحنات ومركبات تجارية,المنطقة الصناعية الأولى (6 أكتوبر),مصنع جديد تماماً (حصري),—,+201554821185,http://www.Greenapple.com/,السادس من اكتوبر,"https://www.google.com/maps?q=29.965904,30.939901",29.965904,30.939901,weight_loss_center,611652dc-ea27-4749-8ae3-8e2663c13306
Stand form,,صناعات سيارات وشاحنات ومركبات تجارية,المنطقة الصناعية الأولى (6 أكتوبر),مصنع جديد تماماً (حصري),—,+201099807495,—,لاسيتيه مول,"https://www.google.com/maps?q=29.971504,30.93998",29.971504,30.93998,business_manufacturing_and_supply,9486cd7e-ebb5-42ca-9e53-2b3f4f58afc9
Kaza Kitch,,تصنيع وإنتاج هندسي عام ومعدات,المنطقة الصناعية الأولى (6 أكتوبر),مصنع جديد تماماً (حصري),—,+201558366609,—,La Cite Mall – El Hosary Square ,"https://www.google.com/maps?q=29.971249,30.940145",29.971249,30.940145,contractor,ef5aad3a-4516-45b4-bf41-5c015da43bbc
Al Rawan Dates,,صناعات غذائية ومشروبات ومطاحن,المنطقة الصناعية الأولى (6 أكتوبر),مصنع جديد تماماً (حصري),—,+201020084117,http://www.alrawanexport.com/,319 شارع المحور المركزي,"https://www.google.com/maps?q=29.969353,30.940287",29.969353,30.940287,farm,460bf674-d6c9-4694-ad5e-866ee6494d6a
Dar Al Benaa,,تصنيع وإنتاج هندسي عام ومعدات,المنطقة الصناعية الأولى (6 أكتوبر),مصنع جديد تماماً (حصري),—,+201060005339,—,alhosary-solymar buildings-building no.3-6th floor-flat no.604,"https://www.google.com/maps?q=29.97138,30.940315",29.97138,30.940315,engineering_services,cbdd58a8-1e72-4eb8-a036-e254183648b6
POWER art,,صناعات سيارات وشاحنات ومركبات تجارية,المنطقة الصناعية الأولى (6 أكتوبر),مصنع جديد تماماً (حصري),—,+201028497676,—,95 المحور المركزي، ميدان الحصري,"https://www.google.com/maps?q=29.969162,30.94047",29.969162,30.94047,advertising_agency,eecb9da2-c1eb-4f13-965e-9227087fa279
ليونز جراج بيجو و ستروين,,صناعات سيارات وشاحنات ومركبات تجارية,المنطقة الصناعية الأولى (6 أكتوبر),مصنع جديد تماماً (حصري),—,+201019185151,—,"خلف الحصرى, Al Mehwar Al Markazi","https://www.google.com/maps?q=29.970564,30.940464",29.970564,30.940464,automotive_repair,80bbdb99-2d20-4af4-8dbf-72d7e980338f
كيماويات البناء الحديث,,كيماويات وبتروكيماويات ودهانات وزيوت,المنطقة الصناعية الأولى (6 أكتوبر),مصنع جديد تماماً (حصري),—,+201117770689,—,"سنتر الفيروز 1, Al Mehwar Al Markazi","https://www.google.com/maps?q=29.970022,30.940372",29.970022,30.940372,building_supply_store,4b62ed7b-6348-449f-b948-3fc723813e9b
Inshaa Misr,,تصنيع وإنتاج هندسي عام ومعدات,المنطقة الصناعية الأولى (6 أكتوبر),مصنع جديد تماماً (حصري),—,+201019222216,https://inshaamisr.com/,المحور المركزي - ميدان مسجد الحصري - أمام فينيسيا للديكور - برج الفيروز 1,"https://www.google.com/maps?q=29.970051,30.940357",29.970051,30.940357,home_developer,42868548-24bc-411d-bd0e-9de97b341d4e
Pretty Auto Stores,,صناعات سيارات وشاحنات ومركبات تجارية,المنطقة الصناعية الأولى (6 أكتوبر),مصنع جديد تماماً (حصري),—,+201006191383,—,Unnamed Road,"https://www.google.com/maps?q=29.970703,30.940329",29.970703,30.940329,auto_parts_and_supply_store,28014dd6-b21c-4a07-a95d-4bb07424e9f8
ونش رفع العفش01090709741بحدايق اكتوبر,,نقل بري ولوجستيات وتخزين وأساطيل,المنطقة الصناعية الأولى (6 أكتوبر),مصنع جديد تماماً (حصري),—,+201090709741,—,حدائق أكتوبر ,"https://www.google.com/maps?q=29.973822,30.940294",29.973822,30.940294,freight_and_cargo_service,3905d731-6946-4c28-bd1e-ad0b90da01c4
Nandy Tea شاي ناندي,,صناعات غذائية ومشروبات ومطاحن,المنطقة الصناعية الأولى (6 أكتوبر),مصنع جديد تماماً (حصري),—,+201204488876,http://www.enanyinv.com/,"Plot 176, 3rd Industrial Extension","https://www.google.com/maps?q=29.973005,30.940163",29.973005,30.940163,food_beverage_service_distribution,957f81ff-8905-4763-a0b4-d5de16da5798
العميد للتشطيبات والديكورات,,تصنيع وإنتاج هندسي عام ومعدات,المنطقة الصناعية الأولى (6 أكتوبر),مصنع جديد تماماً (حصري),—,+201273121374,—,قليوب البلد - محافظه القليوبيه ,"https://www.google.com/maps?q=29.973854,30.940144",29.973854,30.940144,real_estate_service,0a2f5c3f-dac0-4f1b-84b4-cbfd84757bfa
Pro Car Service,,صناعات سيارات وشاحنات ومركبات تجارية,المنطقة الصناعية الأولى (6 أكتوبر),مصنع جديد تماماً (حصري),—,+20238364086,—,"سنتر الخليل ابراهيم, ١٠ش Mecca El-Mokarrama","https://www.google.com/maps?q=29.982576,30.940186",29.982576,30.940186,automotive_repair,b62bc71a-512c-4b5f-8f55-a8ea5a9f9bbe
Done,,صناعات بلاستيكية ومطاطية ومواسير,المنطقة الصناعية الأولى (6 أكتوبر),مصنع جديد تماماً (حصري),—,+201553000250,http://www.done-eg.com/,Waraqa Ibn Naofal,"https://www.google.com/maps?q=29.982922,30.940842",29.982922,30.940842,plastic_manufacturer,4dbf155a-e022-402c-9be3-0fa5a01a4e84
شركة نقل الاثاث 6أكتوبر,,نقل بري ولوجستيات وتخزين وأساطيل,المنطقة الصناعية الأولى (6 أكتوبر),مصنع جديد تماماً (حصري),—,+201004236023,https://elyousrtransport.com/2022/09/24/%d8%b4%d8%b1%d9%83%d8%a9-%d9%86%d9%82%d9%84-%d8%a7%d8%ab%d8%a7%d8%ab-%d9%81%d9%8a-%d8%ad%d8%af%d8%a7%d8%a6%d9%82-%d8%a7%d9%83%d8%aa%d9%88%d8%a8%d8%b1-01004236023/,"ميدان الحصري، 6 october السادس من اكتوبر, Giza, Egypt, ","https://www.google.com/maps?q=29.974054,30.940714",29.974054,30.940714,movers,4764902c-b192-405d-a46b-bd34eff16dbc
هارون بلاست,,صناعات بلاستيكية ومطاطية ومواسير,المنطقة الصناعية الأولى (6 أكتوبر),مصنع جديد تماماً (حصري),—,02 38373471,http://www.harounplast.com,6 عمارات سوليمار - المحور المركزى الدور 1 شقة 8,"https://www.google.com/maps?q=29.972513,30.940636",29.972513,30.940636,plastic_company,3f78c52a-84e9-4f32-bdbc-c2bbc8c11ffe
venecia Decor,,تصنيع وإنتاج هندسي عام ومعدات,المنطقة الصناعية الأولى (6 أكتوبر),مصنع جديد تماماً (حصري),—,+201008555713,http://www.veneciaegypt.com/,99 Al Mehwar Al Markazi Al Nassr St,"https://www.google.com/maps?q=29.969435,30.940611",29.969435,30.940611,home_goods_store,7fd3608d-883e-4913-ae2f-9b2f94036ddc
المطروحي للخضار والفاكهة,,صناعات غذائية ومشروبات ومطاحن,المنطقة الصناعية الأولى (6 أكتوبر),مصنع جديد تماماً (حصري),—,+201020065693,—,مدينة السادس من أكتوبر، قسم أول 6 أكتوبر،,"https://www.google.com/maps?q=29.970959,30.940598",29.970959,30.940598,grocery_store,fd0592a8-de75-44d3-b11c-7b82ee8a485e
Auto Trust VW October,,صناعات سيارات وشاحنات ومركبات تجارية,المنطقة الصناعية الأولى (6 أكتوبر),مصنع جديد تماماً (حصري),—,+201024077722,—,"الحي التاني ، شارع, Generation 2000 School","https://www.google.com/maps?q=29.9646,30.940744",29.9646,30.940744,auto_parts_and_supply_store,11b7d9f3-1297-43f2-8770-80d622360007
شركة الرؤية العصرية للسيراميك والبورسلين والادوات الصحية Modern Vision Egy,,مواد بناء ورخام وسيراميك وخرسانة جاهزة,المنطقة الصناعية الأولى (6 أكتوبر),مصنع جديد تماماً (حصري),—,+201064200055,http://mvm-group.com/,السادس من أكتوبر _ المحور المركزي _ مقابل لابوار كافيه _ بجانب مطعم تشك تشكن,"https://www.google.com/maps?q=29.969528,30.940701",29.969528,30.940701,wholesale_store,b7b49325-68cb-4faf-9854-b79f54a64b54
ترند اكتوبر Auto,,صناعات سيارات وشاحنات ومركبات تجارية,المنطقة الصناعية الأولى (6 أكتوبر),مصنع جديد تماماً (حصري),—,+201010035309,—,المحور المركزي ,"https://www.google.com/maps?q=29.969347,30.940722",29.969347,30.940722,automotive_services_and_repair,dcc1ffcc-1a52-4ac7-9705-22ca3f61d04d
كونكريت للمقاولات والاستثمار العقارى,,تصنيع وإنتاج هندسي عام ومعدات,المنطقة الصناعية الأولى (6 أكتوبر),مصنع جديد تماماً (حصري),—,02 38375200,http://www.concrete4building.com,المحور المركزى,"https://www.google.com/maps?q=29.970499,30.940756",29.970499,30.940756,construction_services,8bd6d5e0-f4e6-43fc-88ce-94e00080e262
DR. Mohamed Salah - د. محمد صلاح,,صناعات بلاستيكية ومطاطية ومواسير,المنطقة الصناعية الأولى (6 أكتوبر),مصنع جديد تماماً (حصري),—,+201111136544,https://www.instagram.com/dr.mohamadsalah/,مدينة الشيخ زايد - مجمع رفيدة الطبي - الدور الثاني - عيادة 204,"https://www.google.com/maps?q=29.970369,30.940914",29.970369,30.940914,dermatologist,d9d25b1b-6fd2-4de8-981f-001b6b26e0fe
الضحى الهندسية- Aldoha Engineering,,تصنيع وإنتاج هندسي عام ومعدات,المنطقة الصناعية الأولى (6 أكتوبر),مصنع جديد تماماً (حصري),—,+201032393945,http://www.aldohagroups.com/,"Next to Al-Hossary Mosque, Al Mehwar Al Markazi, First 6th of October, Giza Governorate 12537","https://www.google.com/maps?q=29.969028,30.94091",29.969028,30.94091,architectural_designer,c734228b-f3a7-4075-86e1-f4dfdb646139
الهدير للمفروشات الجمله,,غزل ونسيج وملابس جاهزة,المنطقة الصناعية الأولى (6 أكتوبر),مصنع جديد تماماً (حصري),—,+201025495461,—,الحصري المحور المركزي - برج رقم ٦بعد مسجد الحصري بجوار غطاطي للإطارات,"https://www.google.com/maps?q=29.97064,30.941166",29.97064,30.941166,b2b_textiles,3f8162d8-02f2-4d85-9c2f-a61dd5b7d701
"Gizatec, Giza Fertilizers Manufacturing co.",,كيماويات وبتروكيماويات ودهانات وزيوت,المنطقة الصناعية الأولى (6 أكتوبر),مصنع جديد تماماً (حصري),—,+201000083600,http://www.gizatec.com/,"344, El Hegaz St., 7th. Dist.,","https://www.google.com/maps?q=29.977417,30.941107",29.977417,30.941107,chemical_plant,b92bbcba-8269-4643-9319-2e15d3239fdd
Homeart,,تصنيع وإنتاج هندسي عام ومعدات,المنطقة الصناعية الأولى (6 أكتوبر),مصنع جديد تماماً (حصري),—,+201111877828,http://www.instgram.com/homeart_egypt,Blue star mall - office 49,"https://www.google.com/maps?q=29.971945,30.940998",29.971945,30.940998,architectural_designer,248ee564-3f65-41c7-882f-fa9177f43344
خزانات مياه - مصنع بلاستوتنك,,صناعات بلاستيكية ومطاطية ومواسير,المنطقة الصناعية الأولى (6 أكتوبر),مصنع جديد تماماً (حصري),—,+201227658815,https://www.plastotank.com/,"قطعة رقم 146 امتداد المنطقة الصناعية الثالثة خلف مصنع الكموني للسيارات, 6 أكتوبر , مصر","https://www.google.com/maps?q=29.975637,30.940962",29.975637,30.940962,industrial_company,eb3a663e-5ee1-4d09-a811-badcc04535c6
شركة نقل عفش في اكتوبر 01033977303,,نقل بري ولوجستيات وتخزين وأساطيل,المنطقة الصناعية الأولى (6 أكتوبر),مصنع جديد تماماً (حصري),—,+201033977303,https://www.facebook.com/Luggage.Transfor.Company.in.October/,اكتوبر ,"https://www.google.com/maps?q=29.972265,30.940969",29.972265,30.940969,transportation,8b7906ce-f400-4222-adb1-cb1ee6dd4969
شركات نقل الاثاث بالسادس من اكتوبر 01023466174,,نقل بري ولوجستيات وتخزين وأساطيل,المنطقة الصناعية الأولى (6 أكتوبر),مصنع جديد تماماً (حصري),—,+201101577400,https://www.google.com/url?sa=t&source=web&rct=j&url=https%3A%2F%2Fteba400.wordpress.com%2F&ved=2ahUKEwji-Nvkg7H2AhXEwKQKHSgPABYQFnoECDwQAQ&usg=AOvVaw2eI4Po7UYmJH8mRICG8rQE,‏السادس من أكتوبر‏,"https://www.google.com/maps?q=29.972691,30.940889",29.972691,30.940889,movers,e01e0cc4-0e6a-49f3-85db-dfd3ff84bb4d
AlFares Egypt,,تصنيع وإنتاج هندسي عام ومعدات,المنطقة الصناعية الأولى (6 أكتوبر),مصنع جديد تماماً (حصري),—,+201090200126,http://www.alfaresegypt.com/,6th of october - el mehwar el markazy - medan magda -prime plaza,"https://www.google.com/maps?q=29.974037,30.941622",29.974037,30.941622,construction_services,2d7175ca-4586-4d5f-aff8-a5afd482a9a3
ونش رفع اثاث بحدائق الاهرام 01151979497,,نقل بري ولوجستيات وتخزين وأساطيل,المنطقة الصناعية الأولى (6 أكتوبر),مصنع جديد تماماً (حصري),—,+201004236023,https://elyousrtransport.com/2022/09/13/%D9%88%D9%86%D8%B4-%D8%B1%D9%81%D8%B9-%D8%A7%D9%84%D8%A7%D8%AB%D8%A7%D8%AB-%D8%A8%D8%AD%D8%AF%D8%A7%D8%A6%D9%82-%D8%A7%D9%84%D8%A7%D9%87%D8%B1%D8%A7%D9%85-01004236023/,"282 منطقة د بوابة احمس, الجيزة ","https://www.google.com/maps?q=29.972227,30.941559",29.972227,30.941559,movers,153926fc-8650-4bfc-9c24-11106a0840c6
الالفي,,صناعات سيارات وشاحنات ومركبات تجارية,المنطقة الصناعية الأولى (6 أكتوبر),مصنع جديد تماماً (حصري),—,+201006752712,—,سنتر الاردنية الحي السابع ,"https://www.google.com/maps?q=29.980148,30.941523",29.980148,30.941523,automotive_repair,69955f0c-014e-41d5-94ed-e9931cdd97b2
شركة تكييف 6 اكتوبر - 01101120111,,تصنيع وإنتاج هندسي عام ومعدات,المنطقة الصناعية الأولى (6 أكتوبر),مصنع جديد تماماً (حصري),—,+201101120111,https://air-conditioners.website/,الحى المتميز مجاورة3 السوق التجارى / 6 أكتوبر,"https://www.google.com/maps?q=29.973303,30.941278",29.973303,30.941278,hvac_services,56451506-3b00-46ba-aacd-e6baddf3d132
جولدن تاتش للنظافة وتنظيف الواجهات الزجاجية والكلادينج  ,,مواد بناء ورخام وسيراميك وخرسانة جاهزة,المنطقة الصناعية الأولى (6 أكتوبر),مصنع جديد تماماً (حصري),—,+201553855400,https://www.instagram.com/ttsh.jwldn?igsh=MXhkOGJnbTBkN2hwdQ%3D%3D,الشيخ زايد ,"https://www.google.com/maps?q=29.971819,30.941319",29.971819,30.941319,home_cleaning,0821ec94-3fd4-498c-90b7-51e416f528af
ونش رفع عفش في كمبوند دجله جاردنز حدائق اكتوبر 01032428296,,نقل بري ولوجستيات وتخزين وأساطيل,المنطقة الصناعية الأولى (6 أكتوبر),موجود بالفعل بالسيستم (تحديث/إثراء إحداثيات),شركة نقل عفش العاشرمن رمضان 01032428296،شركات نقل الأثاث,+201032428296,https://66a503f013c7c.site123.me/,كمبوند دجله جاردنز حدائق اكتوبر ,"https://www.google.com/maps?q=29.974899,30.941359",29.974899,30.941359,freight_and_cargo_service,5b075edc-dad2-4995-8bf7-f6c6ad538df4
MN Group,,تصنيع وإنتاج هندسي عام ومعدات,المنطقة الصناعية الأولى (6 أكتوبر),مصنع جديد تماماً (حصري),—,+201020805324,—,"أبراج عزيز ميخائيل بجوار Air gym, الحصري, Al Mehwar Al Markazi","https://www.google.com/maps?q=29.971167,30.941328",29.971167,30.941328,construction_services,8862d003-a643-4c18-83e9-9801ecfe8c7a
Shades Construction and Engineering,,تصنيع وإنتاج هندسي عام ومعدات,المنطقة الصناعية الأولى (6 أكتوبر),مصنع جديد تماماً (حصري),—,+20238361833,https://www.tiktok.com/@shadesengineering?_r=1&_t=ZS-96PQYw0gR2m,"Al Alamyia Co, Towers, Tower, Offica No. 1, 3B Al Hossary Square","https://www.google.com/maps?q=29.970758,30.941343",29.970758,30.941343,construction_services,7054c531-f886-4c3e-8b87-4f5cb0d530f9
عثمان للطباعة,,تصنيع وإنتاج هندسي عام ومعدات,المنطقة الصناعية الأولى (6 أكتوبر),مصنع جديد تماماً (حصري),—,+201115245482,https://othmanprinting.wordpress.com/,مدارس جيل 2000، قسم أول 6 أكتوبر، اول 6 أكتوبر، الجيزة،,"https://www.google.com/maps?q=29.965162,30.941355",29.965162,30.941355,screen_printing_t_shirt_printing,7d9b6370-1661-46eb-93d1-fef1cf52a43d
رتاج للعمارة والديكور والتشطيبات,,تصنيع وإنتاج هندسي عام ومعدات,المنطقة الصناعية الأولى (6 أكتوبر),مصنع جديد تماماً (حصري),—,+20238382477,https://reitajdar.com/finishing-and-decoration/,"2 ابراج عزيز ميخائيل, الدور 2, بجوار مسجد الحصرى","https://www.google.com/maps?q=29.971243,30.941481",29.971243,30.941481,interior_design,ecc02d46-9c09-493e-8cea-d67e6576e90a
ثرى ام للدعاية والاعلان,,صناعات سيارات وشاحنات ومركبات تجارية,المنطقة الصناعية الأولى (6 أكتوبر),مصنع جديد تماماً (حصري),—,+201150006315,https://www.facebook.com/Charisma.adv6/,ابراج عزيز ميخائيل - المحور المركزى,"https://www.google.com/maps?q=29.97089,30.941484",29.97089,30.941484,advertising_agency,9651ac10-b03c-45ab-a5b2-15d5c14ed98f
ARKAN - Contracting & Marketing,,تصنيع وإنتاج هندسي عام ومعدات,المنطقة الصناعية الأولى (6 أكتوبر),مصنع جديد تماماً (حصري),—,+201014720108,—,المحور المركزي - ابراج الشركة العالمية - برج ١ - الدور الثاني - مكتب ٣,"https://www.google.com/maps?q=29.971077,30.941536",29.971077,30.941536,engineering_services,ab93b457-6947-4681-a9ba-ec19e4ef0733
شركة المهندس وسيط تمويل عقارى,,تصنيع وإنتاج هندسي عام ومعدات,المنطقة الصناعية الأولى (6 أكتوبر),مصنع جديد تماماً (حصري),—,+20238374045,—,1 المحور المركزي,"https://www.google.com/maps?q=29.971025,30.941622",29.971025,30.941622,real_estate_service,a186c4c9-a000-41d2-9425-4f0120ec7f9b
مؤسسة خالد لكهربائي السيارات,,صناعات سيارات وشاحنات ومركبات تجارية,المنطقة الصناعية الأولى (6 أكتوبر),مصنع جديد تماماً (حصري),—,—,—,سنتر الفيروز الحى الثالث السادس من اكتوبر ,"https://www.google.com/maps?q=29.957985,30.94153",29.957985,30.94153,automotive_repair,9d72b5a1-0508-4866-ae17-aa1358c018c2
CLADIFYWpc,,كيماويات وبتروكيماويات ودهانات وزيوت,المنطقة الصناعية الأولى (6 أكتوبر),مصنع جديد تماماً (حصري),—,+201004824229,—,Zayed,"https://www.google.com/maps?q=29.949081,30.941235",29.949081,30.941235,contractor,bc2e5b8c-1355-4a29-bdd9-27cb83e55edd
ديار للبناء والتطوير,,تصنيع وإنتاج هندسي عام ومعدات,المنطقة الصناعية الثانية (6 أكتوبر),مصنع جديد تماماً (حصري),—,+201280801900,https://deyaarhany.com/,شقه 1، عماره 23، جنوب الاحياء - المستثمر الصغير,"https://www.google.com/maps?q=29.931988,30.941494",29.931988,30.941494,property_management,59fa0273-c09f-4372-896e-4febcdc6f682
Free Will Design,,صناعات سيارات وشاحنات ومركبات تجارية,المنطقة الصناعية الأولى (6 أكتوبر),مصنع جديد تماماً (حصري),—,+201006771782,—,1479 47th Street,"https://www.google.com/maps?q=29.950687,30.942221",29.950687,30.942221,professional_services,ff6ea568-a8cd-4c95-ad36-6ce60d29d3a8
ستار تولز لمعدات مراكز الخدمة,,صناعات سيارات وشاحنات ومركبات تجارية,المنطقة الصناعية الأولى (6 أكتوبر),مصنع جديد تماماً (حصري),—,+201063348838,https://startools-eg.com/,عمارة 1433 - شارع 53 - الحي الثالث - المجاورة السابعة، متفرع من محور الكفراوي - ناصية محور عبدالسلام امين‎,"https://www.google.com/maps?q=29.952337,30.942303",29.952337,30.942303,automotive_services_and_repair,184046f1-ded3-440a-b83e-58fd550ac732
طيبة للزوايا والترصيص,,صناعات سيارات وشاحنات ومركبات تجارية,المنطقة الصناعية الأولى (6 أكتوبر),مصنع جديد تماماً (حصري),—,+201027719426,—,ح٣مج٧ بجوار معهد التكنولوجيا سنتر الجهاز بجوار مطعم نور امام سنتر الفيروز,"https://www.google.com/maps?q=29.957029,30.942192",29.957029,30.942192,automotive_repair,5bc5166d-1c0a-42c4-9a9c-f6cbde923fb1
الطحان ميتال,,تصنيع وإنتاج هندسي عام ومعدات,المنطقة الصناعية الأولى (6 أكتوبر),مصنع جديد تماماً (حصري),—,+201004045692,—,Divided from Al Kafrawei,"https://www.google.com/maps?q=29.957756,30.941868",29.957756,30.941868,contractor,5a0d76a5-4bbe-4e7f-8248-9f03ffd18765
المصرية ميتال,,تصنيع وإنتاج هندسي عام ومعدات,المنطقة الصناعية الأولى (6 أكتوبر),مصنع جديد تماماً (حصري),—,+201158485806,https://maps.app.goo.gl/H9PdJVSVHtubjdmY6,34.4 Generation 2000 School,"https://www.google.com/maps?q=29.964622,30.941677",29.964622,30.941677,construction_services,bfd12aef-c224-4d4e-9aa4-351fd0c30ca4
Bridgestone,,صناعات سيارات وشاحنات ومركبات تجارية,المنطقة الصناعية الأولى (6 أكتوبر),موجود بالفعل بالسيستم (تحديث/إثراء إحداثيات),Bridgestone,+201105176997,https://www.fitandfix.com/,77 Al Mehwar Al Markazi,"https://www.google.com/maps?q=29.97019,30.94173",29.97019,30.94173,automotive_repair,4ccfc2ce-faa2-47fd-b116-d15af47287de
El Safwa Auto Spare Parts,,صناعات سيارات وشاحنات ومركبات تجارية,المنطقة الصناعية الأولى (6 أكتوبر),مصنع جديد تماماً (حصري),—,+201065753334,—,Aziz Ishaq Street 1\nShamal\nGiza\nEgypt,"https://www.google.com/maps?q=29.971182,30.94178",29.971182,30.94178,auto_parts_and_supply_store,0681bc85-82d1-4b9f-af5c-8063a04c8b93
Modern Media,,صناعات سيارات وشاحنات ومركبات تجارية,المنطقة الصناعية الأولى (6 أكتوبر),مصنع جديد تماماً (حصري),—,+201027850003,https://modernmediaegypt.com/,7 المحور المركزي,"https://www.google.com/maps?q=29.970697,30.941875",29.970697,30.941875,marketing_agency,9f3c95e3-c0ea-4ff8-ba7d-da7907195526
ونش رفع عفش 6 اكتوبر 01015587538،ونش لرفع الاثاث,,نقل بري ولوجستيات وتخزين وأساطيل,المنطقة الصناعية الأولى (6 أكتوبر),موجود بالفعل بالسيستم (تحديث/إثراء إحداثيات),شركه نقل عفش العاشر من رمضان 01015587538،شركات نقل الاثاث,+201015587538,https://www.facebook.com/winchliftingfurniture.at.october.city/,6 أكتوبر,"https://www.google.com/maps?q=29.972612,30.94194",29.972612,30.94194,movers,f9877df6-1a58-4677-997c-7c095ccdccc0
محمصات الاردنية,,صناعات غذائية ومشروبات ومطاحن,المنطقة الصناعية الأولى (6 أكتوبر),مصنع جديد تماماً (حصري),—,+201201444566,https://www.facebook.com/محمصات-الاردنية-107779831616731/,مكة المكرمة ,"https://www.google.com/maps?q=29.980486,30.941797",29.980486,30.941797,fruits_and_vegetables,fb264e0a-824f-4055-b1b9-d6716171502a
The king Car Accessories,,صناعات سيارات وشاحنات ومركبات تجارية,المنطقة الصناعية الأولى (6 أكتوبر),مصنع جديد تماماً (حصري),—,+201149959591,—,شارع Mecca El-Mokarrama,"https://www.google.com/maps?q=29.980854,30.941776",29.980854,30.941776,auto_parts_and_supply_store,c7cc9210-ca76-457d-bbe5-83f5b55f42c7
MAGIC Auto Service,,صناعات سيارات وشاحنات ومركبات تجارية,المنطقة الصناعية الأولى (6 أكتوبر),مصنع جديد تماماً (حصري),—,+201004149834,https://linktr.ee/MAGIC281,السادس من اكتوبر,"https://www.google.com/maps?q=29.972189,30.941643",29.972189,30.941643,automotive_repair,9e8e156c-1f53-4a1a-9bfd-4863b18cb2af
Swimming Tools,,صناعات سيارات وشاحنات ومركبات تجارية,المنطقة الصناعية الأولى (6 أكتوبر),مصنع جديد تماماً (حصري),—,+201008640802,—,Waraqa Ibn Naofal,"https://www.google.com/maps?q=29.983006,30.941629",29.983006,30.941629,business_manufacturing_and_supply,9e465916-e43b-4d7a-b5bc-c7a39705f201
ونش رفع الاثاث فى اكتوبر 01014368654 ونش رفع عفش,,نقل بري ولوجستيات وتخزين وأساطيل,المنطقة الصناعية الأولى (6 أكتوبر),موجود بالفعل بالسيستم (تحديث/إثراء إحداثيات),شركة نقل عفش بالعاشر من رمضان 01014368654 ،شركات نقل اثاث,+201014368654,—,اكتوبر,"https://www.google.com/maps?q=29.993021,30.941807",29.993021,30.941807,freight_and_cargo_service,77cdaa25-e061-4983-8a78-3ad2742d8188
AlManara logistics,,نقل بري ولوجستيات وتخزين وأساطيل,المنطقة الصناعية الأولى (6 أكتوبر),مصنع جديد تماماً (حصري),—,+201101285853,https://www.linkedin.com/company/al-manara-freight-forwarder,مدينه ٦ اكتوبر الحي الثالث - المحور المركزى - المجاورة1 - عمارة 57 - مكتب 7,"https://www.google.com/maps?q=29.972891,30.942348",29.972891,30.942348,freight_and_cargo_service,673fd8ac-ef43-43c5-8ab8-732357ec249b
Basyoni Auto,,صناعات سيارات وشاحنات ومركبات تجارية,المنطقة الصناعية الأولى (6 أكتوبر),مصنع جديد تماماً (حصري),—,+201000374048,—,سنتر الاردنيه، شارع Mecca El-Mokarrama,"https://www.google.com/maps?q=29.980053,30.942184",29.980053,30.942184,auto_parts_and_supply_store,4e29070f-4a47-4a94-8ee5-b60e691e0051
شركة العربى للتطوير العقاري,,تصنيع وإنتاج هندسي عام ومعدات,المنطقة الصناعية الأولى (6 أكتوبر),مصنع جديد تماماً (حصري),—,+201050379117,http://alaraby-im.com/,El-Tahrir Rd,"https://www.google.com/maps?q=29.980446,30.942028",29.980446,30.942028,real_estate_service,6b794a5b-b1a3-4f70-b2e9-72d3d50d2b6d
El Basha Car Rental,,صناعات سيارات وشاحنات ومركبات تجارية,المنطقة الصناعية الأولى (6 أكتوبر),مصنع جديد تماماً (حصري),—,+201005836030,https://plus.google.com/114340651414750832361?hl=en,"امام البنك العربى, 69 Al Mehwar Al Markazi Al Nassr St","https://www.google.com/maps?q=29.970434,30.942181",29.970434,30.942181,car_rental_agency,f8fc35d0-a104-4573-8319-4553551446da
Dream store-دريم ستور,,صناعات غذائية ومشروبات ومطاحن,المنطقة الصناعية الأولى (6 أكتوبر),مصنع جديد تماماً (حصري),—,+201098557510,—,الحي الثاني جانب مسجد ابو بكر,"https://www.google.com/maps?q=29.966545,30.94219",29.966545,30.94219,grocery_store,9cb9355c-2d3e-4c2c-8413-2ac33a288bf7
المعمارى للهندسه و المقاولات   ALmeamary  engineering&contracting,,تصنيع وإنتاج هندسي عام ومعدات,المنطقة الصناعية الأولى (6 أكتوبر),مصنع جديد تماماً (حصري),—,+201146406620,http://www.almeamary.com/,Egypt - Giza - 6 October City “Hosary Square” - Central Axis,"https://www.google.com/maps?q=29.971258,30.94248",29.971258,30.94248,construction_services,9a8f785e-9dd1-4686-945d-a838cb978700
Motal for Aluminium Works - موتال لأعمال الألوميتال,,صناعات سيارات وشاحنات ومركبات تجارية,المنطقة الصناعية الأولى (6 أكتوبر),مصنع جديد تماماً (حصري),—,+201111991232,—,Dr Abd El-Haleem Radwan,"https://www.google.com/maps?q=29.962358,30.94257",29.962358,30.94257,business_manufacturing_and_supply,a54b5e3f-8c17-4da6-8079-afa39e553722
Bernasos Stationery,,صناعات سيارات وشاحنات ومركبات تجارية,المنطقة الصناعية الأولى (6 أكتوبر),مصنع جديد تماماً (حصري),—,02 36976261,https://bernasos.com,El Mehwar El Markazi,"https://www.google.com/maps?q=29.971043,30.94264",29.971043,30.94264,business_office_supplies_and_stationery,a02aaa01-764e-439c-8a25-9b9015334253
شركة عقار اليوم للتسويق العقاري,,تصنيع وإنتاج هندسي عام ومعدات,المنطقة الصناعية الأولى (6 أكتوبر),مصنع جديد تماماً (حصري),—,+201159262626,—,328,"https://www.google.com/maps?q=29.975853,30.94269",29.975853,30.94269,real_estate_service,6c8ecbed-1fe0-43b5-9cac-b8e2cbd4677e
KEMET For Engineering & Export,,غزل ونسيج وملابس جاهزة,المنطقة الصناعية الأولى (6 أكتوبر),مصنع جديد تماماً (حصري),—,+201096751639,http://www.kemet-company.com/,6 October- 7 district - AL Hosry square  ,"https://www.google.com/maps?q=29.983225,30.942501",29.983225,30.942501,structural_engineer,ab095393-a7f4-42a8-80b9-85eabb0d9b33
ونش رفع عفش في أكتوبر 01288752505,,نقل بري ولوجستيات وتخزين وأساطيل,المنطقة الصناعية الأولى (6 أكتوبر),مصنع جديد تماماً (حصري),—,+201288752505,http://furniture-moving-company.com/,6 اكتوبر,"https://www.google.com/maps?q=29.978327,30.942465",29.978327,30.942465,freight_and_cargo_service,f8b197a8-3dea-4635-931a-30dbe4e304f8
انفيديا ميديا,,صناعات سيارات وشاحنات ومركبات تجارية,المنطقة الصناعية الأولى (6 أكتوبر),مصنع جديد تماماً (حصري),—,02 38358365,http://www.invedia-eg.com,فيلا 8 - ش نادى 6 اكتوبر المجاورة الثالثة,"https://www.google.com/maps?q=29.988192,30.942446",29.988192,30.942446,business_consulting,5f91233e-42fe-4350-844e-a518e30b5f9d
ونش رفع الاثاث بالشيخ زايد 01011529453,,نقل بري ولوجستيات وتخزين وأساطيل,المنطقة الصناعية الأولى (6 أكتوبر),مصنع جديد تماماً (حصري),—,+201011529453,https://66a503f013c7c.site123.me/,السادس من اكتوبر,"https://www.google.com/maps?q=29.986324,30.942986",29.986324,30.942986,freight_and_cargo_service,00fb3f37-8b6c-4dba-ae1e-d0a4ebd903e3
يس للخدمات الهندسية,,تصنيع وإنتاج هندسي عام ومعدات,المنطقة الصناعية الأولى (6 أكتوبر),مصنع جديد تماماً (حصري),—,+201153198742,—,سنتر الاردنية، شارع مكة المكرمة الحي السابع المنطقة الأولى ،,"https://www.google.com/maps?q=29.979208,30.943096",29.979208,30.943096,professional_services,b7608456-b66e-4f2b-a106-af46a14facd0
Ibrahim architect,,تصنيع وإنتاج هندسي عام ومعدات,المنطقة الصناعية الأولى (6 أكتوبر),مصنع جديد تماماً (حصري),—,+201012438575,http://www.behance.net/WorkaholicArchitect,el yasmeen، street,"https://www.google.com/maps?q=29.971865,30.942987",29.971865,30.942987,architectural_designer,349884e8-11fe-406e-b76c-0cef8307423e
Samir & Aly Stationery (مكتبات سمير و علي),,صناعات سيارات وشاحنات ومركبات تجارية,المنطقة الصناعية الأولى (6 أكتوبر),مصنع جديد تماماً (حصري),—,—,https://samirandaly.com,El Motamayez District,"https://www.google.com/maps?q=29.973,30.942968",29.973,30.942968,business_office_supplies_and_stationery,cd46b278-7dbe-4262-9580-bffdbd416e61
جزار الاردنية,,تصنيع وإنتاج هندسي عام ومعدات,المنطقة الصناعية الأولى (6 أكتوبر),مصنع جديد تماماً (حصري),—,+201010633389,—,شارع El-Madina El-Monawwara,"https://www.google.com/maps?q=29.97901,30.942928",29.97901,30.942928,meat_wholesaler,5e445048-d0d5-45e5-87ae-c312349c04f6
Kheir Zaad Market,,صناعات غذائية ومشروبات ومطاحن,المنطقة الصناعية الأولى (6 أكتوبر),مصنع جديد تماماً (حصري),—,+201276760402,—,Mecca El-Mokarrama,"https://www.google.com/maps?q=29.97868,30.942835",29.97868,30.942835,grocery_store,1fac1214-2425-4138-b151-2d4f7f6a5dda
في الخدمة,,تصنيع وإنتاج هندسي عام ومعدات,المنطقة الصناعية الأولى (6 أكتوبر),مصنع جديد تماماً (حصري),—,+201115050370,—,السادس من اكتوبر,"https://www.google.com/maps?q=29.977482,30.942822",29.977482,30.942822,home_cleaning,babd6bca-ef64-47ec-8d7f-3105a6a150e1
شركة المأمون وشركائه لسياحه وتاجير السيارات والخدمات العقاريه,,صناعات سيارات وشاحنات ومركبات تجارية,المنطقة الصناعية الأولى (6 أكتوبر),مصنع جديد تماماً (حصري),—,+201159352620,—,الاداره العامه الحي المتميز  ٦اكتوبر جوار بنك الاسكندريه  ,"https://www.google.com/maps?q=29.975294,30.94286",29.975294,30.94286,car_rental_agency,d85415ba-209b-4a40-beb3-66ac37e650ab
المصرية لخدمة السيارات,,صناعات سيارات وشاحنات ومركبات تجارية,المنطقة الصناعية الأولى (6 أكتوبر),مصنع جديد تماماً (حصري),—,+201022239959,https://car-service-11082.business.site/?_target%3Fm=true,"مول بريما فيستا, Magda Square","https://www.google.com/maps?q=29.975178,30.942932",29.975178,30.942932,car_wash,0d712464-a77c-4c0b-8d5b-373564f03b28
Evolution Advertising Agency,,صناعات سيارات وشاحنات ومركبات تجارية,المنطقة الصناعية الأولى (6 أكتوبر),مصنع جديد تماماً (حصري),—,+201027236335,https://egvision.my.canva.site/,"امام رايه - بجوار مكتبة برناسوس, المحور المركزي - الحصري - ع 53","https://www.google.com/maps?q=29.971111,30.943079",29.971111,30.943079,advertising_agency,95692542-3278-40ef-a9b4-1fad5073567a
Fit & Fix Bridgestone,,صناعات سيارات وشاحنات ومركبات تجارية,المنطقة الصناعية الأولى (6 أكتوبر),مصنع جديد تماماً (حصري),—,02 02019187,http://www.fitandfix.com,El Mehwar El Markazi,"https://www.google.com/maps?q=29.97154,30.943089",29.97154,30.943089,automotive_repair,f57090b4-1a0a-41db-b6e3-f2b89921fe77
السويسي موتورز لتجارة السيارات,,صناعات سيارات وشاحنات ومركبات تجارية,المنطقة الصناعية الأولى (6 أكتوبر),مصنع جديد تماماً (حصري),—,+201152428428,—,الحى الرابع - المحور المركزى - أمام بنك الاسكان والتعمير ,"https://www.google.com/maps?q=29.958988,30.943003",29.958988,30.943003,car_dealer,ba041f0b-9cae-4cc1-a8da-a9a428700b85
الهندسيه لتكييف السيارات,,صناعات سيارات وشاحنات ومركبات تجارية,المنطقة الصناعية الأولى (6 أكتوبر),مصنع جديد تماماً (حصري),—,+201110516000,—,محور الكفراوي ,"https://www.google.com/maps?q=29.956982,30.94264",29.956982,30.94264,automotive_repair,81ccef80-9e4a-4cc7-b944-8f97f1e921d6
كوتشيكو للإطارات والجنوط,,صناعات سيارات وشاحنات ومركبات تجارية,المنطقة الصناعية الأولى (6 أكتوبر),مصنع جديد تماماً (حصري),—,+201023409720,—,"عماره ٩٨٣ بجوار اورانج جيم محور الكفراوي, District No. 7","https://www.google.com/maps?q=29.957949,30.942583",29.957949,30.942583,automotive_repair,751d9ebd-7cab-478b-b085-3020da38146c
German Tech. Auto Service,,صناعات سيارات وشاحنات ومركبات تجارية,المنطقة الصناعية الأولى (6 أكتوبر),مصنع جديد تماماً (حصري),—,+201001935039,—,السادس من اكتوبر,"https://www.google.com/maps?q=29.959085,30.942478",29.959085,30.942478,professional_services,08b36e15-9c17-44fe-bf0e-74a86b72533b
شركة داماس لتجارة السيارات,,صناعات سيارات وشاحنات ومركبات تجارية,المنطقة الصناعية الأولى (6 أكتوبر),مصنع جديد تماماً (حصري),—,+201068848866,—,Divided from Al Kafrawei,"https://www.google.com/maps?q=29.958733,30.943735",29.958733,30.943735,car_dealer,154a25a8-9447-4635-9b7a-e720c9bcbe11
"شركة نقل العفش بجسر السويس 01011529453, شركة نقل الاثاث",,نقل بري ولوجستيات وتخزين وأساطيل,المنطقة الصناعية الأولى (6 أكتوبر),مصنع جديد تماماً (حصري),—,+201011529453,https://66a503f013c7c.site123.me/,حدائق اكتوبر ,"https://www.google.com/maps?q=29.966749,30.943296",29.966749,30.943296,movers,241762d0-ec2e-4412-b5f3-e57729e3b066
شركه الجندي لنقل وتغليف ألاثاث,,نقل بري ولوجستيات وتخزين وأساطيل,المنطقة الصناعية الأولى (6 أكتوبر),مصنع جديد تماماً (حصري),—,+201098081284,—,التحرير، قسم أول 6 أكتوبر، اول 6 أكتوبر، الجيزة،,"https://www.google.com/maps?q=29.973392,30.943398",29.973392,30.943398,storage_facility,83ed071c-a825-4d9c-a0f7-e25b133be39d
Khyoot masrya خيوط مصرية,,غزل ونسيج وملابس جاهزة,المنطقة الصناعية الأولى (6 أكتوبر),مصنع جديد تماماً (حصري),—,+20238370686,http://www.khyootmasrya.com/,"مول الأسراء بلازا المحور المركزى بعد مسجد الحصرى وقبل النجدة بجوار بى تك وشركة الغاز, Giza, Egypt, 19505","https://www.google.com/maps?q=29.972773,30.943424",29.972773,30.943424,mattress_store,535c7449-eb7c-4fdf-9a07-f61c2e059351
V8 center,,صناعات سيارات وشاحنات ومركبات تجارية,المنطقة الصناعية الأولى (6 أكتوبر),مصنع جديد تماماً (حصري),—,+201023956666,—,"Address: October 6, District 11, Al-Hedaya Center","https://www.google.com/maps?q=29.980011,30.943441",29.980011,30.943441,automotive_repair,1e8d5845-36c3-4d2b-977e-72a8330fa51a
Miracle Trade,,تصنيع وإنتاج هندسي عام ومعدات,المنطقة الصناعية الأولى (6 أكتوبر),مصنع جديد تماماً (حصري),—,+201272154584,http://miracle-egy.com/,المحور المركزي ، ابراج برعي بلازا برج رقم 1 الدور 4,"https://www.google.com/maps?q=29.972374,30.943285",29.972374,30.943285,construction_services,c1434657-f571-40cc-b6b5-13acc01d9fd7
شركة خطاب للاستشارات والتسويق العقاري,,تصنيع وإنتاج هندسي عام ومعدات,المنطقة الصناعية الأولى (6 أكتوبر),مصنع جديد تماماً (حصري),—,+201156707178,http://www.elahlya-realestate.com,55 . الحى الثانى السادس من اكتوبر الجيزة,"https://www.google.com/maps?q=29.972248,30.943199",29.972248,30.943199,real_estate_service,9df9bd11-34a9-404d-a08d-39024fee865d
المجموعة العالمية للاستيراد,,صناعات كهربائية وكابلات والكترونيات,المنطقة الصناعية الأولى (6 أكتوبر),مصنع جديد تماماً (حصري),—,+201050091339,http://igfi.me/,https://goo.gl/maps/uJe7Up6THgK6me4X6,"https://www.google.com/maps?q=29.972206,30.943596",29.972206,30.943596,computer_store,c695e0a6-d787-49ac-8200-71523e737bd1
دكتور إصلاح كسور وشروخ زجاج السيارات,,مواد بناء ورخام وسيراميك وخرسانة جاهزة,المنطقة الصناعية الأولى (6 أكتوبر),مصنع جديد تماماً (حصري),—,+201152202211,http://www.doctorglasseg.com/,السادس من اكتوبر,"https://www.google.com/maps?q=29.966574,30.943638",29.966574,30.943638,auto_glass_service,b3980bf6-0bc3-4c60-bf8c-06ac2e57b644
MERAKI Marketing Agency,,صناعات سيارات وشاحنات ومركبات تجارية,المنطقة الصناعية الأولى (6 أكتوبر),مصنع جديد تماماً (حصري),—,+201064844256,https://meraki-ma-eg.business.site/,"43 Al Mehwar Al Markazi, Hosary Sq","https://www.google.com/maps?q=29.971231,30.943634",29.971231,30.943634,marketing_agency,5c029981-977e-42fd-88e3-493bf740b86f
الشروق فيبركوم للفيبرجلاس الاول في مصر والشرق الاوسط,,تصنيع وإنتاج هندسي عام ومعدات,المنطقة الصناعية الأولى (6 أكتوبر),مصنع جديد تماماً (حصري),—,+201098945021,http://www.alshroukfiber-com.com/,الحصري اكتوبر,"https://www.google.com/maps?q=29.962688,30.943657",29.962688,30.943657,industrial_company,0725cabe-7a34-4c6d-8c51-af80b766ccc6
شركة آل علي للزجاج والبللور واعمال السيكوريت,,مواد بناء ورخام وسيراميك وخرسانة جاهزة,المنطقة الصناعية الأولى (6 أكتوبر),مصنع جديد تماماً (حصري),—,+201223543420,http://al-ali-glass.com/,محور الكفراوي,"https://www.google.com/maps?q=29.964918,30.944101",29.964918,30.944101,commercial_industrial,cbfe6569-e7ac-4727-9791-348d3ff44e20
منابت,,صناعات غذائية ومشروبات ومطاحن,المنطقة الصناعية الأولى (6 أكتوبر),مصنع جديد تماماً (حصري),—,+201008827996,—,د.عبدالرحمن,"https://www.google.com/maps?q=29.961809,30.944166",29.961809,30.944166,health_food_store,81579b70-0d97-4a48-b7fc-a028b15e1f92
Octometal Engineering Contractors,,غزل ونسيج وملابس جاهزة,المنطقة الصناعية الأولى (6 أكتوبر),مصنع جديد تماماً (حصري),—,+201008288171,https://octometal.com/,742 مخازن الشباب منطقة 300 متر,"https://www.google.com/maps?q=29.973541,30.944172",29.973541,30.944172,metal_fabricator,1cca6987-4c9c-4a6e-8c64-7d7246bd400d
شركة النصر السورية للشحن الدولي,,نقل بري ولوجستيات وتخزين وأساطيل,المنطقة الصناعية الأولى (6 أكتوبر),مصنع جديد تماماً (حصري),—,+201095854421,https://x.com/AlnasrShipping,"Al Hay Al Thani, ","https://www.google.com/maps?q=29.980131,30.944231",29.980131,30.944231,freight_and_cargo_service,62652b45-73fc-4c55-9138-19b79fbd4343
Print Services,,صناعات سيارات وشاحنات ومركبات تجارية,المنطقة الصناعية الأولى (6 أكتوبر),مصنع جديد تماماً (حصري),—,+201066756404,https://www.instagram.com/printservice.eg/,السادس من اكتوبر,"https://www.google.com/maps?q=29.974108,30.943956",29.974108,30.943956,business_advertising,5ed9ee3f-aef0-4288-9540-b4dbf950592d
الفارسان لايجار السيارات,,نقل بري ولوجستيات وتخزين وأساطيل,المنطقة الصناعية الأولى (6 أكتوبر),مصنع جديد تماماً (حصري),—,+201006718888,—,XWFW+X6MFirst 6th of OctoberGiza Governorate,"https://www.google.com/maps?q=29.974907,30.943874",29.974907,30.943874,car_rental_agency,a9f5eb62-4706-45fd-887e-c1761e4110c2
مركز خدمة اوريجينال,,صناعات سيارات وشاحنات ومركبات تجارية,المنطقة الصناعية الأولى (6 أكتوبر),مصنع جديد تماماً (حصري),—,+201006587025,https://m.facebook.com/groups/277742395927490/?ref=share&mibextid=NSMWBT,Unnamed Road,"https://www.google.com/maps?q=29.984976,30.944498",29.984976,30.944498,automotive_repair,921cbb60-aba9-4625-bc09-01f79c6bc6a2
"شركات نقل الاثاث 6 اكتوبر ,شركة نقل اثاث بالشيخ زايد, نقل اثاث بالهرم وفيصل",,نقل بري ولوجستيات وتخزين وأساطيل,المنطقة الصناعية الأولى (6 أكتوبر),مصنع جديد تماماً (حصري),—,+201122616120,https://furniture-transfer.com/,ميدان الحصري، 6 october السادس من اكتوبر,"https://www.google.com/maps?q=29.972591,30.944609",29.972591,30.944609,freight_and_cargo_service,07142594-38be-4043-afa7-905823ffefe7
البركة للتطوير العقاري,,تصنيع وإنتاج هندسي عام ومعدات,المنطقة الصناعية الأولى (6 أكتوبر),مصنع جديد تماماً (حصري),—,+201148822229,—,برج، 5 Al Mehwar Al Markazi,"https://www.google.com/maps?q=29.973347,30.944593",29.973347,30.944593,corporate_office,99905f99-4f1e-42be-ba04-a2b32cd19900
شركة المستقبل لتاجير وتشغيل السيارات,,صناعات سيارات وشاحنات ومركبات تجارية,المنطقة الصناعية الأولى (6 أكتوبر),مصنع جديد تماماً (حصري),—,+201159000015,https://am-group-eg.com/,El-Tahrir Rd,"https://www.google.com/maps?q=29.973312,30.944494",29.973312,30.944494,tours,ab7b7c9f-a449-48eb-b49b-b1a9ae4546d2
الملكة للمفروشات,,غزل ونسيج وملابس جاهزة,المنطقة الصناعية الأولى (6 أكتوبر),مصنع جديد تماماً (حصري),—,+201128309651,https://www.almasalinens.store/,برج - ز، ممر السوريين ميدان الحصري 6أكتوبر,"https://www.google.com/maps?q=29.974285,30.944439",29.974285,30.944439,mattress_store,6b7f9a2e-408c-4f6c-b3da-583b3446aa3c
Star Gym October,,صناعات سيارات وشاحنات ومركبات تجارية,المنطقة الصناعية الأولى (6 أكتوبر),مصنع جديد تماماً (حصري),—,+201005682407,—,"بجوار مدرسه الرضوى، ٣٨٠ شارع يثرب من شارع, El-Higaz","https://www.google.com/maps?q=29.978823,30.944256",29.978823,30.944256,gym,2b61bffb-ebd0-4743-b42e-11ac1c5e3505
البيت للتصميمات والاستشارات الهندسية,,تصنيع وإنتاج هندسي عام ومعدات,المنطقة الصناعية الأولى (6 أكتوبر),مصنع جديد تماماً (حصري),—,—,http://www.albayte.com/,برج سرايا الجزيرة - ابراج لاسيتي - شارع جامعة 6 اكتوبر,"https://www.google.com/maps?q=29.972317,30.944309",29.972317,30.944309,construction_services,cec4b6d2-bd2b-4273-9007-4276e0673e46
دريم للاعلان,,صناعات سيارات وشاحنات ومركبات تجارية,المنطقة الصناعية الأولى (6 أكتوبر),مصنع جديد تماماً (حصري),—,+201141333242,https://egyvisiontime.com/,السادس من اكتوبر,"https://www.google.com/maps?q=29.974365,30.944302",29.974365,30.944302,advertising_agency,2c21f7a5-da93-4034-89a0-853b7dfc9969
شركة دمياط فرنتشر بأكتوبر,,تصنيع وإنتاج هندسي عام ومعدات,المنطقة الصناعية الأولى (6 أكتوبر),مصنع جديد تماماً (حصري),—,+201111343928,https://dumyat-furniture.com/ar,محور الكفراوي - الحي الثاني - المجاورة السادسة مبني 1709- بجوار سنتر منهاتن \nلسهولة التواصل واتس او اتصال � 01111343928,"https://www.google.com/maps?q=29.959509,30.944136",29.959509,30.944136,furniture_store,54e84a3d-c8a5-4851-aa9f-31638987c45c
شركة أولاد مبارك للاستثمار والتسويق العقاري,,تصنيع وإنتاج هندسي عام ومعدات,المنطقة الصناعية الثانية (6 أكتوبر),مصنع جديد تماماً (حصري),—,+201119123681,—,"ربوة أكتوبر الحى الأول شارع أولاد, مبارك","https://www.google.com/maps?q=29.903135,30.943165",29.903135,30.943165,home_goods_store,10cc64bd-da13-4232-a626-550a62931844
B&D,,تصنيع وإنتاج هندسي عام ومعدات,المنطقة الصناعية الأولى (6 أكتوبر),مصنع جديد تماماً (حصري),—,+201553443096,—,El-Tahrir Rd,"https://www.google.com/maps?q=29.958645,30.945225",29.958645,30.945225,construction_services,9a4848a5-4cb6-484f-960f-74da4f35cb6e
AFS,,صناعات كهربائية وكابلات والكترونيات,المنطقة الصناعية الأولى (6 أكتوبر),مصنع جديد تماماً (حصري),—,+201005385871,—,السادس من اكتوبر,"https://www.google.com/maps?q=29.967594,30.944731",29.967594,30.944731,contractor,dec27bd2-a4c6-426d-8ffe-a65eec8f5576
اعلانات,,صناعات سيارات وشاحنات ومركبات تجارية,المنطقة الصناعية الأولى (6 أكتوبر),مصنع جديد تماماً (حصري),—,+201113232330,https://hmadvs1.blogspot.com/,ميدان الحصري الحي الاول ٦اكتوبر قسم اول اكتوبر 6,"https://www.google.com/maps?q=29.971251,30.944994",29.971251,30.944994,marketing_agency,30ddd2f6-d909-44d4-ae57-17206950d737
No Name Scarf,,غزل ونسيج وملابس جاهزة,المنطقة الصناعية الأولى (6 أكتوبر),مصنع جديد تماماً (حصري),—,+201100108918,—,"دياموند مول، مدينة 6 اكتوبر الحصري المحور المركزي, الحصري","https://www.google.com/maps?q=29.975218,30.944834",29.975218,30.944834,shopping_center,b0a24e17-5b09-40a1-9c5c-2642e77f6fb9
حصري أكتوبر,,صناعات غذائية ومشروبات ومطاحن,المنطقة الصناعية الأولى (6 أكتوبر),مصنع جديد تماماً (حصري),—,+201126667977,—,٦أكتوبر ,"https://www.google.com/maps?q=29.974463,30.944868",29.974463,30.944868,grocery_store,00087a50-a242-464f-b624-ca3d724339be
لوتس للجرارات والمعدات الزراعية,,تصنيع وإنتاج هندسي عام ومعدات,المنطقة الصناعية الأولى (6 أكتوبر),مصنع جديد تماماً (حصري),—,+20225866877,http://www.lotusgroupeg.com/,المحور المركزي، ميدان الحصري، مدينة ٦ اكتوبر، الجيزة,"https://www.google.com/maps?q=29.972963,30.944862",29.972963,30.944862,agricultural_service,30f7a705-920b-4925-8a95-509e876e3d7a
هوليوود Hollywood,,صناعات سيارات وشاحنات ومركبات تجارية,المنطقة الصناعية الأولى (6 أكتوبر),مصنع جديد تماماً (حصري),—,+201006659678,—,https://goo.gl/maps/8sASV83QwmBvMuVp7,"https://www.google.com/maps?q=29.97574,30.944796",29.97574,30.944796,business_advertising,afc585ac-780d-4ada-ae1a-9ddf61f9ac9a
الحصري اوتو سيرفيس - AlHosary Auto service,,صناعات سيارات وشاحنات ومركبات تجارية,المنطقة الصناعية الأولى (6 أكتوبر),مصنع جديد تماماً (حصري),—,+201062878611,—,"University Library Street , First 6th of October","https://www.google.com/maps?q=29.973246,30.944746",29.973246,30.944746,automotive_repair,a94b729a-04a4-4e5b-9421-e34cef439897
RepairLine,,تصنيع وإنتاج هندسي عام ومعدات,المنطقة الصناعية الأولى (6 أكتوبر),مصنع جديد تماماً (حصري),—,+201000636858,—,مدينة ٦ اكتوبر  الحصري\nابراج الامريكية بجوار مطعم كرم الشام,"https://www.google.com/maps?q=29.973249,30.9447",29.973249,30.9447,mobile_phone_store,a3b069dd-e6d3-4a04-b9a9-7182b7e04439
الكبيسي للسيارات,,صناعات سيارات وشاحنات ومركبات تجارية,المنطقة الصناعية الأولى (6 أكتوبر),مصنع جديد تماماً (حصري),—,+201223687381,—,"Ali El Din Towers City Mall - Tower A Infront Of 6th October University Office 29 شارع متفرع ،قسم أول, Al Mehwar Al Markazi","https://www.google.com/maps?q=29.975548,30.945259",29.975548,30.945259,car_rental_agency,e450be71-abec-4915-b607-97874435586f
Pro garage,,صناعات سيارات وشاحنات ومركبات تجارية,المنطقة الصناعية الأولى (6 أكتوبر),مصنع جديد تماماً (حصري),—,+201008889347,—,بجوار مدرسه الروضه,"https://www.google.com/maps?q=29.978226,30.945189",29.978226,30.945189,car_wash,1ca317e7-1dac-45e7-956a-2b9132403bf5
مشارق للتجارة العامة والشحن الدولي,,نقل بري ولوجستيات وتخزين وأساطيل,المنطقة الصناعية الأولى (6 أكتوبر),مصنع جديد تماماً (حصري),—,+201144483622,—,مدينة 6 أكتوبر - الحي الثاني - مجاورة أولى - مقابل كبدة الشرقاوي,"https://www.google.com/maps?q=29.968983,30.945179",29.968983,30.945179,freight_and_cargo_service,62038fdb-4cf5-4821-ab42-ee6415833a9d
Real Estate and Lands October & Sheikh Zayed,,تصنيع وإنتاج هندسي عام ومعدات,المنطقة الصناعية الأولى (6 أكتوبر),مصنع جديد تماماً (حصري),—,—,http://Www.Gatesegypt.com/,"6th October City , Giza , Egypt","https://www.google.com/maps?q=29.965641,30.945055",29.965641,30.945055,construction_services,5e06d386-b26e-4283-9021-709bdd94609e
GTR Garage,,نقل بري ولوجستيات وتخزين وأساطيل,المنطقة الصناعية الأولى (6 أكتوبر),مصنع جديد تماماً (حصري),—,+201026116128,—,١٣ المهر,"https://www.google.com/maps?q=29.969065,30.945244",29.969065,30.945244,transportation,74e293c1-783a-4e74-b5b8-2cb9a2d22a16
Quick Check Ford Service,,صناعات سيارات وشاحنات ومركبات تجارية,المنطقة الصناعية الأولى (6 أكتوبر),مصنع جديد تماماً (حصري),—,+201005506595,—,"Anwar Al Sadat St, First 6th of October, Giza Governorate 3232436","https://www.google.com/maps?q=29.969196,30.945314",29.969196,30.945314,automotive_repair,0906567b-448c-41c6-a733-0ebaab432b60
NUTS HUT,,صناعات سيارات وشاحنات ومركبات تجارية,المنطقة الصناعية الأولى (6 أكتوبر),مصنع جديد تماماً (حصري),—,+201080566601,http://shahla.group/,11 متفرع من حلب، قسم أول 6 أكتوبر،,"https://www.google.com/maps?q=29.968519,30.945398",29.968519,30.945398,business_manufacturing_and_supply,32946fa9-3e97-4b78-bab1-3ab8daed8265
Ghataty Tires & Batteries - غطاطي,,صناعات سيارات وشاحنات ومركبات تجارية,المنطقة الصناعية الأولى (6 أكتوبر),مصنع جديد تماماً (حصري),—,+201000416328,https://www.ghataty.com/?utm_source=Facebook&utm_medium=SOC&utm_campaign=Yext_Facebook&utm_content=LDS&utm_term=Yext_Facebook,المول التجارى خلف مخبوزات الصدق امام مسجد على داخل كمبوند الخمائل,"https://www.google.com/maps?q=29.960911,30.945482",29.960911,30.945482,auto_parts_and_supply_store,77060221-476c-4b58-af16-58f804cc0d1e
شاي سناء  Chay Sanaa,,صناعات غذائية ومشروبات ومطاحن,المنطقة الصناعية الأولى (6 أكتوبر),مصنع جديد تماماً (حصري),—,+201050575057,http://NOON.com/p-236561,مصنع رقم 396 مخازن الشباب المنطقة الصناعية السادسة 6 اكتوبر,"https://www.google.com/maps?q=29.962328,30.945621",29.962328,30.945621,food_beverage_service_distribution,5c09c939-ee94-4ea6-aeb4-1255ecc9b63e
طريقة تركيب قرميد بلاستيك - شركة الهواري,,صناعات بلاستيكية ومطاطية ومواسير,المنطقة الصناعية الأولى (6 أكتوبر),مصنع جديد تماماً (حصري),—,+201012777444,https://www.company-elhawary.com/,القاهرة,"https://www.google.com/maps?q=29.96899,30.945742",29.96899,30.945742,roofing,8e6fa699-8e93-44e8-a229-356530b5f89b
السباعي موتورز لتاجير السيارات,,صناعات سيارات وشاحنات ومركبات تجارية,المنطقة الصناعية الأولى (6 أكتوبر),مصنع جديد تماماً (حصري),—,01028777996,—,"Unnamed Road, الجيزة،،","https://www.google.com/maps?q=29.975426,30.945608",29.975426,30.945608,automotive_services_and_repair,27e2a867-3b98-46c1-9dc0-35cca5f01efb
شركة الإمام للصناعة و التجارة والمقاولات,,تصنيع وإنتاج هندسي عام ومعدات,المنطقة الصناعية الأولى (6 أكتوبر),مصنع جديد تماماً (حصري),—,+20238360003,http://www.alemamco.com/,المحور المركزي_ميدان الحصري_ابراج الامريكية _برج2 الدور الثالث_شقة 33 ,"https://www.google.com/maps?q=29.973539,30.945507",29.973539,30.945507,shopping,0ef56893-fe7f-40c1-9d04-6509fadbb34e
جمعية الصناعات الصغيرة,,تصنيع وإنتاج هندسي عام ومعدات,المنطقة الصناعية الأولى (6 أكتوبر),مصنع جديد تماماً (حصري),—,—,http://www.sia6october.org/,مدينة 6 أكتوبر الحى السابع ,"https://www.google.com/maps?q=29.980846,30.945974",29.980846,30.945974,community_services_non_profits,01d5886f-6e2b-4d12-bb76-f610164616e5
العالمية لصيانة السيارات,,صناعات سيارات وشاحنات ومركبات تجارية,المنطقة الصناعية الأولى (6 أكتوبر),مصنع جديد تماماً (حصري),—,+201120012211,https://maps.google.com/?q=29.906630%2C30.896551,Al Taef,"https://www.google.com/maps?q=29.979111,30.945854",29.979111,30.945854,automotive_repair,fff7c8f9-aed2-4ea6-9918-ae9fe3bcedcb
Incoterms Logistics LLC.,,نقل بري ولوجستيات وتخزين وأساطيل,المنطقة الصناعية الأولى (6 أكتوبر),مصنع جديد تماماً (حصري),—,+201211112720,http://incotermslogistics.com/,"Hunayda Commercial Center, Central Axis","https://www.google.com/maps?q=29.974449,30.945881",29.974449,30.945881,freight_and_cargo_service,882537c1-4d62-4e54-99cf-4e40e494feb2
اكستريم للأثاث,,تصنيع وإنتاج هندسي عام ومعدات,المنطقة الصناعية الأولى (6 أكتوبر),مصنع جديد تماماً (حصري),—,+201050857627,—,الحي الثاني المجاوره التالته عماره 854 خلف سنتر الاردنيه من ميدان الحصري,"https://www.google.com/maps?q=29.964569,30.946018",29.964569,30.946018,furniture_store,1915da07-26f7-49c1-a867-39e021a4a2bb
اليسر للتشطيبات واللاند سكيب,,مواد بناء ورخام وسيراميك وخرسانة جاهزة,المنطقة الصناعية الأولى (6 أكتوبر),مصنع جديد تماماً (حصري),—,+201007699811,—,السادس من اكتوبر,"https://www.google.com/maps?q=29.954853,30.946451",29.954853,30.946451,masonry_concrete,41b048c5-bd0b-48c0-aab8-282f5e094a8b
الشروق فيبركوم الادارة,,صناعات بلاستيكية ومطاطية ومواسير,المنطقة الصناعية الأولى (6 أكتوبر),مصنع جديد تماماً (حصري),—,+201223250132,https://alshoroukfiber.com/,الشروق فيبركوم، ميدان الحصري، قسم أول 6 أكتوبر، الجيزة،,"https://www.google.com/maps?q=29.974201,30.946354",29.974201,30.946354,party_and_event_planning,20516060-f2e3-4437-b05e-7e542df0cb2d
NEST Engineering | 6 October City,,تصنيع وإنتاج هندسي عام ومعدات,المنطقة الصناعية الأولى (6 أكتوبر),مصنع جديد تماماً (حصري),—,+201010002808,—,المحور المركزي، قسم أول 6 أكتوبر، اول 6 أكتوبر،,"https://www.google.com/maps?q=29.974117,30.946852",29.974117,30.946852,construction_services,3260241a-2c0d-44e4-9df6-3e044438035e
مركز المهندس لدهانات السيارات,,كيماويات وبتروكيماويات ودهانات وزيوت,المنطقة الصناعية الأولى (6 أكتوبر),مصنع جديد تماماً (حصري),—,+201122350603,—,سنتر الشروق، ٦ اكتوبر الحي ٧ المجاوره الأولي,"https://www.google.com/maps?q=29.979643,30.946503",29.979643,30.946503,automotive_repair,426c145b-cb8c-43c6-93cb-65a8b4f3e81c
شركة الحسن والحسين للإستثمار والتطوير العقاري,,تصنيع وإنتاج هندسي عام ومعدات,المنطقة الصناعية الأولى (6 أكتوبر),مصنع جديد تماماً (حصري),—,+201001938050,http://www.elhassanwelhussein.com/, ,"https://www.google.com/maps?q=29.961542,30.947029",29.961542,30.947029,real_estate_service,40e9e283-9137-43e6-99f7-bc974089d209
شركة تنظيف منازل في القاهرة الدولية لخدمات النظافة,,تصنيع وإنتاج هندسي عام ومعدات,المنطقة الصناعية الأولى (6 أكتوبر),مصنع جديد تماماً (حصري),—,+201064160805,—,مصر ,"https://www.google.com/maps?q=29.965265,30.947081",29.965265,30.947081,home_cleaning,a3d6c3ff-db18-4402-a51f-fdab8b62623f
اسقف قرميد بلاستيك - شركة الهواري,,صناعات بلاستيكية ومطاطية ومواسير,المنطقة الصناعية الأولى (6 أكتوبر),مصنع جديد تماماً (حصري),—,+201012777444,https://www.company-elhawary.com/,القاهرة,"https://www.google.com/maps?q=29.975756,30.947111",29.975756,30.947111,industrial_company,ae5a497a-7c53-4337-9625-fffbfe387e26
Hammam Industries & Co. صناعات همام وشركاه,,تصنيع وإنتاج هندسي عام ومعدات,المنطقة الصناعية الأولى (6 أكتوبر),مصنع جديد تماماً (حصري),—,+20238201930,http://www.hammam-eg.com/,"Plot 315, 1st Industrial area ","https://www.google.com/maps?q=29.9725,30.946962",29.9725,30.946962,industrial_equipment,6a83a450-fd15-40c6-9bca-3c2eb64b3b3f
Kemet Travel,,نقل بري ولوجستيات وتخزين وأساطيل,المنطقة الصناعية الأولى (6 أكتوبر),مصنع جديد تماماً (حصري),—,+20236989360,—,39 المحور المركزى الحي الأول، ميدان الحصرى,"https://www.google.com/maps?q=29.97382,30.947401",29.97382,30.947401,travel_services,c5516b7c-9f84-4b6f-8ce7-0d12822627dd
"الاصلي موتورز-ايجار سيارات Elasly Motors""",,صناعات سيارات وشاحنات ومركبات تجارية,المنطقة الصناعية الأولى (6 أكتوبر),مصنع جديد تماماً (حصري),—,+201003390915,https://elaslymotors.com/,مدينة 6 أكتوبر – الحي السابع – المنطقة الأمريكية – مول علي الدين سيتي – برج و– الدور الثاني,"https://www.google.com/maps?q=29.97113,30.947468",29.97113,30.947468,automotive_repair,6a95005b-0af5-47f0-8420-30991b4ef6f0
Brilliant Engineering,,تصنيع وإنتاج هندسي عام ومعدات,المنطقة الصناعية الأولى (6 أكتوبر),مصنع جديد تماماً (حصري),—,+201229017782,https://brilliant-eng.com/,"Building 13, First Floor, \nSouth El-Ahyaa District","https://www.google.com/maps?q=29.942047,30.947454",29.942047,30.947454,contractor,d0316929-ef4a-47ea-8d6b-bbc69ad6909e
مركز د/ أحمد ذهب للعلاج الطبيعي والتغذيه العلاجيه,,صناعات غذائية ومشروبات ومطاحن,المنطقة الصناعية الأولى (6 أكتوبر),مصنع جديد تماماً (حصري),—,—,—,الحي 2 - المجاوره 8 - عماره 2437,"https://www.google.com/maps?q=29.956348,30.946978",29.956348,30.946978,food_consultant,2086b9ec-1c66-4a99-8d3c-9845fa0c50e9
Araak,,صناعات غذائية ومشروبات ومطاحن,المنطقة الصناعية الأولى (6 أكتوبر),مصنع جديد تماماً (حصري),—,+201030553754,—, الحي الثاني - شارع السعدني بجوار سوبر ماركت بيم ,"https://www.google.com/maps?q=29.961681,30.9478",29.961681,30.9478,grocery_store,ca212ea7-e387-4312-b4a2-2fcdf94c1cdd
النيل للعقارات والمقاولات,,تصنيع وإنتاج هندسي عام ومعدات,المنطقة الصناعية الأولى (6 أكتوبر),مصنع جديد تماماً (حصري),—,+201090937799,http://www.elwade.com,المحور المركزي - سنتر المدينة التجاري - أكتوبر,"https://www.google.com/maps?q=29.974083,30.947935",29.974083,30.947935,real_estate_service,15fc1911-1247-4ae5-aab1-d3337e3f57c2
Alpha Construction,,تصنيع وإنتاج هندسي عام ومعدات,المنطقة الصناعية الأولى (6 أكتوبر),مصنع جديد تماماً (حصري),—,—,https://www.tiktok.com/@alphaconstruction00?_r=1&_t=ZS-95miyGL9FeW,ش ٣٤ امام معهد العرف خلف مطعم كلاش، سيتي، سوهاج ,"https://www.google.com/maps?q=29.9767,30.947966",29.9767,30.947966,engineering_services,38f16dac-d457-4479-9cd2-796e0ed2986e
عمرو جمال للهندسة ش.ذ.م.م. - Amr Gamal Engineering L.L.C,,مواد بناء ورخام وسيراميك وخرسانة جاهزة,المنطقة الصناعية الأولى (6 أكتوبر),مصنع جديد تماماً (حصري),—,+201226313399,https://www.youtube.com/@amrgamalengineeringllc,207 Ahmed Artab/Sad Ibn Obada,"https://www.google.com/maps?q=29.980806,30.948303",29.980806,30.948303,party_and_event_planning,5ff3e99a-f62b-4557-a566-698523687e6d
Magnet Marketing Agency,,صناعات سيارات وشاحنات ومركبات تجارية,المنطقة الصناعية الأولى (6 أكتوبر),مصنع جديد تماماً (حصري),—,+201147740355,https://www.facebook.com/Enjaz.Marketing.Agency,السادس من اكتوبر,"https://www.google.com/maps?q=29.97345,30.948359",29.97345,30.948359,marketing_agency,1c48149a-9a37-4824-ba4a-4107d94c284d
AUTO TOWN,,صناعات سيارات وشاحنات ومركبات تجارية,المنطقة الصناعية الأولى (6 أكتوبر),مصنع جديد تماماً (حصري),—,—,—,المحور المركزي,"https://www.google.com/maps?q=29.974642,30.948158",29.974642,30.948158,automotive_services_and_repair,f9d3e54b-60f4-47d8-a53c-f421ed24a6a4
Arcleon,,تصنيع وإنتاج هندسي عام ومعدات,المنطقة الصناعية الأولى (6 أكتوبر),مصنع جديد تماماً (حصري),—,+201113536991,http://Arcleon.com/,المحور المركزي,"https://www.google.com/maps?q=29.974651,30.948158",29.974651,30.948158,real_estate_service,2a67669e-a6a9-40ad-8829-366be05503ca
الإخوة لأعمال الرخام والجرانيت,,مواد بناء ورخام وسيراميك وخرسانة جاهزة,المنطقة الصناعية الأولى (6 أكتوبر),مصنع جديد تماماً (حصري),—,+201272266592,—,مدينة السادس من اكتوبر المحور المركزي الحي الرابع امام بنك الاسكان والتعمير,"https://www.google.com/maps?q=29.974651,30.948158",29.974651,30.948158,shopping,80d8cdfe-9d17-46b0-8c24-c0fde2e671ad
شركة النجار للعقارات Aqarat,,تصنيع وإنتاج هندسي عام ومعدات,المنطقة الصناعية الأولى (6 أكتوبر),مصنع جديد تماماً (حصري),—,+201004186084,https://www.facebook.com/profile.php?id=100077823637593&mibextid=ZbWKwL,المحور المركزي ميدان النجدة ,"https://www.google.com/maps?q=29.974642,30.948158",29.974642,30.948158,real_estate_investment,5142265b-46ed-4d97-9e28-8952de394b34
Future,,تصنيع وإنتاج هندسي عام ومعدات,المنطقة الصناعية الأولى (6 أكتوبر),مصنع جديد تماماً (حصري),—,+201097139291,https://youtube.com/channel/UCO14bd1VNq1tecVmkPz9VPg,571 شارع زويل صفوة اكتوبر حدائق اكتوبر الجيزة,"https://www.google.com/maps?q=29.963591,30.948227",29.963591,30.948227,engineering_services,e011cb86-1f78-43bb-a229-32ea38e00fd1
Young Innovative,,تصنيع وإنتاج هندسي عام ومعدات,المنطقة الصناعية الأولى (6 أكتوبر),مصنع جديد تماماً (حصري),—,+201558450461,—,Jordanian mall,"https://www.google.com/maps?q=29.966019,30.948519",29.966019,30.948519,printing_services,ac19b720-8891-4808-b8f5-2a139b6ef401
LOGEX EG,,نقل بري ولوجستيات وتخزين وأساطيل,المنطقة الصناعية الأولى (6 أكتوبر),مصنع جديد تماماً (حصري),—,+201005269912,http://www.logex-eg.com/,1306 Mohammed Al Senousi,"https://www.google.com/maps?q=29.963579,30.948576",29.963579,30.948576,freight_and_cargo_service,f42cae76-b6cf-4033-aab5-7be8e2aba2a7
شركة العلدوني للمراتب والاسفنج ومستلزمات التنجيد,,تصنيع وإنتاج هندسي عام ومعدات,المنطقة الصناعية الأولى (6 أكتوبر),مصنع جديد تماماً (حصري),—,+201095882849,https://www.facebook.com/AlAldouni.oct,6 أكتوبر - الحي الثاني - الأردنية مول - الوحدة الأولى,"https://www.google.com/maps?q=29.965839,30.948729",29.965839,30.948729,shopping,6eeb2e9a-d3dd-4d67-8dd6-745030e7945f
ونش رفع عفش باكتوبر01019443750,,نقل بري ولوجستيات وتخزين وأساطيل,المنطقة الصناعية الأولى (6 أكتوبر),مصنع جديد تماماً (حصري),—,+201019443750,https://naklfurniturecairo.com/,السادس من اكتوبر,"https://www.google.com/maps?q=29.980488,30.948566",29.980488,30.948566,furniture_store,29cb6120-dde3-41ad-a628-0924469f9ad9
شركات نقل الاثاث فى الفردوس 01090216656 عربيات ربع نقل، ونش رفع اثاث,,نقل بري ولوجستيات وتخزين وأساطيل,المنطقة الصناعية الأولى (6 أكتوبر),مصنع جديد تماماً (حصري),—,+201090216656,https://sites.google.com/site/elzhoormoving/moving-furniture-hota,85 شارع الفردوس، قسم أول 6 أكتوبر، قسم ثالث 6 أكتوبر,"https://www.google.com/maps?q=29.980871,30.948402",29.980871,30.948402,freight_and_cargo_service,04dc0fb9-2a7a-425b-8356-f6c68e365671
Mentor Consulting Group,,تصنيع وإنتاج هندسي عام ومعدات,المنطقة الصناعية الأولى (6 أكتوبر),مصنع جديد تماماً (حصري),—,+20236969136,https://mentor-mcg.com/,Entrance,"https://www.google.com/maps?q=29.979939,30.949032",29.979939,30.949032,engineering_services,140177f7-e3ff-4e4e-b896-1dad9fe4f0f0
سيارات محمود حمد,,صناعات سيارات وشاحنات ومركبات تجارية,المنطقة الصناعية الأولى (6 أكتوبر),مصنع جديد تماماً (حصري),—,+201095666611,https://www.facebook.com/mahmoudhamd.cars1?mibextid=ZbWKwL,egypt,"https://www.google.com/maps?q=29.97994,30.949066",29.97994,30.949066,car_dealer,ae277e7b-0bdd-4c18-a241-befce3b27a1d
Main Town Egypt,,تصنيع وإنتاج هندسي عام ومعدات,المنطقة الصناعية الأولى (6 أكتوبر),مصنع جديد تماماً (حصري),—,+201111393439,https://youtube.com/@iflooreg,الجيزة - 6 اكتوبر - المستثمر الصغير- عمارة 20 - شقة 301,"https://www.google.com/maps?q=29.974295,30.949018",29.974295,30.949018,contractor,7d35e42d-e561-4360-be7a-557442374f9d
Jordanian Mall,,صناعات سيارات وشاحنات ومركبات تجارية,المنطقة الصناعية الأولى (6 أكتوبر),مصنع جديد تماماً (حصري),—,+201115666658,—,"امام مشتشفى الوادى، الحي الثاني مول الأردنية خلف مدرسة جيل ٢٠٠٠, Divided from Al Kafrawei","https://www.google.com/maps?q=29.96603,30.948854",29.96603,30.948854,shopping_center,8b494d16-d187-4564-bb3e-cbdaf78a9a0d
شركة باركرين السورية للمصاعد,,تصنيع وإنتاج هندسي عام ومعدات,المنطقة الصناعية الأولى (6 أكتوبر),مصنع جديد تماماً (حصري),—,+201022669181,http://syrianaelevator.epizy.com/,742 رقم 6، الجيزة،,"https://www.google.com/maps?q=29.966074,30.948847",29.966074,30.948847,elevator_service,37f9bb26-8350-4397-9d75-3336245b1eed
الشويمي لماكينات الطباعة وآلات التصوير,,تصنيع وإنتاج هندسي عام ومعدات,المنطقة الصناعية الأولى (6 أكتوبر),مصنع جديد تماماً (حصري),—,+201020210128,https://alshwemy.com/,"الحي الثاني, El-Yasmin","https://www.google.com/maps?q=29.962515,30.948771",29.962515,30.948771,screen_printing_t_shirt_printing,65f47626-c204-4e9c-9903-b22e4c5e0259
الشركة المصرية لقطع غيار نيسان مركز معتمد,,صناعات سيارات وشاحنات ومركبات تجارية,المنطقة الصناعية الأولى (6 أكتوبر),مصنع جديد تماماً (حصري),—,+201030064042,—,٦ اكتوبر ميدان الحصرى امام مستشفى الوادى مول الاردنيه للوكيشن / ‏ https://maps.app.goo.gl/pMWcSTb3vmsA5uCQ8,"https://www.google.com/maps?q=29.965572,30.948975",29.965572,30.948975,auto_parts_and_supply_store,f3e8190b-b334-431e-939f-8a65c6c58223
جاب الله -لقطع غيار السيارات,,صناعات سيارات وشاحنات ومركبات تجارية,المنطقة الصناعية الأولى (6 أكتوبر),مصنع جديد تماماً (حصري),—,+201099487150,http://auto-parts-store-2937.business.site/,   شارع محور الكفراوي  مول الأردنيه الجديده امام مستشفي الوادي ,"https://www.google.com/maps?q=29.966852,30.948978",29.966852,30.948978,auto_parts_and_supply_store,941f4ab7-3898-4a89-93bb-8c33633621cb
Top Gear October and Up Garage,,صناعات سيارات وشاحنات ومركبات تجارية,المنطقة الصناعية الأولى (6 أكتوبر),مصنع جديد تماماً (حصري),—,+201155564402,—,امام سكوير اسفل جوميا، الحي الثانى بجوار مول الأردنية,"https://www.google.com/maps?q=29.964903,30.949106",29.964903,30.949106,auto_parts_and_supply_store,e438b6b3-d75f-4418-98b6-ce895d25c05a
Alsarh Modern Contracting,,مواد بناء ورخام وسيراميك وخرسانة جاهزة,المنطقة الصناعية الأولى (6 أكتوبر),مصنع جديد تماماً (حصري),—,+201066397098,https://youtube.com/@alsarh.modern.contracting?si=uGjh4iOy5Tp5QEz8,6 اكتوبر _محور جمال عبدالناصر_ الحى 11_عمارات البنك _المجاوره الاولي عماره 20_ شقه 2,"https://www.google.com/maps?q=29.954899,30.948502",29.954899,30.948502,construction_services,61fc567e-4c27-47db-a04c-bcedd1b72ab3
مركز موبيل لصيانة السيارات 6 اكتوبر,,صناعات سيارات وشاحنات ومركبات تجارية,المنطقة الصناعية الأولى (6 أكتوبر),مصنع جديد تماماً (حصري),—,+201006730918,—,الحى الثانى - شارع مدرسة جيل الفين ,"https://www.google.com/maps?q=29.954899,30.948502",29.954899,30.948502,automotive_repair,f3216ee0-f650-473b-961d-ac6675eafb20
abc October,,تصنيع وإنتاج هندسي عام ومعدات,المنطقة الصناعية الأولى (6 أكتوبر),مصنع جديد تماماً (حصري),—,+201009056666,—,37 شارع المركزى,"https://www.google.com/maps?q=29.954899,30.948502",29.954899,30.948502,shopping,8818319f-6c8c-4f54-ac03-7fe11a59797e
United.Arab.Group,,تصنيع وإنتاج هندسي عام ومعدات,المنطقة الصناعية الأولى (6 أكتوبر),مصنع جديد تماماً (حصري),—,+201066666177,http://unitedarabco.com/,City Star - Tower No. (3),"https://www.google.com/maps?q=29.954899,30.948502",29.954899,30.948502,construction_services,db8edf95-dd12-4ebe-a86c-5d040cc319d7
Auto center,,صناعات سيارات وشاحنات ومركبات تجارية,المنطقة الصناعية الأولى (6 أكتوبر),مصنع جديد تماماً (حصري),—,+201212176210,—,خلف جامعة msa، 2271 ش Abd El-Salam Amin,"https://www.google.com/maps?q=29.955254,30.949385",29.955254,30.949385,car_wash,912572cd-15dd-44a9-8e6c-f23cf5b1e5cc
Jood kitchen,,تصنيع وإنتاج هندسي عام ومعدات,المنطقة الصناعية الأولى (6 أكتوبر),مصنع جديد تماماً (حصري),—,+201028288710,—,Abd El-Salam Amin,"https://www.google.com/maps?q=29.955175,30.949146",29.955175,30.949146,contractor,498ab774-d215-4771-be81-86b687a1bc22
A2Z Carwash,,صناعات سيارات وشاحنات ومركبات تجارية,المنطقة الصناعية الأولى (6 أكتوبر),مصنع جديد تماماً (حصري),—,+201122293335,—,"امام مستشفي الصفوه، الحي التاني .المجاوره الخامسه, Divided from Al Kafrawei","https://www.google.com/maps?q=29.964636,30.949158",29.964636,30.949158,car_wash,25b20602-4eff-4643-a25f-951a770bdec5
Lotus لوتس للادوات الصحيه,,تصنيع وإنتاج هندسي عام ومعدات,المنطقة الصناعية الأولى (6 أكتوبر),مصنع جديد تماماً (حصري),—,+201025540988,https://www.lotusegypt1.com/home,"Abou Bakr El-Sedeek st, 2nd district 6 october","https://www.google.com/maps?q=29.960699,30.949347",29.960699,30.949347,shopping,b8d9cf78-2368-4162-afdb-522c50aa82b0
مركز امان زوايا واتزان,,صناعات سيارات وشاحنات ومركبات تجارية,المنطقة الصناعية الأولى (6 أكتوبر),مصنع جديد تماماً (حصري),—,+201119813598,https://maps.app.goo.gl/ipwogLFzVr9oj4FV6?g_st=iw,6اكتوبر الحى الثانى المجاورة 5 بجوار مسجد ابوبكر الصديق وسيراميك الحويفى ٦ اكتوبر,"https://www.google.com/maps?q=29.961882,30.949394",29.961882,30.949394,automotive_repair,0c552d8d-e4c6-4755-b8a3-81075002dc56
V8 tuning garage,,صناعات سيارات وشاحنات ومركبات تجارية,المنطقة الصناعية الأولى (6 أكتوبر),مصنع جديد تماماً (حصري),—,+201119595467,—,first mall district 3,"https://www.google.com/maps?q=29.961889,30.949429",29.961889,30.949429,automotive_services_and_repair,94cd34ca-e0f4-4aed-ab8e-392425eb2a77
WAW Media Production,,صناعات سيارات وشاحنات ومركبات تجارية,المنطقة الصناعية الأولى (6 أكتوبر),مصنع جديد تماماً (حصري),—,+201148500005,http://www.wawmediaProduction.com/,435 الحى الأول المجاورة الثانية امام جامعه,"https://www.google.com/maps?q=29.975155,30.949469",29.975155,30.949469,marketing_agency,dfc8afb3-d97f-492c-847e-57705b2d9814
EG.Office,,تصنيع وإنتاج هندسي عام ومعدات,المنطقة الصناعية الأولى (6 أكتوبر),مصنع جديد تماماً (حصري),—,+201019060306,—,السادس من اكتوبر,"https://www.google.com/maps?q=29.975096,30.949249",29.975096,30.949249,construction_services,3ee2d228-0c65-4c73-89fb-5d075d7e558a
Arttec Group,,تصنيع وإنتاج هندسي عام ومعدات,المنطقة الصناعية الأولى (6 أكتوبر),مصنع جديد تماماً (حصري),—,—,https://arttecgroup-eg.com/,"216, 7th District","https://www.google.com/maps?q=29.979984,30.949165",29.979984,30.949165,b2b_energy_and_mining,eadb27ae-596d-4738-b039-5b3c3837d987
الشركة المصرية للتطوير والتنمية الزراعية,,تصنيع وإنتاج هندسي عام ومعدات,المنطقة الصناعية الأولى (6 أكتوبر),مصنع جديد تماماً (حصري),—,+201111192513,—,المحور المركزي ٦ اكتوبر\n,"https://www.google.com/maps?q=29.980534,30.949814",29.980534,30.949814,agricultural_service,8b1116a6-eda6-40d8-9ea2-7ba7e7c3297a
السبتية لتجارة الحديد والاستيراد,,حديد وصلب وألومنيوم وتشكيل معادن,المنطقة الصناعية الأولى (6 أكتوبر),مصنع جديد تماماً (حصري),—,+201022655963,—,st 10,"https://www.google.com/maps?q=29.979267,30.949501",29.979267,30.949501,construction_services,443ca774-8e20-4e79-a7dc-ba812e6680f2
FAB LAB Models Maker,,غزل ونسيج وملابس جاهزة,المنطقة الصناعية الأولى (6 أكتوبر),مصنع جديد تماماً (حصري),—,+201000545010,—,السادس من اكتوبر,"https://www.google.com/maps?q=29.971479,30.949665",29.971479,30.949665,fabric_store,a4be319f-1e1a-45fc-9264-bcb0de07ad97
Rich Bake,,غزل ونسيج وملابس جاهزة,المنطقة الصناعية الأولى (6 أكتوبر),مصنع جديد تماماً (حصري),—,—,—,السادس من اكتوبر,"https://www.google.com/maps?q=29.969381,30.949566",29.969381,30.949566,jewelry_and_watches_manufacturer,5ce1a4b9-9bcf-4a8a-9277-a977af0b27a5
B-A-A Tec Group,,صناعات غذائية ومشروبات ومطاحن,المنطقة الصناعية الأولى (6 أكتوبر),مصنع جديد تماماً (حصري),—,—,http://www.baatec.com/,Al Mehwar Al Markazi,"https://www.google.com/maps?q=29.970839,30.949863",29.970839,30.949863,industrial_equipment,fa1a6c3f-721e-4327-ac27-91650b52930b
مؤسسة الطباعة,,تصنيع وإنتاج هندسي عام ومعدات,المنطقة الصناعية الأولى (6 أكتوبر),مصنع جديد تماماً (حصري),—,+201011410916,—,السادس من اكتوبر,"https://www.google.com/maps?q=29.958038,30.950459",29.958038,30.950459,bookstore,0797aee0-04ce-4a9e-8e9a-b4bf1a82bf8c
ستاندرد للاستشارات الهندسية Standard Engineering Consultancy,,تصنيع وإنتاج هندسي عام ومعدات,المنطقة الصناعية الثالثة (6 أكتوبر),مصنع جديد تماماً (حصري),—,+201145550630,https://standardconstructioneg.com/,ق 73 - قرعة 2016 طريق الواحات امام معهد معاوني الشرطة ,"https://www.google.com/maps?q=29.89777,30.950205",29.89777,30.950205,engineering_services,0c8fe1b9-c07f-4264-91d5-8142de5154a6
شركة الشروق للمقاولات العامة,,مواد بناء ورخام وسيراميك وخرسانة جاهزة,المنطقة الصناعية الأولى (6 أكتوبر),مصنع جديد تماماً (حصري),—,+20238375532,https://elsheroukblog.wordpress.com/,٢٠٦٩ ،المجاورة السابعة،الحي الثاني ,"https://www.google.com/maps?q=29.95854,30.950655",29.95854,30.950655,masonry_concrete,2fcd0a0b-dcaa-440c-ba63-0ffeee4fe120
Mira Store,,صناعات غذائية ومشروبات ومطاحن,المنطقة الصناعية الأولى (6 أكتوبر),مصنع جديد تماماً (حصري),—,+201026790625,—,الحي الأول،,"https://www.google.com/maps?q=29.96694,30.950834",29.96694,30.950834,flowers_and_gifts_shop,e0689611-9737-4be8-8cb5-d9c0892a2990
Batates & Zalabya,,صناعات غذائية ومشروبات ومطاحن,المنطقة الصناعية الأولى (6 أكتوبر),مصنع جديد تماماً (حصري),—,010 90015809,http://www.batatesandzalabya.com,Egyptian Shooting Club,"https://www.google.com/maps?q=29.995243,30.951334",29.995243,30.951334,food_truck,d51ed4c1-2633-401e-aeda-3e77add7a80d
Gen Auto Car Service,,صناعات سيارات وشاحنات ومركبات تجارية,المنطقة الصناعية الأولى (6 أكتوبر),مصنع جديد تماماً (حصري),—,+201115550954,—,Mohmmed Imad Rageb - Al Tahrir St,"https://www.google.com/maps?q=29.964596,30.950994",29.964596,30.950994,automotive_repair,fe23307e-1524-473d-bf0b-fbe306414f65
Reda carbon,,صناعات سيارات وشاحنات ومركبات تجارية,المنطقة الصناعية الأولى (6 أكتوبر),مصنع جديد تماماً (حصري),—,+201140429797,—,الحجاز مول، محور الكفراوي,"https://www.google.com/maps?q=29.964497,30.951117",29.964497,30.951117,automotive_repair,3e43e35f-6389-434d-aa3a-fcb0663a6d88
A C G - مجموعة امجاد الاستشارية,,تصنيع وإنتاج هندسي عام ومعدات,المنطقة الصناعية الأولى (6 أكتوبر),مصنع جديد تماماً (حصري),—,+201022781859,https://www.acg-egy.com/,"Kafrawy street, First 6th of October","https://www.google.com/maps?q=29.964172,30.951349",29.964172,30.951349,architectural_designer,8191f69a-9b0d-4ad5-b012-16601c02bf1e
شركة البشاير لنقل العفش الي جميع الجهات,,نقل بري ولوجستيات وتخزين وأساطيل,المنطقة الصناعية الأولى (6 أكتوبر),مصنع جديد تماماً (حصري),—,—,—,دار السلام شارع ابو بكر الصديق,"https://www.google.com/maps?q=29.962612,30.951372",29.962612,30.951372,professional_services,53372a39-1fdf-4c66-9f21-93ac89ec6c06
المراسي للمقاولات,,تصنيع وإنتاج هندسي عام ومعدات,المنطقة الصناعية الأولى (6 أكتوبر),مصنع جديد تماماً (حصري),—,+201025552523,—,، الجيزة، مصر,"https://www.google.com/maps?q=29.964321,30.951384",29.964321,30.951384,construction_services,d30034d5-724a-4563-ac9a-e218445aff7f
Dynamics,,صناعات سيارات وشاحنات ومركبات تجارية,المنطقة الصناعية الأولى (6 أكتوبر),مصنع جديد تماماً (حصري),—,+201000120231,—,سنتر الحجاز,"https://www.google.com/maps?q=29.964897,30.951544",29.964897,30.951544,automotive_repair,2faf49c9-cac4-465b-bbd6-a42d7c7f66e9
Nissan Pro Max,,صناعات سيارات وشاحنات ومركبات تجارية,المنطقة الصناعية الأولى (6 أكتوبر),مصنع جديد تماماً (حصري),—,+201000360078,—,مول الحجاز الحي الأول امام مول الحويفي بجوار اسكوير مول وبيت الجمله ,"https://www.google.com/maps?q=29.964466,30.951612",29.964466,30.951612,automotive_repair,586986bd-e37c-4e47-bd86-10a6a1696df6
الحجاز مول ب ٦اكتوبر,,تصنيع وإنتاج هندسي عام ومعدات,المنطقة الصناعية الأولى (6 أكتوبر),مصنع جديد تماماً (حصري),—,+201000807201,—,"سنتر الحجاز مول, El-Higaz","https://www.google.com/maps?q=29.964502,30.951609",29.964502,30.951609,education,2a584506-2bce-4594-ab3e-fe7278683b7b
الهندسية لتكييف السيارات الحجاز مول,,صناعات سيارات وشاحنات ومركبات تجارية,المنطقة الصناعية الأولى (6 أكتوبر),مصنع جديد تماماً (حصري),—,+201110188187,https://elhandsia.business.site/,محور الكفراوي سنتر الحجاز مول,"https://www.google.com/maps?q=29.964413,30.951696",29.964413,30.951696,automotive_repair,a5fa6ddc-8179-48d6-865f-51d1cad5f60f
Alkady Cars EG,,صناعات سيارات وشاحنات ومركبات تجارية,المنطقة الصناعية الأولى (6 أكتوبر),مصنع جديد تماماً (حصري),—,+201019069373,https://www.linkedin.com/company/alkady-cars-fze/,"Infront of first gate October Shooting Club الممشي السياحي, أمام بوابة ١ نادي الصيد -أكتوبر Six Ten Park - Mehwar Gamal Abd El Nasser, Gamal Abd El-Nasir","https://www.google.com/maps?q=29.995768,30.951935",29.995768,30.951935,car_dealer,1051d600-e5fa-44e5-9bdb-f6744168fb60
محمد كرم -Mauto,,تصنيع وإنتاج هندسي عام ومعدات,المنطقة الصناعية الأولى (6 أكتوبر),مصنع جديد تماماً (حصري),—,+201032776776,—,"Green Park Mall\nTouristic Road, 6 October\n26 July Corridor","https://www.google.com/maps?q=29.983236,30.951981",29.983236,30.951981,auto_company,acf18a27-6283-4167-a83f-50abeb28e579
Nasry's Wrapping,,صناعات سيارات وشاحنات ومركبات تجارية,المنطقة الصناعية الأولى (6 أكتوبر),مصنع جديد تماماً (حصري),—,+201150333385,—,١٩٧ شارع المعهد,"https://www.google.com/maps?q=29.972528,30.951826",29.972528,30.951826,auto_parts_and_supply_store,4fad4d02-c37a-4481-9a09-311d263145f2
Nefertiti Clinic,,صناعات بلاستيكية ومطاطية ومواسير,المنطقة الصناعية الأولى (6 أكتوبر),مصنع جديد تماماً (حصري),—,+201095741414,—,"عيادة 3، عمارة 412, Al Mehwar Al Markazi","https://www.google.com/maps?q=29.976618,30.951841",29.976618,30.951841,plastic_surgeon,8ee09252-ac1e-4685-a7f6-a1804dd39c94
كيماويات البناء الحديث 6 أكتوبر,,كيماويات وبتروكيماويات ودهانات وزيوت,المنطقة الصناعية الأولى (6 أكتوبر),مصنع جديد تماماً (حصري),—,+201094127399,—,الاردنيه مول - محور الكفراوى - امام موقف اقاليم الحصري - 6 اكتوبر ,"https://www.google.com/maps?q=29.964712,30.951843",29.964712,30.951843,construction_services,41e569ec-d77e-4818-9625-63777a6c3499
Construction 407,,تصنيع وإنتاج هندسي عام ومعدات,المنطقة الصناعية الأولى (6 أكتوبر),مصنع جديد تماماً (حصري),—,+201009899690,http://www.construction407.com/,1st District,"https://www.google.com/maps?q=29.971382,30.952084",29.971382,30.952084,construction_services,9f92d3f4-51ee-4569-938f-750a8b01f365
Ingaz Egypt,,تصنيع وإنتاج هندسي عام ومعدات,المنطقة الصناعية الأولى (6 أكتوبر),مصنع جديد تماماً (حصري),—,+201023519999,http://www.ingazegypt.com/,المعهد / متفرع من السنترال الحي الأول,"https://www.google.com/maps?q=29.972794,30.952293",29.972794,30.952293,construction_services,7015f285-7d22-46e3-a31f-23ed0f663c6a
الزخرف لانشاء و ادارة المشاريع,,تصنيع وإنتاج هندسي عام ومعدات,المنطقة الصناعية الأولى (6 أكتوبر),مصنع جديد تماماً (حصري),—,+201226108515,—, السادس من أكتوبر - الحي الأول - مجاورة 2- عمارة 266 - الدور 3 - مكتب 8,"https://www.google.com/maps?q=29.972399,30.952389",29.972399,30.952389,engineering_services,ea78c85c-8621-44b2-87b1-49ba4e2e02f2
مجوهرات سان جورج - الاكسلانس,,تصنيع وإنتاج هندسي عام ومعدات,المنطقة الصناعية الأولى (6 أكتوبر),مصنع جديد تماماً (حصري),—,+201008860788,—,فرع اكتوبر/فاملي مول الدورالارضي بوابه1 الحي الاول                فرع فيصل/130 شارع الملك فيصل بجوار توكيل اديداس,"https://www.google.com/maps?q=29.981167,30.952206",29.981167,30.952206,jewelry_and_watches_manufacturer,11049293-413e-497a-bdf0-8fdffef45a1a
Infinity Park,,صناعات سيارات وشاحنات ومركبات تجارية,المنطقة الصناعية الأولى (6 أكتوبر),مصنع جديد تماماً (حصري),—,+201277776655,—,"مول جرين بارك الطريق السياحى امام سور نادى 6 اكتوبر المدخل الرئيسى لمدينة،, قسم أول 6 أكتوبر، اول 6 أكتوبر، الجيزة،, قسم أول 6 أكتوبر، اول 6 أكتوبر، الجيزة،, قسم أول 6 أكتوبر،","https://www.google.com/maps?q=29.983871,30.952255",29.983871,30.952255,business_manufacturing_and_supply,d425b836-15dc-4988-a223-4eec4c2443b9
MotorCycle Station,,صناعات سيارات وشاحنات ومركبات تجارية,المنطقة الصناعية الأولى (6 أكتوبر),مصنع جديد تماماً (حصري),—,+201064949494,http://www.mcsmotorcycle.com/,Gamal Abd El-Nasir,"https://www.google.com/maps?q=29.996105,30.95253",29.996105,30.95253,motorcycle_dealer,9179c8fb-9687-444e-905b-9217833158bc
Le Garage 2,,صناعات سيارات وشاحنات ومركبات تجارية,المنطقة الصناعية الأولى (6 أكتوبر),مصنع جديد تماماً (حصري),—,+201110111325,—,Al Maahad from Al Venteral,"https://www.google.com/maps?q=29.972725,30.952578",29.972725,30.952578,car_wash,70308efb-39d4-4a86-9b89-d3e2808de3f8
النسر الذهبي  لخدمات الأمن والحراسة ونقل الأموال والنظافة,,نقل بري ولوجستيات وتخزين وأساطيل,المنطقة الصناعية الأولى (6 أكتوبر),مصنع جديد تماماً (حصري),—,+201145402003,http://www.goldeneagle-services.com/index.html,203 شارع الاهرام,"https://www.google.com/maps?q=29.973114,30.952608",29.973114,30.952608,,fd089bc1-aa58-405a-860a-0fdc0a5133c8
MKM Laser Cutting,,تصنيع وإنتاج هندسي عام ومعدات,المنطقة الصناعية الأولى (6 أكتوبر),مصنع جديد تماماً (حصري),—,+201028155551,—,1796 Mohammed Mahran,"https://www.google.com/maps?q=29.959991,30.952953",29.959991,30.952953,home_goods_store,db7e1931-c66b-4f91-aeb9-81e662913221
المأمون,,تصنيع وإنتاج هندسي عام ومعدات,المنطقة الصناعية الأولى (6 أكتوبر),مصنع جديد تماماً (حصري),—,+201114583446,—,ش Practical Art Institute St,"https://www.google.com/maps?q=29.971983,30.952967",29.971983,30.952967,mattress_store,11331936-d723-4ff1-8612-7bb0a5ef6c69
عز العرب ستار للاستثمار و التوكيلات التجارية,,صناعات سيارات وشاحنات ومركبات تجارية,المنطقة الصناعية الأولى (6 أكتوبر),مصنع جديد تماماً (حصري),—,—,—,6th of October,"https://www.google.com/maps?q=29.997292,30.953468",29.997292,30.953468,car_dealer,95148f8c-af16-4a78-ba3f-06b72c1ff215
Lowrider pro car care,,صناعات سيارات وشاحنات ومركبات تجارية,المنطقة الصناعية الأولى (6 أكتوبر),مصنع جديد تماماً (حصري),—,+201112129060,—,"First 6th of October, Egypt","https://www.google.com/maps?q=29.974791,30.953474",29.974791,30.953474,car_wash,55124c51-e36c-43fd-a3bf-807ededd4dc6
شركة الكينج للرخام والجرانيت,,مواد بناء ورخام وسيراميك وخرسانة جاهزة,المنطقة الصناعية الأولى (6 أكتوبر),مصنع جديد تماماً (حصري),—,+201148326030,https://www.youtube.com/channel/UCzZipGvHd8R2qy1vtom10Pg,6أكتوبر ,"https://www.google.com/maps?q=29.961657,30.953325",29.961657,30.953325,real_estate_service,bf039799-dc3a-44db-b615-45e8ba98fee0
ابو حمزه فايبر,,صناعات سيارات وشاحنات ومركبات تجارية,المنطقة الصناعية الأولى (6 أكتوبر),مصنع جديد تماماً (حصري),—,+201005145854,—,مول الجاز الحي الاول السادس من اكتوبر,"https://www.google.com/maps?q=29.964609,30.9534",29.964609,30.9534,automotive_repair,a38074fb-cf6a-46c0-89a1-ff176f7c9624
ونش اكتوبر ونش رفع عفش اكتوبر 01020620448,,نقل بري ولوجستيات وتخزين وأساطيل,المنطقة الصناعية الثانية (6 أكتوبر),موجود بالفعل بالسيستم (تحديث/إثراء إحداثيات),شركة نقل عفش العاشر من رمضان 01020620448 ،شركات نقل اثاث,+201020620448,https://ryanmovingfurniture.com/,شارع 31 الحي الثالث,"https://www.google.com/maps?q=29.927191,30.953299",29.927191,30.953299,movers,622db87f-eac5-4ab6-a670-a49b02df4107
شركة الميدومي,,تصنيع وإنتاج هندسي عام ومعدات,المنطقة الصناعية الأولى (6 أكتوبر),مصنع جديد تماماً (حصري),—,+201120637602,—,طريق الواحات - بجوار جامعة مصر الدولية,"https://www.google.com/maps?q=29.95542,30.95429",29.95542,30.95429,public_service_and_government,b744a754-5850-4a1b-bc1f-1f96209c1523
IAC,,تصنيع وإنتاج هندسي عام ومعدات,المنطقة الصناعية الأولى (6 أكتوبر),مصنع جديد تماماً (حصري),—,+201113336439,https://l.facebook.com/l.php?u=http%3A%2F%2F62f0347b53ea9.site123.me%2F%3Ffbclid%3DIwAR3nDhs14y3orY4CwNR6C5x-L4F2TLSTBI5iYV1qpGYYD5Wq2BZMlrWBgk8&h=AT2YfcYkpIud-HwvSIdROwwXt4-HjQ48lK0GvqBj8Rom9omQrRXGVF0qEZ6W8tic7hzNAn-LgWeUHPGVcGc5qUPEkMfykNHl84Ott2w8FV4sVonCtOwS_5jRCcbCF3cYpJDPzw,السادس من اكتوبر,"https://www.google.com/maps?q=29.956123,30.953981",29.956123,30.953981,architectural_designer,1e7f858a-4007-4162-a7e8-9f8941437524
ونش رفع اثاث باكتوبر,,نقل بري ولوجستيات وتخزين وأساطيل,المنطقة الصناعية الأولى (6 أكتوبر),مصنع جديد تماماً (حصري),—,+201060845850,https://maps.app.goo.gl/JikWPnEEhm4ZsNe68,XWHR+2V، قسم أول 6 أكتوبر، الجيزة 3232461,"https://www.google.com/maps?q=29.966171,30.953709",29.966171,30.953709,freight_and_cargo_service,39899781-4a7d-49d8-b443-dcea1de8a363
Makany Mall,,تصنيع وإنتاج هندسي عام ومعدات,المنطقة الصناعية الأولى (6 أكتوبر),مصنع جديد تماماً (حصري),—,+201112753999,http://www.mawten-eg.com/,390 المجاورة الثانية - الحي الاول - مدينة السادس من اكتوبر ,"https://www.google.com/maps?q=29.974382,30.953964",29.974382,30.953964,home_developer,ebe03c67-93d1-483f-b90b-fd9808abdf92
مجوهرات الرفاعي - Al Refaie Jewelry,,تصنيع وإنتاج هندسي عام ومعدات,المنطقة الصناعية الأولى (6 أكتوبر),مصنع جديد تماماً (حصري),—,+201122962555,—,فاملي مول,"https://www.google.com/maps?q=29.976561,30.953934",29.976561,30.953934,jewelry_and_watches_manufacturer,348f3252-59bd-41e5-b1cb-031e996279a5
مجوهرات الفطيم,,تصنيع وإنتاج هندسي عام ومعدات,المنطقة الصناعية الأولى (6 أكتوبر),مصنع جديد تماماً (حصري),—,+201001859777,—,فاملي مول الحي الاول ، الدور الارضى محل رقم ١٦ ,"https://www.google.com/maps?q=29.976225,30.953905",29.976225,30.953905,jewelry_store,0b3ec20b-7d30-425d-a80a-462cd96e219e
Media Reach Nova,,صناعات سيارات وشاحنات ومركبات تجارية,المنطقة الصناعية الأولى (6 أكتوبر),مصنع جديد تماماً (حصري),—,+201108899803,—,الحي الاول دولفن مول,"https://www.google.com/maps?q=29.970545,30.954134",29.970545,30.954134,marketing_agency,357feba8-d606-46c1-a1c0-72dfe1500faa
Le Garage,,صناعات سيارات وشاحنات ومركبات تجارية,المنطقة الصناعية الأولى (6 أكتوبر),مصنع جديد تماماً (حصري),—,+201000479775,—,مدينة 6 اكتوبر الحي الاول ش السنترال امام فاملي مول ,"https://www.google.com/maps?q=29.970684,30.954054",29.970684,30.954054,car_dealer,1d30a007-f8d1-486f-b66a-9b60a6cd6924
Domak Trading Company شركة دوماك للتجارة,,تصنيع وإنتاج هندسي عام ومعدات,المنطقة الصناعية الأولى (6 أكتوبر),مصنع جديد تماماً (حصري),—,+201154422850,—,"https://www.google.com/maps/dir/29.963348,30.9554805//@29.9632267,30.9560819,19.25z","https://www.google.com/maps?q=29.970737,30.953981",29.970737,30.953981,,ce48fb60-8a42-4c7f-8420-f5e4246fe157
الروضة لماكينات التعبئة والتغليف,,تعبئة وتغليف وكرتون وطباعة,المنطقة الصناعية الأولى (6 أكتوبر),مصنع جديد تماماً (حصري),—,+201149488768,http://alrawda-machines.com/,السادس من أكتوبر- ميدان ليلة القدر - مجمع علي الدين مبني (ب) الدور الأول علوى- محل رقم 48,"https://www.google.com/maps?q=29.960882,30.954689",29.960882,30.954689,industrial_equipment,59bc3296-b1f4-4444-9345-12535d210070
JEEP Doctor,,صناعات سيارات وشاحنات ومركبات تجارية,المنطقة الصناعية الأولى (6 أكتوبر),مصنع جديد تماماً (حصري),—,+201224351919,https://jeepdoctor1.com/,خلف مستشفي الصفوه,"https://www.google.com/maps?q=29.963974,30.954693",29.963974,30.954693,automotive_repair,888dabbd-87d3-42de-bc0a-b80b1cda2016
Jablotron Egypt-Smart security,,تصنيع وإنتاج هندسي عام ومعدات,المنطقة الصناعية الأولى (6 أكتوبر),مصنع جديد تماماً (حصري),—,+201012145559,http://jablotronegypt.com/eg/,"Unit 2, First Floor,Dolphin Land Mall,Al Mehwar Al Markazi Al Nassr St  6th  of October City, Egypt.","https://www.google.com/maps?q=29.970921,30.954624",29.970921,30.954624,home_security,67f72ab9-018c-41b6-bacc-c67c3d8482b9
Regency Park Development,,تصنيع وإنتاج هندسي عام ومعدات,المنطقة الصناعية الأولى (6 أكتوبر),مصنع جديد تماماً (حصري),—,+201102220563,http://www.regencypark-development.com/,387 السنترال,"https://www.google.com/maps?q=29.974529,30.954565",29.974529,30.954565,construction_services,db60baa9-6b4f-44ad-a6a3-fc37cefa82f5
IL D'ORO Kitchen & Dressing,,تصنيع وإنتاج هندسي عام ومعدات,المنطقة الصناعية الأولى (6 أكتوبر),مصنع جديد تماماً (حصري),—,+201070320167,https://linktr.ee/ildorokitchen,Dolphin Mall,"https://www.google.com/maps?q=29.977674,30.955013",29.977674,30.955013,furniture_store,d4420361-03c7-4ead-bdcc-cba3cc4de987
I and R Egypt Smart Homes,,تصنيع وإنتاج هندسي عام ومعدات,المنطقة الصناعية الأولى (6 أكتوبر),مصنع جديد تماماً (حصري),—,+201008099972,http://www.iandreg.com/,"Unit 2, 1st Floor, Dolphin Mall, Central Spin القسم الثاني - الدور الأول - دولفين مول, Al Mehwar Al Markazi Al Nassr St","https://www.google.com/maps?q=29.977839,30.954987",29.977839,30.954987,automation_services,b02e11c7-b37d-41c9-94fa-4a5b1192be9c
ورشه الاصدقاء سمكره وعفشه,,صناعات سيارات وشاحنات ومركبات تجارية,المنطقة الصناعية الأولى (6 أكتوبر),مصنع جديد تماماً (حصري),—,+201010661058,https://maps.app.goo.gl/5Tmbby3HaS2htSiC8,السادس من اكتوبر,"https://www.google.com/maps?q=29.964182,30.954762",29.964182,30.954762,automotive_repair,41effbb6-676e-42ab-9f6c-4a232e6f85f5
شركة الأمانة لبيع وشراء وبناء المقابر,,تصنيع وإنتاج هندسي عام ومعدات,المنطقة الصناعية الثانية (6 أكتوبر),مصنع جديد تماماً (حصري),—,+201067578768,https://maps.app.goo.gl/aPHyQv7kVH4b4nSe9,"بعد جامعهmsa خلف نادي الشرطه, El Wahat Rd","https://www.google.com/maps?q=29.925962,30.954483",29.925962,30.954483,public_service_and_government,7736f672-2b37-4f06-8362-025016e8160e
شركه نقل عفش بحدايق اكتوبر01274390533,,نقل بري ولوجستيات وتخزين وأساطيل,المنطقة الصناعية الثانية (6 أكتوبر),مصنع جديد تماماً (حصري),—,+201274390533,https://naklfurniturecairo.com/,حدايق اكتوبر ,"https://www.google.com/maps?q=29.925951,30.955025",29.925951,30.955025,transportation,136840ed-e0a7-4dde-b6fb-268cbe448927
مركز العالمي احمد امام سمكرة سيارات -دهان سيارات,,صناعات سيارات وشاحنات ومركبات تجارية,المنطقة الصناعية الأولى (6 أكتوبر),مصنع جديد تماماً (حصري),—,+201119260603,—,السادس من اكتوبر,"https://www.google.com/maps?q=29.971539,30.955328",29.971539,30.955328,automotive_repair,ea45aee7-a195-4113-8e59-06ea31c8b8ef
الابداع السورى,,صناعات سيارات وشاحنات ومركبات تجارية,المنطقة الصناعية الأولى (6 أكتوبر),مصنع جديد تماماً (حصري),—,+201156968636,—,الحى الأول شارع السنترال سنتر الامل التجارى امام مسجد التوبة ,"https://www.google.com/maps?q=29.972435,30.95525",29.972435,30.95525,business_advertising,5a977b72-7863-4ed6-a042-a4d3794133b1
Future Transport,,نقل بري ولوجستيات وتخزين وأساطيل,المنطقة الصناعية الأولى (6 أكتوبر),مصنع جديد تماماً (حصري),—,+201000030566,https://futuretransporteg.com/,El Amal Mall، الاماني,"https://www.google.com/maps?q=29.971699,30.955494",29.971699,30.955494,transportation,f8413169-0863-4040-a951-5a43fba3f7ea
3D Art,,تصنيع وإنتاج هندسي عام ومعدات,المنطقة الصناعية الأولى (6 أكتوبر),مصنع جديد تماماً (حصري),—,+201094280840,—,السادس من اكتوبر/الحي الاول/سنتر الامل الدور الاول,"https://www.google.com/maps?q=29.971979,30.955641",29.971979,30.955641,printing_services,55123e9f-67bf-4d21-8e87-00917b493e15
Aboushaar Tex Home Collection,,غزل ونسيج وملابس جاهزة,المنطقة الصناعية الأولى (6 أكتوبر),مصنع جديد تماماً (حصري),—,+201151760780,—,السادس من اكتوبر,"https://www.google.com/maps?q=29.977589,30.955894",29.977589,30.955894,flea_market,2744acbb-9f35-4bd7-89b6-a3aeccef3a23
شركة نقل عفش في اكتوبر 01020620448 ،شركات نقل اثاث,,نقل بري ولوجستيات وتخزين وأساطيل,المنطقة الصناعية الثانية (6 أكتوبر),موجود بالفعل بالسيستم (تحديث/إثراء إحداثيات),شركة نقل عفش العاشر من رمضان 01020620448 ،شركات نقل اثاث,+201020620448,https://furnituretransportcompanies.net/,الحي التاني السادس من اكتوبر ,"https://www.google.com/maps?q=29.93026,30.957199",29.93026,30.957199,home_service,27650b4e-01a1-495a-ad03-74e92c0122f0
شركة ارك ستار- Arc Star,,تصنيع وإنتاج هندسي عام ومعدات,المنطقة الصناعية الأولى (6 أكتوبر),مصنع جديد تماماً (حصري),—,+201010653135,https://maps.app.goo.gl/4FtqBs597xwVGEAD9?g_st=ic,El-Tawba Mosque,"https://www.google.com/maps?q=29.969528,30.95685",29.969528,30.95685,construction_services,6210d918-f048-4be9-b213-a2a9a429b998
SOTAC Design & Construction,,تصنيع وإنتاج هندسي عام ومعدات,المنطقة الصناعية الأولى (6 أكتوبر),مصنع جديد تماماً (حصري),—,+201102144777,https://www.sotacdesign.com/en,876 ش السنترال  - الحى الاول - اكتوبر ,"https://www.google.com/maps?q=29.971771,30.956654",29.971771,30.956654,interior_design,5a7ba352-1cbf-4093-a6c5-a8b29d7ce9ad
المجموعة المصرية للمحاسبة والمراجعة والضرائب وتأسيس الشركات- Egat,,تصنيع وإنتاج هندسي عام ومعدات,المنطقة الصناعية الأولى (6 أكتوبر),مصنع جديد تماماً (حصري),—,+201033323225,https://business.google.com/site/l/02088135045694821304,15 شارع منطقة غرب سوميد,"https://www.google.com/maps?q=29.985741,30.956701",29.985741,30.956701,financial_service,e3a762e7-64ad-464c-8476-6b507f153a69
Kitchen plaza,,تصنيع وإنتاج هندسي عام ومعدات,المنطقة الصناعية الأولى (6 أكتوبر),مصنع جديد تماماً (حصري),—,—,—,860 السنترال,"https://www.google.com/maps?q=29.970852,30.957653",29.970852,30.957653,contractor,b370e69e-4dae-4d94-a50e-20174d8d8a52
مجموعه رواد الصحراء للتطوير العقاري,,تصنيع وإنتاج هندسي عام ومعدات,المنطقة الصناعية الأولى (6 أكتوبر),مصنع جديد تماماً (حصري),—,+201008880360,—,المجاوره 12، فيلا 2,"https://www.google.com/maps?q=29.981876,30.957441",29.981876,30.957441,construction_services,65e92fa3-cbda-44e1-bfec-b18b426456ac
Majesty Luxury Car,,صناعات سيارات وشاحنات ومركبات تجارية,المنطقة الصناعية الأولى (6 أكتوبر),مصنع جديد تماماً (حصري),—,+201500770002,—,The Tourist Promonade - 26th of July Corridor - 6th of October City,"https://www.google.com/maps?q=29.992695,30.957844",29.992695,30.957844,car_dealer,95f6ce26-99b9-48a1-8280-fcba4ba1f00b
Pure Crystal Salt,,صناعات سيارات وشاحنات ومركبات تجارية,المنطقة الصناعية الأولى (6 أكتوبر),مصنع جديد تماماً (حصري),—,+201103106066,https://puregroup.com.eg/,شارع الريحان، قسم أول 6 أكتوبر، اول 6 أكتوبر، الجيزة،,"https://www.google.com/maps?q=29.991213,30.95797",29.991213,30.95797,business_manufacturing_and_supply,75a6a732-3a7b-4e92-b703-3f0cd224c15c
Car Clinic,,صناعات سيارات وشاحنات ومركبات تجارية,المنطقة الصناعية الأولى (6 أكتوبر),مصنع جديد تماماً (حصري),—,+201154555654,—,الحي الاول - مجوره 7 - امام مدرسه الحي الاول التجريبي,"https://www.google.com/maps?q=29.964153,30.957895",29.964153,30.957895,automotive_repair,ffdbf668-25bd-4a76-b770-97adf05ec137
Prime Hills Development,,تصنيع وإنتاج هندسي عام ومعدات,المنطقة الصناعية الأولى (6 أكتوبر),مصنع جديد تماماً (حصري),—,+201020500040,—,"مول اكاسيا, الجيزة مدينة 6 اكتوبر - الادور الارضى - الوحدة, Gamal Abd El-Nasir","https://www.google.com/maps?q=30.000605,30.958204",30.000605,30.958204,construction_services,70fa4316-e89b-48f2-934d-abd9611b4275
لؤلؤة مصر للمنظفات,,كيماويات وبتروكيماويات ودهانات وزيوت,المنطقة الصناعية الأولى (6 أكتوبر),مصنع جديد تماماً (حصري),—,+201203663333,http://Www.loloaa.net/,"Giza, 6th of October City - First Industrial Zone, Plot 125","https://www.google.com/maps?q=29.983978,30.958342",29.983978,30.958342,home_cleaning,345bee23-6436-43c4-8e0b-86547dab213e
مملكة النيوماتيك,,تصنيع وإنتاج هندسي عام ومعدات,المنطقة الصناعية الأولى (6 أكتوبر),مصنع جديد تماماً (حصري),—,+201011736466,—,السادس من أكتوبر,"https://www.google.com/maps?q=29.983896,30.958374",29.983896,30.958374,department_store,0bb0b257-1537-4ae4-96c4-570662aaac96
مركز عتمان للصيانة -  Etman Auto service,,صناعات سيارات وشاحنات ومركبات تجارية,المنطقة الصناعية الأولى (6 أكتوبر),مصنع جديد تماماً (حصري),—,+201063702828,—,شارع النباتات - غرب سوميد-داخل محطه وقود طاقه ,"https://www.google.com/maps?q=29.986238,30.958784",29.986238,30.958784,automotive_repair,eba4b4e8-bd9c-40d3-87c6-867fd3976f50
شركة اوت لوك لتوريدات الملابس جملة,,غزل ونسيج وملابس جاهزة,المنطقة الصناعية الأولى (6 أكتوبر),مصنع جديد تماماً (حصري),—,+201116299908,—,255 شارع شادى هاوس,"https://www.google.com/maps?q=29.967888,30.958506",29.967888,30.958506,clothing_company,3f59db0f-21be-482b-b25f-b1ea62ded882
Summit Group,,تصنيع وإنتاج هندسي عام ومعدات,المنطقة الصناعية الأولى (6 أكتوبر),مصنع جديد تماماً (حصري),—,+20238245503,https://linktr.ee/summitcontracting,"6 of October, Central Road District 4 Cairo, Egypt","https://www.google.com/maps?q=29.967888,30.958506",29.967888,30.958506,construction_services,ca5ccea3-dfb5-49f6-8946-57a94806cbb7
شركة المروان للمقاولات العامة و التوريدات العامة و الاستيراد,,صناعات كهربائية وكابلات والكترونيات,المنطقة الصناعية الأولى (6 أكتوبر),مصنع جديد تماماً (حصري),—,+201278971231,—,1226 السنترال، قسم أول,"https://www.google.com/maps?q=29.968164,30.959576",29.968164,30.959576,electric_utility_provider,c1c57258-fef5-450b-9027-0bd34f490960
Oil Tycoon,,صناعات سيارات وشاحنات ومركبات تجارية,المنطقة الصناعية الأولى (6 أكتوبر),مصنع جديد تماماً (حصري),—,+201111626516,—,"امام جامعة نوال, بوابة ٤, Abd El-Salam Amin","https://www.google.com/maps?q=29.95919,30.960178",29.95919,30.960178,automotive_repair,fdefaa06-8858-4018-9b54-4d24bc93b6bb
Tashyed تشييد,,تصنيع وإنتاج هندسي عام ومعدات,المنطقة الصناعية الأولى (6 أكتوبر),مصنع جديد تماماً (حصري),—,+201033044474,http://www.tashyed.net/,1226 شارع السنترال,"https://www.google.com/maps?q=29.968393,30.95985",29.968393,30.95985,construction_services,a3d498b7-28e7-4ecd-8eb2-31da51dd1849
Arab Pyramid,,تصنيع وإنتاج هندسي عام ومعدات,المنطقة الصناعية الأولى (6 أكتوبر),مصنع جديد تماماً (حصري),—,+201010774191,http://www.ArabPyramid.com/,شارع احمد بهجت مجاورة 11 بلوك 13 على 15 فيلا 10,"https://www.google.com/maps?q=29.978182,30.960245",29.978182,30.960245,engineering_services,64999a70-5b13-4945-8afa-b2cc0053c0de
توازن للتجارة والتوكيلات,,كيماويات وبتروكيماويات ودهانات وزيوت,المنطقة الصناعية الأولى (6 أكتوبر),مصنع جديد تماماً (حصري),—,+201011157002,http://www.twazon.com/,1267 شارع المجاورة السادسة حي أول,"https://www.google.com/maps?q=29.966555,30.960545",29.966555,30.960545,industrial_equipment,c07fab73-f01e-4a9b-9d8c-6a55852e94d1
COMPO EXPERT Egypt.,,كيماويات وبتروكيماويات ودهانات وزيوت,المنطقة الصناعية الأولى (6 أكتوبر),مصنع جديد تماماً (حصري),—,+2038352571,http://www.compo-expert.com/,"Villa 14 AL-Worod St, West Somid.","https://www.google.com/maps?q=29.992205,30.960413",29.992205,30.960413,chemical_plant,c42549a1-c031-411d-9ee1-da9be0f9fcad
Car city,,صناعات سيارات وشاحنات ومركبات تجارية,المنطقة الصناعية الأولى (6 أكتوبر),مصنع جديد تماماً (حصري),—,+201010030384,—,السادس من اكتوبر,"https://www.google.com/maps?q=29.961168,30.960796",29.961168,30.960796,auto_parts_and_supply_store,4f4c32be-bed0-4914-ba75-e191b84a93f0
المركز التقني السوري,,صناعات سيارات وشاحنات ومركبات تجارية,المنطقة الصناعية الأولى (6 أكتوبر),مصنع جديد تماماً (حصري),—,+201009219208,—,قسم اول مجاورة 8,"https://www.google.com/maps?q=29.960443,30.96121",29.960443,30.96121,automotive_repair,0fbc77dd-362a-4cf8-9a3c-c236358bbb1d
PLD Development,,تصنيع وإنتاج هندسي عام ومعدات,المنطقة الصناعية الأولى (6 أكتوبر),مصنع جديد تماماً (حصري),—,+2015948,http://pld-development.com/,فيلا 3 مجاوره 10 بلوك 15/2  غرب سوميد _ ٦ اكتوبر  الجيزه,"https://www.google.com/maps?q=29.97403,30.961332",29.97403,30.961332,construction_services,ffda368a-b9ef-4496-bf00-82b8fc9619ac
Crackle Garage,,صناعات سيارات وشاحنات ومركبات تجارية,المنطقة الصناعية الأولى (6 أكتوبر),مصنع جديد تماماً (حصري),—,+201110788858,—,"6th of october, la citè mall","https://www.google.com/maps?q=29.961365,30.962492",29.961365,30.962492,automotive_repair,4d104a10-7958-47d1-8995-bf353e2d04b5
Print Zone,,صناعات سيارات وشاحنات ومركبات تجارية,المنطقة الصناعية الأولى (6 أكتوبر),مصنع جديد تماماً (حصري),—,+201023108484,https://g.page/xerox-printzone,السادس من اكتوبر,"https://www.google.com/maps?q=29.959875,30.962053",29.959875,30.962053,printing_services,f68cc987-8201-4711-8619-113586ca4274
Zaytouna Alaa Eldin,,صناعات غذائية ومشروبات ومطاحن,المنطقة الصناعية الأولى (6 أكتوبر),مصنع جديد تماماً (حصري),—,+201227832541,https://zaytounaalaaeldin.com/,October ,"https://www.google.com/maps?q=29.965578,30.962925",29.965578,30.962925,food,bba37362-0441-42fa-89a5-678065710089
ريتاج للكفرات والمفروشات,,تصنيع وإنتاج هندسي عام ومعدات,المنطقة الصناعية الأولى (6 أكتوبر),مصنع جديد تماماً (حصري),—,+201553905680,—,6 اكتوبر ,"https://www.google.com/maps?q=29.965578,30.962925",29.965578,30.962925,mattress_manufacturing,1af86153-681a-4237-9f6f-9ee2c9ec9c1e
QGAutomotive,,صناعات سيارات وشاحنات ومركبات تجارية,المنطقة الصناعية الأولى (6 أكتوبر),مصنع جديد تماماً (حصري),—,+201203308899,—,فيلا ١٦٥٩شارع عبد السلام امين الحي الاول مجاور٨,"https://www.google.com/maps?q=29.964495,30.963057",29.964495,30.963057,automotive_repair,081fd047-ff9a-42fd-b537-ccc56022f165
MOTOROIL,,صناعات سيارات وشاحنات ومركبات تجارية,المنطقة الصناعية الأولى (6 أكتوبر),مصنع جديد تماماً (حصري),—,+201090210899,—,"1651, District 1, Central","https://www.google.com/maps?q=29.96405,30.963209",29.96405,30.963209,shopping,fdfaba09-6335-4109-9d8c-49164ab8c3f5
Safe Zone Co.,,أدوية ومستحضرات تجميل ومستلزمات طبية,المنطقة الصناعية الأولى (6 أكتوبر),مصنع جديد تماماً (حصري),—,+201000091662,http://www.safezone-eg.com/,"A3 Kazan Mall, behind Mall of Arabia, 6 October \n18 A Ashgar Darna, Maddi","https://www.google.com/maps?q=30.004925,30.964176",30.004925,30.964176,occupational_safety,083d07df-e169-4904-9002-835349657c36
Seen 360,,صناعات سيارات وشاحنات ومركبات تجارية,المنطقة الصناعية الأولى (6 أكتوبر),مصنع جديد تماماً (حصري),—,+201117726110,http://www.seen360.org/,السادس من اكتوبر,"https://www.google.com/maps?q=29.975159,30.965651",29.975159,30.965651,advertising_agency,50539523-0c0d-413c-83cd-9eee26968c47
Infinity Motorcycle,,صناعات سيارات وشاحنات ومركبات تجارية,المنطقة الصناعية الأولى (6 أكتوبر),مصنع جديد تماماً (حصري),—,+201111680248,—,Abd El-Moneim Riad Abd El-Khalik Tharwat,"https://www.google.com/maps?q=29.99262,30.965618",29.99262,30.965618,motorcycle_repair,e7375330-09ad-4e2a-a19d-3847e9538394
The Engineering Association Mahfouz For Architecture & Construction,,تصنيع وإنتاج هندسي عام ومعدات,المنطقة الصناعية الأولى (6 أكتوبر),مصنع جديد تماماً (حصري),—,+20238247355,http://mahfouzegypt.com/,Soaad Kafafi St,"https://www.google.com/maps?q=29.992172,30.965851",29.992172,30.965851,architectural_designer,8b244ee3-6e88-4753-b9ab-2ce759568791
ونش رفع عفش في كمبوند رؤية حدائق اكتوبر 01032428296,,نقل بري ولوجستيات وتخزين وأساطيل,المنطقة الصناعية الأولى (6 أكتوبر),موجود بالفعل بالسيستم (تحديث/إثراء إحداثيات),شركة نقل عفش العاشرمن رمضان 01032428296،شركات نقل الأثاث,+201032428296,—,كمبوند رؤية حدائق اكتوبر ,"https://www.google.com/maps?q=29.987942,30.968407",29.987942,30.968407,freight_and_cargo_service,2e52afed-8fc4-478f-b4cb-5fdb13495118
Vertex,,تصنيع وإنتاج هندسي عام ومعدات,المنطقة الصناعية الأولى (6 أكتوبر),مصنع جديد تماماً (حصري),—,+201007548449,—,غرب سوميد - شارع عمار بن ياسر - فيلا 7 ( بجوار مجمع البنوك)1,"https://www.google.com/maps?q=29.969912,30.969618",29.969912,30.969618,interior_design,759e76d5-fce7-4d87-b0b4-39da64013bbb
شركات نقل عفش بحدايق اكتوبر 01019443750,,نقل بري ولوجستيات وتخزين وأساطيل,المنطقة الصناعية الثانية (6 أكتوبر),مصنع جديد تماماً (حصري),—,+201019443750,https://naklfurniturecairo.com/,حدايق أكتوبر,"https://www.google.com/maps?q=29.9331,30.971064",29.9331,30.971064,transportation,0f1c9437-c21b-48bb-b86b-a8c773be7238
شركة ترويج - Tarweej Co. Ltd,,صناعات سيارات وشاحنات ومركبات تجارية,المنطقة الصناعية الأولى (6 أكتوبر),مصنع جديد تماماً (حصري),—,+201121937792,https://tarweejcoltd.com/,Industrial Area,"https://www.google.com/maps?q=30.005585,30.973139",30.005585,30.973139,business_advertising,e7e7099a-39b0-43fc-a1fb-9c97c2f6da1c
الهدي توريد و تركيب بديل الرخام والخشب pvc marbel & wood,,مواد بناء ورخام وسيراميك وخرسانة جاهزة,المنطقة الصناعية الأولى (6 أكتوبر),مصنع جديد تماماً (حصري),—,+201069797901,http://alhodapvcmarbelwoode.business.site/,حدائق الأهرام الهرم، الجيزة,"https://www.google.com/maps?q=29.976946,30.97389",29.976946,30.97389,patio_covers,c69e2f4f-cd42-4449-8d12-aa9eb4741a88
Jewel Hub,,تصنيع وإنتاج هندسي عام ومعدات,المنطقة الصناعية الأولى (6 أكتوبر),مصنع جديد تماماً (حصري),—,+201017175577,http://www.jewel-hub.com/,"26th of July Corridor, 6th of October, Mall of Arabia, Gate 20","https://www.google.com/maps?q=30.005451,30.973925",30.005451,30.973925,jewelry_and_watches_manufacturer,41766abb-a562-484c-a9db-a0ac1e6cdc30
Quola's Freight Forwarder and Logistics Solutions,,نقل بري ولوجستيات وتخزين وأساطيل,المنطقة الصناعية الأولى (6 أكتوبر),مصنع جديد تماماً (حصري),—,+201000363094,https://www.linkedin.com/company/quola-egy,139 Abd El-Moneim Riad,"https://www.google.com/maps?q=30.001312,30.974052",30.001312,30.974052,freight_and_cargo_service,c967a288-295e-4584-a1e5-4995a1c99567
Comfort Home Collection,,غزل ونسيج وملابس جاهزة,المنطقة الصناعية الأولى (6 أكتوبر),مصنع جديد تماماً (حصري),—,+201110505035,http://www.comfort-egypt.com/,"Juhaina Sq., Mall Of Arabia, Inside Home Concept Mall","https://www.google.com/maps?q=30.005482,30.974409",30.005482,30.974409,mattress_store,c7febb0e-e0b8-4b57-bbe0-6b94cc077e86
Ecovair,,تصنيع وإنتاج هندسي عام ومعدات,المنطقة الصناعية الأولى (6 أكتوبر),مصنع جديد تماماً (حصري),—,+201000860724,http://www.ecovair.net/,Building #50,"https://www.google.com/maps?q=29.983286,30.974892",29.983286,30.974892,contractor,18080d6e-5aa3-4ccf-ab8e-b3702ffb5a8a
Sherry Gado gallery,,صناعات سيارات وشاحنات ومركبات تجارية,المنطقة الصناعية الأولى (6 أكتوبر),مصنع جديد تماماً (حصري),—,+201001687388,https://sherry-gado-gallery.myzammit.shop/,140 Sameh Gado st. Sixth touristic village 6 October,"https://www.google.com/maps?q=30.001682,30.974588",30.001682,30.974588,home_goods_store,a0d2a72a-e573-464c-b031-e4a1879d4a1a
Abu Auf,,صناعات غذائية ومشروبات ومطاحن,المنطقة الصناعية الأولى (6 أكتوبر),مصنع جديد تماماً (حصري),—,+2019969,https://www.abuauf.com/,"88 Street, Palm Hills Club, 6th of October Next to Barcelona Academy","https://www.google.com/maps?q=30.001461,30.975721",30.001461,30.975721,health_food_store,559b110a-95fa-461a-a0cd-41b9bc2a32a0
شركة نقل عفش بحدائق اكتوبر 01090967765,,نقل بري ولوجستيات وتخزين وأساطيل,المنطقة الصناعية الأولى (6 أكتوبر),مصنع جديد تماماً (حصري),—,+201090967765,https://naklfurniturecairo.com/,حدائق اكتوبر,"https://www.google.com/maps?q=29.951286,30.976196",29.951286,30.976196,transportation,c398c75a-a9fe-4799-8e51-c9363f638afa
International General Trading & Contracting Co. ICTCO,,تصنيع وإنتاج هندسي عام ومعدات,المنطقة الصناعية الأولى (6 أكتوبر),مصنع جديد تماماً (حصري),—,+2038246904,http://Www.ictcoegypt.com/,"Head Office: BLock 28 Motamayez District 6th of October - Cairo, Egypt","https://www.google.com/maps?q=29.983257,30.976509",29.983257,30.976509,shopping,f458e57e-427b-4dab-a7c5-a329c561aeb1
Media Sports Club,,صناعات سيارات وشاحنات ومركبات تجارية,المنطقة الصناعية الأولى (6 أكتوبر),مصنع جديد تماماً (حصري),—,+201113580910,—,gate 3 ,"https://www.google.com/maps?q=29.986927,30.978096",29.986927,30.978096,business_advertising,42bdbd66-0b4b-4510-98bd-4b3365943fe0
Imlock Developments إملُك للتطوير العقاري,,تصنيع وإنتاج هندسي عام ومعدات,المنطقة الصناعية الأولى (6 أكتوبر),مصنع جديد تماماً (حصري),—,+201022227123,—,13 Naguib mahfouz St. Al Hay Al Motamiez,"https://www.google.com/maps?q=29.990229,30.978443",29.990229,30.978443,construction_services,ea7a17fd-f835-4274-8202-f722097df918
إصلاح أعطال السيارات على الطريق,,صناعات سيارات وشاحنات ومركبات تجارية,المنطقة الصناعية الأولى (6 أكتوبر),مصنع جديد تماماً (حصري),—,+201117567402,https://garage20-vehicleworkshopservices.business.site/,Hamid Fahmy Basha,"https://www.google.com/maps?q=29.98278,30.978731",29.98278,30.978731,automotive_repair,5a409bd2-62c7-45f9-addb-b3107b0e8d82
ZFA Weighing Solutions,,تصنيع وإنتاج هندسي عام ومعدات,المنطقة الصناعية الأولى (6 أكتوبر),مصنع جديد تماماً (حصري),—,+201066821674,https://zfaco.com/,"Building #114, 6th Touristic Zone Front of Mall of Arabia 6th of October","https://www.google.com/maps?q=30.00536,30.97916",30.00536,30.97916,industrial_equipment,b6e057ed-9a88-476b-a3a6-76b70c4aeb2d
Arch vision,,صناعات سيارات وشاحنات ومركبات تجارية,المنطقة الصناعية الأولى (6 أكتوبر),مصنع جديد تماماً (حصري),—,+201066674580,—,33 شارع السنتر التجاري,"https://www.google.com/maps?q=29.986208,30.979237",29.986208,30.979237,architectural_designer,97419e95-885c-4f7e-acfe-581143bb7945
Mokam Developments,,تصنيع وإنتاج هندسي عام ومعدات,المنطقة الصناعية الأولى (6 أكتوبر),مصنع جديد تماماً (حصري),—,+201111174496,http://www.mokamdevelopments.com/,"Abd El-Moneim Riad, First 6th of October","https://www.google.com/maps?q=29.99474,30.979479",29.99474,30.979479,construction_services,67f129f9-3c10-4c72-a2ef-8278995db878
الرواد الهندسية للمقاولات والتوريدات,,غزل ونسيج وملابس جاهزة,المنطقة الصناعية الأولى (6 أكتوبر),مصنع جديد تماماً (حصري),—,—,http://www.alrowadeng.com/,قطعة 169/5,"https://www.google.com/maps?q=29.987843,30.979794",29.987843,30.979794,metal_fabricator,e16a3945-09a8-4da9-83e1-3f1f446af958
Perfect Window U-PVC لأعمال الأبواب والنوافذ,,حديد وصلب وألومنيوم وتشكيل معادن,منطقة المطورين الصناعيين (بولاريس / بيراميدز / CPC),مصنع جديد تماماً (حصري),—,+201111414171,—,6 October City,"https://www.google.com/maps?q=30.015678,30.791588",30.015678,30.791588,windows_installation,7ab3b682-104a-4d49-b6c3-baf84ad97ed1
شركة نقل الاثاث فى اكتوبر  01014368654 شركات نقل اثاث,,نقل بري ولوجستيات وتخزين وأساطيل,المنطقة الصناعية الأولى (6 أكتوبر),موجود بالفعل بالسيستم (تحديث/إثراء إحداثيات),شركة نقل عفش بالعاشر من رمضان 01014368654 ،شركات نقل اثاث,+201014368654,—,السااد من اكتبر,"https://www.google.com/maps?q=30.010181,30.880562",30.010181,30.880562,freight_and_cargo_service,3a798949-8824-4c16-84ae-eb2eac201516
كارنا كار سيرفيس - carna car service,,صناعات سيارات وشاحنات ومركبات تجارية,المنطقة الصناعية الأولى (6 أكتوبر),مصنع جديد تماماً (حصري),—,+201554051039,http://www.car-na.com/,المحور المركزي ميدان النجدة \n,"https://www.google.com/maps?q=30.006664,30.969456",30.006664,30.969456,automotive_repair,4c15f6b0-6553-4c5c-985c-fb7fc18dc96e
The Three Gates,,صناعات سيارات وشاحنات ومركبات تجارية,المنطقة الصناعية الأولى (6 أكتوبر),مصنع جديد تماماً (حصري),—,+201033262971,—,El sheikh zayed city ,"https://www.google.com/maps?q=30.007254,30.969221",30.007254,30.969221,business_advertising,777b90a5-1cff-437f-afe9-28df4144cba6
إمام موتورز - Imam Motors,,صناعات سيارات وشاحنات ومركبات تجارية,المنطقة الصناعية الأولى (6 أكتوبر),مصنع جديد تماماً (حصري),—,+201092257440,https://imam-motors.com/,السادس من اكتوبر,"https://www.google.com/maps?q=30.006655,30.972795",30.006655,30.972795,motorcycle_dealer,de8ad56e-27ac-44cc-ab79-6544c3af40f4
Trade House for investment & general services,,صناعات سيارات وشاحنات ومركبات تجارية,المنطقة الصناعية الأولى (6 أكتوبر),مصنع جديد تماماً (حصري),—,+201222105651,http://www.tradehouse-eg.com/,MALL OF ARABIA ,"https://www.google.com/maps?q=30.006344,30.973547",30.006344,30.973547,advertising_agency,5b8c3984-3aad-49a3-8456-154fe0df9602
Arrows,,صناعات سيارات وشاحنات ومركبات تجارية,المنطقة الصناعية الأولى (6 أكتوبر),مصنع جديد تماماً (حصري),—,+201000098520,https://www.linkedin.com/company/arrowseg/,mall of arabia,"https://www.google.com/maps?q=30.006712,30.975643",30.006712,30.975643,media_agency,5ea4923f-186d-4f2b-89b3-cb8a2b4c9366
Corncraze,,صناعات غذائية ومشروبات ومطاحن,المنطقة الصناعية الأولى (6 أكتوبر),مصنع جديد تماماً (حصري),—,+201006506602,—,Mall of Arabia,"https://www.google.com/maps?q=30.007111,30.974897",30.007111,30.974897,food_truck,3c46aef9-7704-440f-8574-76d938547810
Bakier Stationery,,صناعات سيارات وشاحنات ومركبات تجارية,المنطقة الصناعية الأولى (6 أكتوبر),مصنع جديد تماماً (حصري),—,010 11215711,https://www.bakierstationery.com,Mall of Arabia,"https://www.google.com/maps?q=30.008657,30.975029",30.008657,30.975029,business_office_supplies_and_stationery,3fa6cda4-4fd7-43b6-af55-5e7c5a542fcf
Bio Nano Tech,,تصنيع وإنتاج هندسي عام ومعدات,المنطقة الصناعية الأولى (6 أكتوبر),مصنع جديد تماماً (حصري),—,+201021054237,http://bionano-egy.com/, ويست جيت مول - شارع السنترال - الحى الاول -   مدينة 6 اكتوبر,"https://www.google.com/maps?q=30.010742,30.972311",30.010742,30.972311,biotechnology_company,92ca7371-a4a3-4e48-b08b-78e2094526d1
المعداوي للسيراميك و الأدوات الصحية,,مواد بناء ورخام وسيراميك وخرسانة جاهزة,المنطقة الصناعية الأولى (6 أكتوبر),مصنع جديد تماماً (حصري),—,+201211110921,https://www.maadawygroup.com/,الجيزة - اكتوبر - محور جمال عبد الناصر - خلف مول العرب - أمام بوابة 19 - حى الفيروز.,"https://www.google.com/maps?q=30.009699,30.970903",30.009699,30.970903,shopping,e300ba5d-fb11-4744-ad3a-eb880f7b61e0
Alhoda Solar الهدى للطاقة الشمسية,,تصنيع وإنتاج هندسي عام ومعدات,المنطقة الصناعية الأولى (6 أكتوبر),مصنع جديد تماماً (حصري),—,+201001197635,https://alhodasolareg.com/,141 الدفاع الوطني - خلف مول العرب - ثاني الشيخ زايد,"https://www.google.com/maps?q=30.010715,30.970621",30.010715,30.970621,b2b_energy_and_mining,5dd2ab27-4c47-466b-83fd-365c2b3e1c94
Mobil Autocare - Dahsour 2,,صناعات سيارات وشاحنات ومركبات تجارية,المنطقة الصناعية الأولى (6 أكتوبر),مصنع جديد تماماً (حصري),—,0222300324,https://www.mobil.eg/en-eg/lubricants/,محطة شيل اوت- وصلة دهشور اتجاه ميدان جهينة الشيخ زايد,"https://www.google.com/maps?q=30.015844,30.975021",30.015844,30.975021,automotive_services_and_repair,62c28913-a67b-425f-b367-48abbdceb4f6
Self Storage,,نقل بري ولوجستيات وتخزين وأساطيل,المنطقة الصناعية الأولى (6 أكتوبر),مصنع جديد تماماً (حصري),—,+201012555229,https://misrlogistics.com/ar/self-storage/,28 Abu rawash Cairo Alex desert road- Industrial zone,"https://www.google.com/maps?q=30.017086,30.975611",30.017086,30.975611,self_storage_facility,962848b9-f659-4ffc-9d9d-96b0bd7a5531
Bargasy Motors,,صناعات سيارات وشاحنات ومركبات تجارية,المنطقة الصناعية الأولى (6 أكتوبر),مصنع جديد تماماً (حصري),—,+2015404,http://www.albargasy.com/,الشيخ زايد - ميدان جهينه - طريق وصلة دهشور  - مدخل 3 - بجوار محطه بنزين توتال,"https://www.google.com/maps?q=30.017557,30.975626",30.017557,30.975626,car_dealer,9ea2bc00-d4d1-4f13-96c2-a3025fb51608
بنزينة توتال الشيخ زايد,,نقل بري ولوجستيات وتخزين وأساطيل,المنطقة الصناعية الأولى (6 أكتوبر),مصنع جديد تماماً (حصري),—,—,—,Giza,"https://www.google.com/maps?q=30.017191,30.97537",30.017191,30.97537,travel_services,d234b8a1-e482-489c-8c52-26e798387293
Hassan ramadan for paints and decorations,,تصنيع وإنتاج هندسي عام ومعدات,المنطقة الصناعية الأولى (6 أكتوبر),مصنع جديد تماماً (حصري),—,+201064000044,—,Waslet Dahshur Rd,"https://www.google.com/maps?q=30.018019,30.973196",30.018019,30.973196,construction_services,383edee7-a015-4475-b4c3-7070ca580cd5
Radi international,,نقل بري ولوجستيات وتخزين وأساطيل,المنطقة الصناعية الأولى (6 أكتوبر),مصنع جديد تماماً (حصري),—,+201006021265,http://www.radi-international.com/,Waslet Dahshur Rd,"https://www.google.com/maps?q=30.019262,30.977058",30.019262,30.977058,freight_and_cargo_service,91440a61-93bd-49d8-97b7-5d0cbd0dda92
X-garage,,صناعات سيارات وشاحنات ومركبات تجارية,المنطقة الصناعية الأولى (6 أكتوبر),مصنع جديد تماماً (حصري),—,+201035444106,https://www.tiktok.com/@garagex?_t=8oeYicoN3gd&_r=1,Waslet Dahshur Road,"https://www.google.com/maps?q=30.013971,30.977442",30.013971,30.977442,automotive_services_and_repair,f61aaf93-a042-4d16-8abe-5118e0c32b3f
GB Tires,,صناعات سيارات وشاحنات ومركبات تجارية,المنطقة الصناعية الأولى (6 أكتوبر),مصنع جديد تماماً (حصري),—,+201090021260,—,Waslet Dahshur Rd,"https://www.google.com/maps?q=30.013437,30.978291",30.013437,30.978291,automotive_repair,70f0f8c5-66a0-48c3-8978-522e4b06e8d1
TRE investment,,صناعات سيارات وشاحنات ومركبات تجارية,المنطقة الصناعية الأولى (6 أكتوبر),مصنع جديد تماماً (حصري),—,—,—,وصلة دهشور,"https://www.google.com/maps?q=30.012362,30.978512",30.012362,30.978512,car_dealer,243ff363-ac79-450c-abe7-a0d1d933c250
Ezz Elarab Mercedes-Benz,,صناعات سيارات وشاحنات ومركبات تجارية,المنطقة الصناعية الأولى (6 أكتوبر),مصنع جديد تماماً (حصري),—,+2015414,https://www.ees.mercedes-benz.com.eg/,https://share.google/N7M9J5nZsyus3Rl0b,"https://www.google.com/maps?q=30.009737,30.97768",30.009737,30.97768,car_dealer,f4812436-342f-4d0e-8366-b4791775bed5
Home Build Real Estate,,صناعات سيارات وشاحنات ومركبات تجارية,المنطقة الصناعية بأبو رواش (القطاع الجنوبي والقرية الذكية),مصنع جديد تماماً (حصري),—,+201111115933,—,"97 Kamal Al-Shennawy St, 6th Touristic Zone","https://www.google.com/maps?q=30.002989,30.981985",30.002989,30.981985,real_estate_service,418f7580-36e0-41bc-986b-850b3e2cb289
Sigma Designs,,تصنيع وإنتاج هندسي عام ومعدات,المنطقة الصناعية بأبو رواش (القطاع الجنوبي والقرية الذكية),مصنع جديد تماماً (حصري),—,—,http://www.sigmadesigns.net/,48 شارع 6 اكتوبر,"https://www.google.com/maps?q=30.004696,30.98303",30.004696,30.98303,construction_services,f344eb7d-bcf5-4d19-946e-4a53e98af2c4
MGF AlShamel,,تصنيع وإنتاج هندسي عام ومعدات,المنطقة الصناعية بأبو رواش (القطاع الجنوبي والقرية الذكية),مصنع جديد تماماً (حصري),—,+201123397667,http://mgfalshamel.com/,المنطقة السياحية السادسة عقار رقم 50 ,"https://www.google.com/maps?q=30.004416,30.983196",30.004416,30.983196,construction_services,6799097c-41c7-4cda-a355-9436340f5796
شركة ام جى اف الشامل,,تصنيع وإنتاج هندسي عام ومعدات,المنطقة الصناعية بأبو رواش (القطاع الجنوبي والقرية الذكية),مصنع جديد تماماً (حصري),—,+201003820406,—,٦ اكتوبر - المنطقه السياحيه السادسه -عقار ٥٠ - الدور ٢ -مكتب ٨,"https://www.google.com/maps?q=30.004358,30.983376",30.004358,30.983376,construction_services,a9793fe6-d710-4ba9-944b-279faf6e3443
Korashi Group,,تصنيع وإنتاج هندسي عام ومعدات,المنطقة الصناعية بأبو رواش (القطاع الجنوبي والقرية الذكية),مصنع جديد تماماً (حصري),—,+20221256299,http://korashigroup.com/,14 Villa,"https://www.google.com/maps?q=30.003193,30.985281",30.003193,30.985281,investing,16b6de1f-a903-4b05-8b7a-191ac1e2dfd2
Extrucoat for Aluminum Extrusion,,تصنيع وإنتاج هندسي عام ومعدات,المنطقة الصناعية بأبو رواش (القطاع الجنوبي والقرية الذكية),مصنع جديد تماماً (حصري),—,+201280804999,https://www.extrucoat.com/home-ar,Piece Z13 – T15 – Engineering Square – Northern Expansions of the Industrial Zones – 6th of October City,"https://www.google.com/maps?q=30.002386,30.991671",30.002386,30.991671,commercial_industrial,0d56f95c-f0c8-44fe-9880-b3746a4a40bf
Kasrawy Group Careers,,صناعات سيارات وشاحنات ومركبات تجارية,المنطقة الصناعية بأبو رواش (القطاع الجنوبي والقرية الذكية),مصنع جديد تماماً (حصري),—,+201228881599,http://Www.kasrawygroup.com/,18 طريق القاهرة الإسكندرية الصحراوي,"https://www.google.com/maps?q=30.002989,31.109612",30.002989,31.109612,professional_services,a53a5ca8-7cfe-466d-9a00-43cbb3b4c5b8
Feed,,تصنيع وإنتاج هندسي عام ومعدات,المنطقة الصناعية بأبو رواش (القطاع الجنوبي والقرية الذكية),مصنع جديد تماماً (حصري),—,+20225982900,http://feed.com.co/,"30.035052, 30.980163","https://www.google.com/maps?q=30.035141,30.980104",30.035141,30.980104,construction_services,5816dbb2-ae09-43a0-90ad-bee9e416dc78
EgyVision Materials.,,تصنيع وإنتاج هندسي عام ومعدات,المنطقة الصناعية بأبو رواش (القطاع الجنوبي والقرية الذكية),مصنع جديد تماماً (حصري),—,+201005446669,http://www.egy-vision.com/," Al-Hekma Street , District 7 ,Building 118 , Ground Floor, El-Sheikh Zayed , 6 October City, Giza Governorate, Egypt","https://www.google.com/maps?q=30.031555,30.98123",30.031555,30.98123,contractor,d3536c84-a350-49a0-bb22-753af52ec5d7
Salad Store,,صناعات غذائية ومشروبات ومطاحن,المنطقة الصناعية بأبو رواش (القطاع الجنوبي والقرية الذكية),مصنع جديد تماماً (حصري),—,+201153022302,—,المحور المركزي,"https://www.google.com/maps?q=30.031958,30.986946",30.031958,30.986946,fruits_and_vegetables,8e9f7054-4dd9-4370-80a7-0a01c4368fa6
عقارات بيت الوطن الشيخ زايد 6 أكتوبر شركة تامر جروب,,تصنيع وإنتاج هندسي عام ومعدات,المنطقة الصناعية بأبو رواش (القطاع الجنوبي والقرية الذكية),مصنع جديد تماماً (حصري),—,+201006160714,http://Www.TamerGroup.Com/,كمبوند بيت الوطن مدينة الشيخ زايد 6 أكتوبر شركة تامر جروب للتسويق العقاري بمدينة الشيخ زايد ,"https://www.google.com/maps?q=30.030533,30.989269",30.030533,30.989269,real_estate_service,76098200-7c1f-4fcd-8b1f-6435725b3b32
Injaz Development,,تصنيع وإنتاج هندسي عام ومعدات,المنطقة الصناعية بأبو رواش (القطاع الجنوبي والقرية الذكية),مصنع جديد تماماً (حصري),—,+201153339855,—, الحي السابع - الإسكان الحدائقي,"https://www.google.com/maps?q=30.031769,30.988031",30.031769,30.988031,engineering_services,5defe2e4-adf2-4886-8f72-eefcba123a72
Socialista,,صناعات سيارات وشاحنات ومركبات تجارية,المنطقة الصناعية بأبو رواش (القطاع الجنوبي والقرية الذكية),مصنع جديد تماماً (حصري),—,+201107116464,https://www.socialista.social/,الشيخ زايد,"https://www.google.com/maps?q=30.035847,30.986437",30.035847,30.986437,business_advertising,c7f83748-85b8-4b68-90c1-a93f94975b8d
King Stone رويال للاحجار والرخام,,مواد بناء ورخام وسيراميك وخرسانة جاهزة,المنطقة الصناعية بأبو رواش (القطاع الجنوبي والقرية الذكية),مصنع جديد تماماً (حصري),—,+201119800091,https://royalstone-eg.com/,حدايق الاهرام,"https://www.google.com/maps?q=30.041552,30.981541",30.041552,30.981541,engineering_services,e5dafc26-34af-4853-8945-f3cbbd996c3b
Chopped Eg,,صناعات غذائية ومشروبات ومطاحن,المنطقة الصناعية بأبو رواش (القطاع الجنوبي والقرية الذكية),مصنع جديد تماماً (حصري),—,+201018204207,—,"Sheikh Zayed, 12th district, in front of the Gate Plaza","https://www.google.com/maps?q=30.039322,30.980597",30.039322,30.980597,health_food_store,3183ad6a-69b4-470a-bcbd-b8e8fecd091e
ICC Integrated Consultations Co.,,تصنيع وإنتاج هندسي عام ومعدات,المنطقة الصناعية بأبو رواش (القطاع الجنوبي والقرية الذكية),مصنع جديد تماماً (حصري),—,+201287494444,—,31 El Fawakih St.,"https://www.google.com/maps?q=30.042177,30.981144",30.042177,30.981144,architectural_designer,ad0a9c74-14e7-46fb-a12b-5a24a8d3f562
FloorTec Co.,,تصنيع وإنتاج هندسي عام ومعدات,المنطقة الصناعية بأبو رواش (القطاع الجنوبي والقرية الذكية),مصنع جديد تماماً (حصري),—,+20237850073,http://www.floortec-psc.com/,"Compound Courtyard, E215, El Sheikh Zayed City","https://www.google.com/maps?q=30.04278,30.98077",30.04278,30.98077,party_and_event_planning,6690cc53-f688-40a4-9829-8f5dd57e9334
Demand Developments,,تصنيع وإنتاج هندسي عام ومعدات,المنطقة الصناعية بأبو رواش (القطاع الجنوبي والقرية الذكية),مصنع جديد تماماً (حصري),—,+201200788882,http://www.demand-eg.com/,"Unit D115, The Courtyard Business","https://www.google.com/maps?q=30.04269,30.980711",30.04269,30.980711,construction_services,c3ddc8ff-03cb-4d76-8172-6d587c84e533
NBC Properties,,تصنيع وإنتاج هندسي عام ومعدات,المنطقة الصناعية بأبو رواش (القطاع الجنوبي والقرية الذكية),مصنع جديد تماماً (حصري),—,+201050124004,http://nbc-eg.com/,"sheikh zayed - the address - court yard , Building G ,4001 , ","https://www.google.com/maps?q=30.042833,30.98205",30.042833,30.98205,construction_services,ff8f7a8b-223d-46d5-b172-05c99e29aeb6
EMDAD For Industrial Development,,تصنيع وإنتاج هندسي عام ومعدات,المنطقة الصناعية بأبو رواش (القطاع الجنوبي والقرية الذكية),مصنع جديد تماماً (حصري),—,+201091950027,https://www.linkedin.com/company/emdad-for-inductrial-development-llc/,"The Address, Office 305-1, Building F, Courtyard Business Park-Office","https://www.google.com/maps?q=30.042509,30.981695",30.042509,30.981695,industrial_equipment,d95dda12-6720-4b0e-8c13-c02d016cea56
Creative _ كريتيڤ للتشطيبات والديكورات,,مواد بناء ورخام وسيراميك وخرسانة جاهزة,المنطقة الصناعية بأبو رواش (القطاع الشمالي وطريق إسكندرية),مصنع جديد تماماً (حصري),—,+201099914908,https://linktr.ee/Creative7144,الشيخ زايد,"https://www.google.com/maps?q=30.050365,30.980249",30.050365,30.980249,architectural_designer,2f3da793-e226-428d-81bb-d9bf2ad48fef
Lavapack,,تصنيع وإنتاج هندسي عام ومعدات,المنطقة الصناعية بأبو رواش (القطاع الجنوبي والقرية الذكية),مصنع جديد تماماً (حصري),—,+201279799997,http://www.lavapack.com/,KM 28 - Abu Rawwash Industrial Zone - Al Giza Desert Giza  Governorate - Egypt (beside Mercedes Benz),"https://www.google.com/maps?q=30.049778,30.981445",30.049778,30.981445,industrial_company,d016093b-4fad-474b-b841-4303024e6282
German Adler Zayed,,نقل بري ولوجستيات وتخزين وأساطيل,المنطقة الصناعية بأبو رواش (القطاع الجنوبي والقرية الذكية),مصنع جديد تماماً (حصري),—,+201111441548,http://www.german-adler.com/,ساب مول، الشيخ زايد الحى الثالث عشر، شارع الجامع,"https://www.google.com/maps?q=30.048653,30.980436",30.048653,30.980436,transportation,6122321a-ba69-4fa5-a2da-64c959853503
شركة نقل اثاث بالشيخ زايد 01020537978,,نقل بري ولوجستيات وتخزين وأساطيل,المنطقة الصناعية بأبو رواش (القطاع الجنوبي والقرية الذكية),مصنع جديد تماماً (حصري),—,+201004236023,https://elyousrtransport.com/2022/02/19/%d8%b4%d8%b1%d9%83%d8%a9-%d9%86%d9%82%d9%84-%d8%a7%d8%ab%d8%a7%d8%ab-%d8%a8%d8%a7%d9%84%d8%b4%d9%8a%d8%ae-%d8%b2%d8%a7%d9%8a%d8%af-01004236023/,الشيخ زايد ، اكتوبر ,"https://www.google.com/maps?q=30.048157,30.983013",30.048157,30.983013,transportation,772c1a43-f504-4a70-88c3-b5ff9f3a092b
ونش رفع اثاث في جاردينيا هايتس 01070027972,,نقل بري ولوجستيات وتخزين وأساطيل,المنطقة الصناعية بأبو رواش (القطاع الجنوبي والقرية الذكية),مصنع جديد تماماً (حصري),—,+201070027972,http://Winch.Lifting.Furniture.Among.GardiniaHieghts/,"حزب التجمع, 1 شارع كريم الدولة","https://www.google.com/maps?q=30.048464,30.983318",30.048464,30.983318,freight_and_cargo_service,ebeebfc7-bdf3-4998-8ca9-4b2b9d3411b0
ونش رفع اثاث بالشيخ زايد 01020620448،اوناش رفع العفش,,نقل بري ولوجستيات وتخزين وأساطيل,المنطقة الصناعية بأبو رواش (القطاع الجنوبي والقرية الذكية),موجود بالفعل بالسيستم (تحديث/إثراء إحداثيات),شركة نقل عفش العاشر من رمضان 01020620448 ،شركات نقل اثاث,+201020620448,https://ryanmovingfurniture.com/,الشيخ زايد,"https://www.google.com/maps?q=30.048595,30.984346",30.048595,30.984346,freight_and_cargo_service,7d4a1c34-e1b1-4d7e-9b62-02da8f734242
شركه نقل اثاث باكتوبر، نقل عفش بحدائق الاهرام، نقل الاثاث بالشيخ زايد,,نقل بري ولوجستيات وتخزين وأساطيل,المنطقة الصناعية بأبو رواش (القطاع الجنوبي والقرية الذكية),مصنع جديد تماماً (حصري),—,+201127709718,https://almasriamovingcompany.blogspot.com/,شركه نقل عفش باكتوبر، نقل اثاث بالشيخ زايد، نقل عفش بحدائق الاهرام,"https://www.google.com/maps?q=30.049873,30.985682",30.049873,30.985682,travel_services,9ee188c3-89f6-48b2-9c5d-3f2800577ee7
ونش رفع اثاث الشيخ زايد 01032428296،ونش رفع العفش,,نقل بري ولوجستيات وتخزين وأساطيل,المنطقة الصناعية بأبو رواش (القطاع الشمالي وطريق إسكندرية),موجود بالفعل بالسيستم (تحديث/إثراء إحداثيات),شركة نقل عفش العاشرمن رمضان 01032428296،شركات نقل الأثاث,+201032428296,https://www.facebook.com/winchliftingfurniture.sharikatwinch.winch.athath/,الشيخ زايد ,"https://www.google.com/maps?q=30.052633,30.986841",30.052633,30.986841,freight_and_cargo_service,dafaa594-a1bf-4ed1-a2a4-9c7f70c61432
Modern Engineering Group,,تصنيع وإنتاج هندسي عام ومعدات,المنطقة الصناعية بأبو رواش (القطاع الشمالي وطريق إسكندرية),مصنع جديد تماماً (حصري),—,+201023730200,https://modernec-eg.com/,"148 شارع سامح جادو الحى المتميز امام مول العرب , 6 October City, Egypt","https://www.google.com/maps?q=30.052029,30.990398",30.052029,30.990398,engineering_services,7bfa52ab-1a98-4f47-b3ab-725278f86e3a
دار إبن إمام لطباعة ونشر كتب الأطفال,,تصنيع وإنتاج هندسي عام ومعدات,المنطقة الصناعية بأبو رواش (القطاع الشمالي وطريق إسكندرية),مصنع جديد تماماً (حصري),—,+201008599330,http://www.ibnEmam.com/,الشيخ زايد - الحي الثالث عشر - المجاورة الثانية - أمام المدرسة الثانوية بنين .,"https://www.google.com/maps?q=30.052067,30.99065",30.052067,30.99065,printing_services,e0bc0c38-6851-4e60-a7e2-c2604a4a93a4
Creation Team Advertising Agency,,صناعات سيارات وشاحنات ومركبات تجارية,المنطقة الصناعية بأبو رواش (القطاع الشمالي وطريق إسكندرية),مصنع جديد تماماً (حصري),—,+201005461299,http://www.creationteam.com/,"The Courtyard Business park, Building H423,H424,E214, Sheikh Zayed, ","https://www.google.com/maps?q=30.050152,30.988916",30.050152,30.988916,business_advertising,5a5606bd-2116-406d-8b94-e59412da9a47
Fix Lane,,صناعات سيارات وشاحنات ومركبات تجارية,المنطقة الصناعية بأبو رواش (القطاع الجنوبي والقرية الذكية),مصنع جديد تماماً (حصري),—,+201013396004,http://www.fixlane.net/,Alyassmin compound Shaikh zaid,"https://www.google.com/maps?q=30.047922,30.990461",30.047922,30.990461,automotive_repair,bdb9cf4d-479d-4a48-bca4-cce08b222cec
Canadian International College,,صناعات سيارات وشاحنات ومركبات تجارية,المنطقة الصناعية بأبو رواش (القطاع الجنوبي والقرية الذكية),مصنع جديد تماماً (حصري),—,—,www.cic-cairo.com,"Behind El Yasmeen Resort, Continental Gardens، District 12","https://www.google.com/maps?q=30.044683,30.989605",30.044683,30.989605,college_university,3669bf4b-65d2-4944-88cd-30856d6937d4
Premium Car,,صناعات سيارات وشاحنات ومركبات تجارية,المنطقة الصناعية بأبو رواش (القطاع الجنوبي والقرية الذكية),مصنع جديد تماماً (حصري),—,—,—,الشيخ زايد . مول الروضه . محل رقم 49 . خلف الجامعه الكنديه,"https://www.google.com/maps?q=30.045256,30.989809",30.045256,30.989809,automotive_repair,b2f700b9-5cdb-4d4b-9283-b1a73cb7343c
حلول - Holoul,,تصنيع وإنتاج هندسي عام ومعدات,المنطقة الصناعية بأبو رواش (القطاع الجنوبي والقرية الذكية),مصنع جديد تماماً (حصري),—,—,http://7oloul.com/,"Arkan plaza , Building B4 , 4th Floor","https://www.google.com/maps?q=30.047436,30.986776",30.047436,30.986776,engineering_services,5a011a08-4b05-4b32-81fc-d6ad50c65e74
المهندسون المتحدون للمقاولات العامة بمدينة 6 أكتوبر,,تصنيع وإنتاج هندسي عام ومعدات,المنطقة الصناعية بأبو رواش (القطاع الجنوبي والقرية الذكية),مصنع جديد تماماً (حصري),—,+201112260739,—,الشيخ زايد,"https://www.google.com/maps?q=30.047436,30.986776",30.047436,30.986776,engineering_services,1807620b-ae26-4e92-a041-54d388c043cd
Benzway,,صناعات سيارات وشاحنات ومركبات تجارية,المنطقة الصناعية بأبو رواش (القطاع الجنوبي والقرية الذكية),مصنع جديد تماماً (حصري),—,+201009006611,https://linktr.ee/Benzawayautoservice,التجمع والشيخ زايد ,"https://www.google.com/maps?q=30.047249,30.986698",30.047249,30.986698,automotive_repair,4427abe1-9134-47dc-b4df-537dd6946855
AG Construction And finishing,,تصنيع وإنتاج هندسي عام ومعدات,المنطقة الصناعية بأبو رواش (القطاع الجنوبي والقرية الذكية),مصنع جديد تماماً (حصري),—,+201080048480,http://www.vi-vant.com/,Sheikh Zayed,"https://www.google.com/maps?q=30.047249,30.986698",30.047249,30.986698,construction_services,1eb5185f-8935-4b1d-9d0c-653ca89c9a56
تمور الوادي - El Wady dates,,صناعات غذائية ومشروبات ومطاحن,المنطقة الصناعية بأبو رواش (القطاع الجنوبي والقرية الذكية),مصنع جديد تماماً (حصري),—,+201225552455,https://elwadydates.shop/,الشيخ زايد,"https://www.google.com/maps?q=30.047384,30.986664",30.047384,30.986664,food_delivery_service,fdee704b-ed7f-4680-9aee-12a6d78b444f
A2z Uniform School,,تصنيع وإنتاج هندسي عام ومعدات,المنطقة الصناعية بأبو رواش (القطاع الجنوبي والقرية الذكية),مصنع جديد تماماً (حصري),—,+201153334288,—,‏‎El Shikh Zaid‎‏، ‏‎Giza Governorate‎‏، ‏‎Egypt‎‏,"https://www.google.com/maps?q=30.04718,30.984365",30.04718,30.984365,wholesale_store,192a33e3-3a51-4804-84c3-46e0757e2e52
Designscape,,تصنيع وإنتاج هندسي عام ومعدات,المنطقة الصناعية بأبو رواش (القطاع الجنوبي والقرية الذكية),مصنع جديد تماماً (حصري),—,+201005302510,https://linktr.ee/dsgnscp,الشيخ زايد,"https://www.google.com/maps?q=30.045509,30.98402",30.045509,30.98402,construction_services,2460b471-80e1-4397-978b-fff76de83c16
زايد للتسويق العقارى والمقاولات,,تصنيع وإنتاج هندسي عام ومعدات,المنطقة الصناعية بأبو رواش (القطاع الجنوبي والقرية الذكية),مصنع جديد تماماً (حصري),—,+201114901712,http://3krat.blogspot.com/,مدينة الشيخ زايد,"https://www.google.com/maps?q=30.045567,30.98455",30.045567,30.98455,real_estate_service,a86c9365-05f9-4e29-a77a-fdb55c60eab3
Arcadia Designs,,تصنيع وإنتاج هندسي عام ومعدات,المنطقة الصناعية بأبو رواش (القطاع الجنوبي والقرية الذكية),مصنع جديد تماماً (حصري),—,+201021368303,—,"Elmoez Plaza Mall, Sheikh Zayed City","https://www.google.com/maps?q=30.043581,30.987234",30.043581,30.987234,interior_design,6266642f-68ec-4465-8f06-0af2098ec730
المعز ليموزين,,نقل بري ولوجستيات وتخزين وأساطيل,المنطقة الصناعية بأبو رواش (القطاع الجنوبي والقرية الذكية),مصنع جديد تماماً (حصري),—,+201008445509,https://www.tiktok.com/@almoezlimousine?is_from_webapp=1&sender_device=pc,، المعز مول 3مبنى D1,"https://www.google.com/maps?q=30.043612,30.987051",30.043612,30.987051,car_rental_agency,d999ae7d-7512-42c2-ae8d-c35c9cbdf014
Seif el Sharkawy   كبده سيف الشرقاوى,,صناعات غذائية ومشروبات ومطاحن,المنطقة الصناعية بأبو رواش (القطاع الجنوبي والقرية الذكية),مصنع جديد تماماً (حصري),—,+201226950449,—,"District 12, Al Sheikh Zayed, Giza Governorate","https://www.google.com/maps?q=30.043518,30.987869",30.043518,30.987869,food_delivery_service,4df21326-fe39-48c3-805a-26f05b8b9c26
Auto,,صناعات سيارات وشاحنات ومركبات تجارية,المنطقة الصناعية بأبو رواش (القطاع الجنوبي والقرية الذكية),مصنع جديد تماماً (حصري),—,+201009417366,—,2A ELMoz Mall، store no,"https://www.google.com/maps?q=30.044136,30.987822",30.044136,30.987822,auto_parts_and_supply_store,77ddeeeb-958c-4d91-b0c0-a6bad4fd2f73
نيس للاستشارات والمقاولات Nece,,تصنيع وإنتاج هندسي عام ومعدات,المنطقة الصناعية بأبو رواش (القطاع الجنوبي والقرية الذكية),مصنع جديد تماماً (حصري),—,+20237952322,http://nece.com.sa/,الشيخ زايد الحى 12 مول المعز مبنى 3 الدور الثانى مكتب 11,"https://www.google.com/maps?q=30.044113,30.988823",30.044113,30.988823,engineering_services,ddc6aa4f-cca6-4db7-809a-b30515ff163f
Tokyo Drift,,صناعات سيارات وشاحنات ومركبات تجارية,المنطقة الصناعية بأبو رواش (القطاع الجنوبي والقرية الذكية),مصنع جديد تماماً (حصري),—,+201013353530,https://www.tiktok.com/@saiedtokyo?_r=1&_t=ZS-93JVUXGnenh,مول محل المعز,"https://www.google.com/maps?q=30.044304,30.989212",30.044304,30.989212,auto_parts_and_supply_store,941a9c7f-1c39-4cba-8f37-0df6b2fc6e8f
Gabbara for car alarm & remote جبارة لجهاز انذار وريموت السيارة,,صناعات سيارات وشاحنات ومركبات تجارية,المنطقة الصناعية بأبو رواش (القطاع الجنوبي والقرية الذكية),مصنع جديد تماماً (حصري),—,+201005055855,—,13 شارع الشباب,"https://www.google.com/maps?q=30.044519,30.989084",30.044519,30.989084,car_stereo_store,326b6e35-1ea3-4977-a73b-845ba5767451
العمران للانشاءات الحديثة M2,,تصنيع وإنتاج هندسي عام ومعدات,المنطقة الصناعية بأبو رواش (القطاع الجنوبي والقرية الذكية),مصنع جديد تماماً (حصري),—,+201115223871,—,"كومباوند كناريا , محور 26 يوليو بجوار مدينة الخمايل الشيخ زايد","https://www.google.com/maps?q=30.046215,30.99861",30.046215,30.99861,construction_services,f668fd8b-6e46-4e6f-9fa0-0c8f9f76d94f
بولت - Bolt,,تصنيع وإنتاج هندسي عام ومعدات,المنطقة الصناعية بأبو رواش (القطاع الجنوبي والقرية الذكية),مصنع جديد تماماً (حصري),—,+201204444621,https://www.boltegy.com/,الشيخ زايد,"https://www.google.com/maps?q=30.04641,30.993944",30.04641,30.993944,hvac_services,d8bd1069-af7d-4615-8079-0d5f3ace1d98
TOP Market ZAYED,,صناعات غذائية ومشروبات ومطاحن,المنطقة الصناعية بأبو رواش (القطاع الشمالي وطريق إسكندرية),مصنع جديد تماماً (حصري),—,+201123322433,—,الشيخ زايد,"https://www.google.com/maps?q=30.050226,30.994661",30.050226,30.994661,grocery_store,b8c0d43d-638c-4c1c-9a9b-31394da58393
Kamal Ayman,,صناعات سيارات وشاحنات ومركبات تجارية,المنطقة الصناعية بأبو رواش (القطاع الشمالي وطريق إسكندرية),مصنع جديد تماماً (حصري),—,+201120726377,—,الشيخ زايد,"https://www.google.com/maps?q=30.051685,30.993408",30.051685,30.993408,marketing_agency,35901bda-c6e0-419a-a67c-feaf1d4918ef
بروبرتي زايد - Property Zayed,,صناعات سيارات وشاحنات ومركبات تجارية,المنطقة الصناعية بأبو رواش (القطاع الشمالي وطريق إسكندرية),مصنع جديد تماماً (حصري),—,+201027531718,—,الشيخ زايد,"https://www.google.com/maps?q=30.051451,30.997278",30.051451,30.997278,real_estate_agent,493df785-b9c5-47b6-8829-50ce3ae8e42c
المصريه للمطابخ والشابيك eng.wael,,تصنيع وإنتاج هندسي عام ومعدات,المنطقة الصناعية بأبو رواش (القطاع الجنوبي والقرية الذكية),مصنع جديد تماماً (حصري),—,+201099686987,—,مول مونتانا المقطم,"https://www.google.com/maps?q=30.048885,31.000532",30.048885,31.000532,contractor,898701c4-9273-4905-9d6b-3595edfde100
EGYPT PRO For Technology,,تصنيع وإنتاج هندسي عام ومعدات,المنطقة الصناعية بأبو رواش (القطاع الشمالي وطريق إسكندرية),مصنع جديد تماماً (حصري),—,+20237967606,https://egypt-pro.com/,Villa 852,"https://www.google.com/maps?q=30.053177,30.998915",30.053177,30.998915,engineering_services,525b02b3-6d60-45da-b3d5-c3c5c26eb926
WOODCRAFT Egypt,,تصنيع وإنتاج هندسي عام ومعدات,المنطقة الصناعية بأبو رواش (القطاع الشمالي وطريق إسكندرية),مصنع جديد تماماً (حصري),—,+201115533157,http://www.woodcrafteg.com/,"Mazar Mall, district 16, El-Sheikh Zayed City","https://www.google.com/maps?q=30.053398,31.001652",30.053398,31.001652,contractor,b241724a-396c-47e1-916f-653c5788259a
شركة نقل اثاث بمدينة الشيخ ذايد,,نقل بري ولوجستيات وتخزين وأساطيل,المنطقة الصناعية بأبو رواش (القطاع الشمالي وطريق إسكندرية),مصنع جديد تماماً (حصري),—,+201007261463,https://www.facebook.com/شركة-نقل-اثاث-بمدينة-الشيخ-ذايد-103076561290710/,مدينة الشيخ ذايد,"https://www.google.com/maps?q=30.053389,31.001638",30.053389,31.001638,storage_facility,1e3d9fd0-5643-4ff1-aa77-535f460f668f
Al Ahram General Contractors,,تصنيع وإنتاج هندسي عام ومعدات,المنطقة الصناعية بأبو رواش (القطاع الشمالي وطريق إسكندرية),مصنع جديد تماماً (حصري),—,+201024402974,—,Sheikh Zayed City - the first district - the fourth nearby - Building 39 - Ground Floor,"https://www.google.com/maps?q=30.052452,31.003418",30.052452,31.003418,construction_services,36bccd3a-08ee-43d0-9b54-ea191df0b249
Silver Story,,تصنيع وإنتاج هندسي عام ومعدات,المنطقة الصناعية بأبو رواش (القطاع الجنوبي والقرية الذكية),مصنع جديد تماماً (حصري),—,—,—," El Serag Mall, Nasr City ","https://www.google.com/maps?q=30.044283,30.999083",30.044283,30.999083,jewelry_store,eb870552-c8b2-4407-8573-701639b4861c
شركة الكهرباء زايد,,صناعات كهربائية وكابلات والكترونيات,المنطقة الصناعية بأبو رواش (القطاع الجنوبي والقرية الذكية),مصنع جديد تماماً (حصري),—,—,—,الشيخ زايد,"https://www.google.com/maps?q=30.04039,31.005356",30.04039,31.005356,community_services_non_profits,4e7e56cd-552a-4cd1-9aca-2c72be11af45
Khaiyalsolar,,تصنيع وإنتاج هندسي عام ومعدات,المنطقة الصناعية بأبو رواش (القطاع الجنوبي والقرية الذكية),مصنع جديد تماماً (حصري),—,+201006754414,http://www.khaiyalsolar.com/,A3 building - El shikh zaid - El moaz mall - rawda area -Giza- Egypt,"https://www.google.com/maps?q=30.038921,31.004389",30.038921,31.004389,solar_installation,576aa174-c761-48f3-a7c3-e0aa8d820c36
محمد الشيخ لقطع غيار الموتوسكلات المتحده,,صناعات سيارات وشاحنات ومركبات تجارية,المنطقة الصناعية بأبو رواش (القطاع الجنوبي والقرية الذكية),مصنع جديد تماماً (حصري),—,+201061993858,—,الشيخ زايد الحي الثالث مجاوره 3 ,"https://www.google.com/maps?q=30.038006,31.00531",30.038006,31.00531,motorcycle_repair,baa4427c-ed36-46ff-8623-765d8b02ae1f
Pluto Doors and Gates Solutions,,تصنيع وإنتاج هندسي عام ومعدات,المنطقة الصناعية بأبو رواش (القطاع الجنوبي والقرية الذكية),مصنع جديد تماماً (حصري),—,+201012927077,http://www.plutogate.com/,30 Street ,"https://www.google.com/maps?q=30.036528,31.005249",30.036528,31.005249,commercial_industrial,d8496ed2-5e4a-4f64-8412-1f9c73617023
شركه النسيج الاخضر للزراعات الحديثه,,غزل ونسيج وملابس جاهزة,المنطقة الصناعية بأبو رواش (القطاع الجنوبي والقرية الذكية),مصنع جديد تماماً (حصري),—,+201021779275,—,٤٥ شارع الشيخ محمد الغزالي ,"https://www.google.com/maps?q=30.037067,31.004261",30.037067,31.004261,agricultural_service,e947aded-4b83-4076-bd1a-59b18eab598c
ArcCorner,,تصنيع وإنتاج هندسي عام ومعدات,المنطقة الصناعية بأبو رواش (القطاع الجنوبي والقرية الذكية),مصنع جديد تماماً (حصري),—,+201067373532,https://www.arc-corner.com/,فيلا 230 الحي الخامس - مجاوره 2 - الشيخ زايد ,"https://www.google.com/maps?q=30.040102,30.999935",30.040102,30.999935,real_estate_service,4e9263bd-ef28-4ea3-8c65-2a56a1e1d962
VR Agency ,,صناعات سيارات وشاحنات ومركبات تجارية,المنطقة الصناعية بأبو رواش (القطاع الجنوبي والقرية الذكية),مصنع جديد تماماً (حصري),—,+201110869013,http://www.vragencyh.com/,الشيخ زايد,"https://www.google.com/maps?q=30.040871,31.00242",30.040871,31.00242,business_advertising,806961a0-14e2-4069-9407-65b94fbcbe58
A2Z Supplies,,تصنيع وإنتاج هندسي عام ومعدات,المنطقة الصناعية بأبو رواش (القطاع الجنوبي والقرية الذكية),مصنع جديد تماماً (حصري),—,+201153334255,—,الشيخ زايد,"https://www.google.com/maps?q=30.041569,31.002192",30.041569,31.002192,commercial_industrial,79a30ee5-8f60-4114-87da-7650d0d1f1a0
Peacock Business Solutions,,صناعات سيارات وشاحنات ومركبات تجارية,المنطقة الصناعية بأبو رواش (القطاع الجنوبي والقرية الذكية),مصنع جديد تماماً (حصري),—,+201022121144,https://youtu.be/oX_CGcqE0ig?si=9wt4Brz9BmdcNh24,71 Street Second Zayed Police Station - behind mall THE GATE - El Shekh Zayed - Giza,"https://www.google.com/maps?q=30.03949,30.993469",30.03949,30.993469,broadcasting_media_production,2726ca90-ad4a-4de8-9c61-7e08eeb49007
Mountain View Creek View New Cairo - ماونتن فيو كريك فيو القاهرة الجديدة,,تصنيع وإنتاج هندسي عام ومعدات,المنطقة الصناعية بأبو رواش (القطاع الجنوبي والقرية الذكية),مصنع جديد تماماً (حصري),—,+201066190869,https://www.mountainviewcreekview.com/,شارع الشيخ زايد,"https://www.google.com/maps?q=30.034491,30.992666",30.034491,30.992666,home_improvement_store,019c5af5-cc5f-48af-9cdd-93f6afcd5e04
El Mekkawy,,تصنيع وإنتاج هندسي عام ومعدات,المنطقة الصناعية بأبو رواش (القطاع الجنوبي والقرية الذكية),مصنع جديد تماماً (حصري),—,+201011999907,http://www.elmekkawy.com/,"قطعة ٢, Al Shabab Rd","https://www.google.com/maps?q=30.031256,30.994061",30.031256,30.994061,appliance_manufacturer,c14e52a2-a33c-4e8c-80a2-131377749420
Digitize for Investment and Technology,,تصنيع وإنتاج هندسي عام ومعدات,المنطقة الصناعية بأبو رواش (القطاع الجنوبي والقرية الذكية),مصنع جديد تماماً (حصري),—,—,http://www.DIGITIZE.ORG/,"City Mark Building, Floor No.3 Plot No 6","https://www.google.com/maps?q=30.030516,30.993195",30.030516,30.993195,party_and_event_planning,61a5debc-c75c-46e2-a47c-6e7e56a8bfd9
MOTOR TRADE El-Sheikh Zayed,,صناعات سيارات وشاحنات ومركبات تجارية,المنطقة الصناعية بأبو رواش (القطاع الجنوبي والقرية الذكية),مصنع جديد تماماً (حصري),—,+201014795555,—,Al Shabab Rd,"https://www.google.com/maps?q=30.031019,30.994278",30.031019,30.994278,car_dealer,25658ba6-5017-470f-95b2-2d3e847e0b43
Tebmar,,تصنيع وإنتاج هندسي عام ومعدات,المنطقة الصناعية بأبو رواش (القطاع الجنوبي والقرية الذكية),مصنع جديد تماماً (حصري),—,+201060795033,http://www.tebmar-eg.com/,Al Saraya Mall -- Al Sheikh Zayed - Next to Seoudi Market Sheikh Zayed الجيزة,"https://www.google.com/maps?q=30.030115,30.995899",30.030115,30.995899,architectural_designer,36cf6718-0f0f-4ac2-b89f-06ee01185ea8
EMCO Real Estate and Construction,,تصنيع وإنتاج هندسي عام ومعدات,المنطقة الصناعية بأبو رواش (القطاع الجنوبي والقرية الذكية),مصنع جديد تماماً (حصري),—,+201103470199,—,Al Saraya Mall,"https://www.google.com/maps?q=30.030096,30.995972",30.030096,30.995972,corporate_office,5f77f380-9083-4696-8305-ad352f8d97be
Majestic Car Wash,,صناعات سيارات وشاحنات ومركبات تجارية,المنطقة الصناعية بأبو رواش (القطاع الجنوبي والقرية الذكية),مصنع جديد تماماً (حصري),—,+201221631263,—,جراج مول السرايا.بجوار سعودي ماركت,"https://www.google.com/maps?q=30.030062,30.996054",30.030062,30.996054,car_wash,08e7e3cb-14f5-4f7b-ac42-3ac5aee597e7
7 Mart,,صناعات غذائية ومشروبات ومطاحن,المنطقة الصناعية بأبو رواش (القطاع الجنوبي والقرية الذكية),مصنع جديد تماماً (حصري),—,—,—,El Saraya Mall,"https://www.google.com/maps?q=30.030125,30.996035",30.030125,30.996035,grocery_store,ca16c1a7-0ac9-4e0c-8518-6419921fa7e1
V8 Tuning Garage,,صناعات سيارات وشاحنات ومركبات تجارية,المنطقة الصناعية بأبو رواش (القطاع الجنوبي والقرية الذكية),مصنع جديد تماماً (حصري),—,+201116774446,—,"Mall Exit, El Shabab Road, 14","https://www.google.com/maps?q=30.03087,30.996548",30.03087,30.996548,auto_body_shop,d38d0fb1-ec79-4247-a335-5c7f1630a060
Imtenan Health Shop,,صناعات غذائية ومشروبات ومطاحن,المنطقة الصناعية بأبو رواش (القطاع الجنوبي والقرية الذكية),مصنع جديد تماماً (حصري),—,02 02016246,http://www.imtenan.com,Kargo Mall,"https://www.google.com/maps?q=30.031185,30.996618",30.031185,30.996618,health_food_store,60b6e135-3fc0-41a1-8480-6d2298ae483e
First 3m Store,,صناعات سيارات وشاحنات ومركبات تجارية,المنطقة الصناعية بأبو رواش (القطاع الجنوبي والقرية الذكية),مصنع جديد تماماً (حصري),—,+201000069353,—,Al Shabab Rd,"https://www.google.com/maps?q=30.031033,30.996214",30.031033,30.996214,car_wash,77840201-2bb4-418b-bee9-474fc77de6dd
Plaza 34,,تصنيع وإنتاج هندسي عام ومعدات,المنطقة الصناعية بأبو رواش (القطاع الجنوبي والقرية الذكية),مصنع جديد تماماً (حصري),—,—,—,"3'rd Neighborhood, Central Spine","https://www.google.com/maps?q=30.030432,30.998556",30.030432,30.998556,shopping_center,5fc6515a-6ed8-46b2-8210-0d0c476db2f3
JOVI-GO,,نقل بري ولوجستيات وتخزين وأساطيل,المنطقة الصناعية بأبو رواش (القطاع الجنوبي والقرية الذكية),مصنع جديد تماماً (حصري),—,—,http://www.jovi-go.com/,"Alshabab Road, Alhayat Mall Mezzanine Floor, Below Blom Bank","https://www.google.com/maps?q=30.031034,30.99984",30.031034,30.99984,freight_and_cargo_service,f4a4befd-2f96-4be6-985c-4cde9f148ca4
WST - 3M Authorized Auto Care center,,صناعات سيارات وشاحنات ومركبات تجارية,المنطقة الصناعية بأبو رواش (القطاع الجنوبي والقرية الذكية),مصنع جديد تماماً (حصري),—,+201222142060,—,"Regency mall, Dr Atef Sedky","https://www.google.com/maps?q=30.030176,31.00112",30.030176,31.00112,auto_detailing,550d2c2e-8217-4dbf-a746-6c14c339ac90
mira clinics,,صناعات بلاستيكية ومطاطية ومواسير,المنطقة الصناعية بأبو رواش (القطاع الجنوبي والقرية الذكية),مصنع جديد تماماً (حصري),—,+201014084346,—,، داون تاون مول، شارع د.عاطف صدقى، قسم الشيخ زايد،,"https://www.google.com/maps?q=30.030123,31.001173",30.030123,31.001173,plastic_surgeon,f8cd330f-d50d-4c74-90b6-675ce3bc3917
General Automotive - Peugeot,,صناعات سيارات وشاحنات ومركبات تجارية,المنطقة الصناعية بأبو رواش (القطاع الجنوبي والقرية الذكية),مصنع جديد تماماً (حصري),—,—,http://www.peugeot-eg.com/,Giza,"https://www.google.com/maps?q=30.029724,31.001366",30.029724,31.001366,car_dealer,3fd504f2-6c99-4ddc-b0cf-3d3fbe514ebe
المهندس لصيانة وتجديد السيارات . Al Mohandis Auto Motors,,صناعات سيارات وشاحنات ومركبات تجارية,المنطقة الصناعية بأبو رواش (القطاع الجنوبي والقرية الذكية),مصنع جديد تماماً (حصري),—,+201066982363,—,مدخل الشيخ زايد 2 /  شارع عاطف صدقى /مول الداون تاون / بجوار مستشفى الشيخ زايد التخصصى,"https://www.google.com/maps?q=30.030251,31.001646",30.030251,31.001646,automotive_repair,cdafc3f1-3dfe-4b38-a87f-0dc4dbeac6ad
Dr.khaled sarhan,,صناعات بلاستيكية ومطاطية ومواسير,المنطقة الصناعية بأبو رواش (القطاع الجنوبي والقرية الذكية),مصنع جديد تماماً (حصري),—,+201552739966,https://alsarhanclinics.com/,هاب مول،شارع الشباب،مدينة الشيخ زايد،قسم،,"https://www.google.com/maps?q=30.03153,31.001583",30.03153,31.001583,hair_replacement,0d19dce7-dc8a-4369-810e-1e51ba38bf7f
Scope Innovation,,تصنيع وإنتاج هندسي عام ومعدات,المنطقة الصناعية بأبو رواش (القطاع الجنوبي والقرية الذكية),مصنع جديد تماماً (حصري),—,+201038969686,https://maps.app.goo.gl/5PR6ijsaJD5B7NfBA?g_st=iwb,"Villa 105, District 8, Sheikh Zayed","https://www.google.com/maps?q=30.031488,31.003328",30.031488,31.003328,construction_services,99a5e37b-1eb6-4574-b6d5-4dafde831053
Archilab,,تصنيع وإنتاج هندسي عام ومعدات,المنطقة الصناعية بأبو رواش (القطاع الجنوبي والقرية الذكية),مصنع جديد تماماً (حصري),—,—,http://www.archilab89.com/,"Legenda Mall, Dr Atef Sedky","https://www.google.com/maps?q=30.030668,31.002913",30.030668,31.002913,engineering_services,ff7be2db-e429-49a5-a5c4-9212a5133e8c
EMS Solutions,,تصنيع وإنتاج هندسي عام ومعدات,المنطقة الصناعية بأبو رواش (القطاع الجنوبي والقرية الذكية),مصنع جديد تماماً (حصري),—,+201004207204,http://www.ems-solutions.com.eg/,Villa 8 Diplomatic District,"https://www.google.com/maps?q=30.031002,31.004923",30.031002,31.004923,construction_services,56d8c943-3e17-4010-b436-18c31e12e35b
Ramy's Garage,,صناعات سيارات وشاحنات ومركبات تجارية,المنطقة الصناعية بأبو رواش (القطاع الجنوبي والقرية الذكية),مصنع جديد تماماً (حصري),—,+201006682842,—,Villa14A-2nd district-Shiekh Zayed city,"https://www.google.com/maps?q=30.028374,31.006069",30.028374,31.006069,motorcycle_repair,8287c7b2-f23b-45ea-9f1f-98490e9d9d40
معرض جنرال أوتوموتيف للتجارة - بيجو,,صناعات سيارات وشاحنات ومركبات تجارية,المنطقة الصناعية بأبو رواش (القطاع الجنوبي والقرية الذكية),مصنع جديد تماماً (حصري),—,+201226622594,—,المجمع الاسلامي ب شارع د / عاطف صدقي امام المجمع الاسلامي ب امام بنزينه توتال ومطعم سمسمه,"https://www.google.com/maps?q=30.029404,31.001272",30.029404,31.001272,car_dealer,96ff6b83-f48c-41ee-a42e-f2fad4019b4f
Al Wahaibi For Construction,,تصنيع وإنتاج هندسي عام ومعدات,المنطقة الصناعية بأبو رواش (القطاع الجنوبي والقرية الذكية),مصنع جديد تماماً (حصري),—,+201009000342,—,"Beverly Hills, 4mix Mall (B11- second floor) ","https://www.google.com/maps?q=30.02947,31.001057",30.02947,31.001057,contractor,b79b3511-e221-405a-a971-da17a611bd9d
Tuning Garage Zayed,,صناعات سيارات وشاحنات ومركبات تجارية,المنطقة الصناعية بأبو رواش (القطاع الجنوبي والقرية الذكية),مصنع جديد تماماً (حصري),—,+201002037203,—,"12 Mall of legend, Reedy Group Square, Sheikh Zayed ","https://www.google.com/maps?q=30.028139,31.00045",30.028139,31.00045,auto_detailing,56181e2c-fbb6-4338-b487-6e2d31fccd0f
Hekayat El Sheikh Zayed - حكايات الشيخ زايد,,صناعات سيارات وشاحنات ومركبات تجارية,المنطقة الصناعية بأبو رواش (القطاع الجنوبي والقرية الذكية),مصنع جديد تماماً (حصري),—,—,https://www.facebook.com/profile.php?id=100092311886154,الشيخ زايد,"https://www.google.com/maps?q=30.027533,30.999756",30.027533,30.999756,community_center,80368993-7697-41d2-84dc-18d2c7c19637
Kormaa Group - Construction & Decoration,,تصنيع وإنتاج هندسي عام ومعدات,المنطقة الصناعية بأبو رواش (القطاع الجنوبي والقرية الذكية),مصنع جديد تماماً (حصري),—,+201126840171,https://linktr.ee/kormaa.group,الشيخ زايد,"https://www.google.com/maps?q=30.02607,31.001822",30.02607,31.001822,construction_services,83402ae8-e37e-4dd7-b4fd-1196f3180040
CarTech,,صناعات سيارات وشاحنات ومركبات تجارية,المنطقة الصناعية بأبو رواش (القطاع الجنوبي والقرية الذكية),مصنع جديد تماماً (حصري),—,+201213207033,—,داخل محطه بنزين طاقه - شارع النباتات - غرب سوميد,"https://www.google.com/maps?q=30.026411,31.005249",30.026411,31.005249,automotive_repair,95cbf6c4-2aee-4038-b37a-66867548b7a7
Aramex ارامكس,,نقل بري ولوجستيات وتخزين وأساطيل,المنطقة الصناعية بأبو رواش (القطاع الجنوبي والقرية الذكية),مصنع جديد تماماً (حصري),—,+2016996,https://www.aramex.com/,Arkan Plaza,"https://www.google.com/maps?q=30.019405,31.004524",30.019405,31.004524,freight_and_cargo_service,eab0fc41-8f48-4a05-80b2-8677cc8add7d
Start Point Corp.,,صناعات سيارات وشاحنات ومركبات تجارية,المنطقة الصناعية بأبو رواش (القطاع الجنوبي والقرية الذكية),مصنع جديد تماماً (حصري),—,+201103404611,https://spointcorp.com/,Arkan,"https://www.google.com/maps?q=30.019331,31.005159",30.019331,31.005159,party_and_event_planning,18237158-bdb4-4b18-833a-009799f36183
Al Mohandes Automotive,,صناعات سيارات وشاحنات ومركبات تجارية,المنطقة الصناعية بأبو رواش (القطاع الجنوبي والقرية الذكية),مصنع جديد تماماً (حصري),—,+201222170606,http://www.almohandes-automotive.com/,26th of July Corridor,"https://www.google.com/maps?q=30.018969,31.005316",30.018969,31.005316,car_dealer,ca3a9b99-8a40-4766-86f4-c55062c8c022
FCL Logistics,,نقل بري ولوجستيات وتخزين وأساطيل,المنطقة الصناعية بأبو رواش (القطاع الجنوبي والقرية الذكية),مصنع جديد تماماً (حصري),—,+201061481868,http://www.fcl-logistics.net/,Arkan Plaza,"https://www.google.com/maps?q=30.02034,31.003492",30.02034,31.003492,freight_and_cargo_service,b5747229-6d62-4f06-8cbe-3180ecfcca6d
Mylerz Co,,نقل بري ولوجستيات وتخزين وأساطيل,المنطقة الصناعية بأبو رواش (القطاع الجنوبي والقرية الذكية),مصنع جديد تماماً (حصري),—,+201210111155,https://www.mylerz.com/,"Arkan Plaza, Building 3 , Floor 3","https://www.google.com/maps?q=30.020117,31.003929",30.020117,31.003929,vehicle_shipping,d1aa057f-7639-4682-a8cb-bff953a0971e
Al Jamal Laser & Cosmetic clinic,,صناعات بلاستيكية ومطاطية ومواسير,المنطقة الصناعية بأبو رواش (القطاع الجنوبي والقرية الذكية),مصنع جديد تماماً (حصري),—,+201226666301,http://www.aljamalclinics.com/,الشيخ زايد اركان بلازا مبنى ٢ الدور الخامس,"https://www.google.com/maps?q=30.020695,31.003675",30.020695,31.003675,plastic_surgeon,5e89fd73-8687-4080-8c2a-654c82115572
MRCON,,تصنيع وإنتاج هندسي عام ومعدات,المنطقة الصناعية بأبو رواش (القطاع الجنوبي والقرية الذكية),مصنع جديد تماماً (حصري),—,+201552376626,http://www.mrcon-eg.com/,Al Bostan at. Arkan Plaza,"https://www.google.com/maps?q=30.020632,31.003025",30.020632,31.003025,construction_services,233e5b33-2968-4521-9436-84a6783a0b47
Al Safa For General Contracting,,تصنيع وإنتاج هندسي عام ومعدات,المنطقة الصناعية بأبو رواش (القطاع الجنوبي والقرية الذكية),مصنع جديد تماماً (حصري),—,—,http://www.alsafa-agc.com/,3 زقاق زيد,"https://www.google.com/maps?q=30.020271,31.003201",30.020271,31.003201,construction_services,93ff85c0-7869-4030-a29c-d1150961391b
Power House Egypt,,تصنيع وإنتاج هندسي عام ومعدات,المنطقة الصناعية بأبو رواش (القطاع الجنوبي والقرية الذكية),مصنع جديد تماماً (حصري),—,+20238290228,http://www.powerhouseegypt.com/,76&77 INDUSTERIAL ZONE,"https://www.google.com/maps?q=30.020487,31.002733",30.020487,31.002733,energy_company,cbb42424-91f9-4eac-9b32-b9aff9fc659b
Materialistique,,تصنيع وإنتاج هندسي عام ومعدات,المنطقة الصناعية بأبو رواش (القطاع الجنوبي والقرية الذكية),مصنع جديد تماماً (حصري),—,+201115399922,http://www.materialistique.com/,"Al Guezira Plaza - Tower 1, 103","https://www.google.com/maps?q=30.019464,31.002419",30.019464,31.002419,building_supply_store,a2b394f1-9d24-482f-a0f9-b599f9289997
شركة نقل اثاث بالشيخ زايد 01004236023,,نقل بري ولوجستيات وتخزين وأساطيل,المنطقة الصناعية بأبو رواش (القطاع الجنوبي والقرية الذكية),مصنع جديد تماماً (حصري),—,+201004236023,https://elyousrtransport.com/2022/05/09/%d8%b4%d8%b1%d9%83%d8%a7%d8%aa-%d9%86%d9%82%d9%84-%d8%a7%d9%84%d8%a7%d8%ab%d8%a7%d8%ab-%d8%a8%d9%8a%d9%81%d8%b1%d9%84%d9%8a-%d9%87%d9%8a%d9%84%d8%b2-01004236023/,بيفرلي هيلز الشيخ زايد ,"https://www.google.com/maps?q=30.023199,30.998552",30.023199,30.998552,transportation,afcf30f1-9637-443c-82d1-dc489ee8c86e
New Zayed,,تصنيع وإنتاج هندسي عام ومعدات,المنطقة الصناعية بأبو رواش (القطاع الجنوبي والقرية الذكية),مصنع جديد تماماً (حصري),—,+201023095115,—,6 اكتوبر الشيخ زايد,"https://www.google.com/maps?q=30.028679,30.989687",30.028679,30.989687,construction_services,f94459e9-5d08-494c-9110-b9b8634c8b7a
Nile Garden,,صناعات غذائية ومشروبات ومطاحن,المنطقة الصناعية بأبو رواش (القطاع الجنوبي والقرية الذكية),مصنع جديد تماماً (حصري),—,+201119919877,https://www.nile-garden.com/,الشيخ زايد,"https://www.google.com/maps?q=30.029385,30.98772",30.029385,30.98772,business_manufacturing_and_supply,af899822-3fc2-4a49-a827-0711d52b2778
Red Square,,صناعات سيارات وشاحنات ومركبات تجارية,المنطقة الصناعية بأبو رواش (القطاع الجنوبي والقرية الذكية),مصنع جديد تماماً (حصري),—,+201141466563,https://rs-odoo.redsquare-eg.net/jobs,"Eden Plaza, الجزيره, St, Sheikh Zayed City, Giza Governorate","https://www.google.com/maps?q=30.025457,30.990543",30.025457,30.990543,advertising_agency,4ea250dc-5efc-4257-9742-fcd1cd44da48
Kingfisher Studio,,صناعات سيارات وشاحنات ومركبات تجارية,المنطقة الصناعية بأبو رواش (القطاع الجنوبي والقرية الذكية),مصنع جديد تماماً (حصري),—,+201271518151,http://www.kingfisher.studio/,"The Polygon Bldg 4, Suite 4-6D, Sodic West, Sheikh Zayed","https://www.google.com/maps?q=30.026484,30.986897",30.026484,30.986897,graphic_designer,ed5d03b2-dd69-4ce3-a28e-60211ae067e2
Smart Marketing Solutions,,صناعات سيارات وشاحنات ومركبات تجارية,المنطقة الصناعية بأبو رواش (القطاع الجنوبي والقرية الذكية),مصنع جديد تماماً (حصري),—,+201104848363,https://smartmarketingsolutions-eg.business.site/?m=true,58 Elsafa st. 7th distrect,"https://www.google.com/maps?q=30.02503,30.984978",30.02503,30.984978,marketing_agency,7850cf98-542e-40d5-80c6-aa43caaefe75
Auto Car training  اكاديميه اوتو كار لتدريب السواقه,,صناعات سيارات وشاحنات ومركبات تجارية,المنطقة الصناعية بأبو رواش (القطاع الجنوبي والقرية الذكية),مصنع جديد تماماً (حصري),—,+201013872806,—,الحصري التوحيد والنور ,"https://www.google.com/maps?q=30.027578,30.986614",30.027578,30.986614,automotive_repair,d946e53b-8238-4566-a288-a5a20a87dc71
Credi Vet for Animal Health,,نقل بري ولوجستيات وتخزين وأساطيل,المنطقة الصناعية بأبو رواش (القطاع الجنوبي والقرية الذكية),مصنع جديد تماماً (حصري),—,+201000071108,http://cvah-mea.com.eg/,"Giza, 6th October, Al Shiekh Zayed 7th District, 1st Neighbouring Building No 191 1st Floor, 4 Shiekh Zayed city","https://www.google.com/maps?q=30.028851,30.986235",30.028851,30.986235,agricultural_service,076ffef6-4b42-4604-a22b-07130b906c8d
شركة أوليكس الألمانية لمكافحة الحشرات,,كيماويات وبتروكيماويات ودهانات وزيوت,المنطقة الصناعية بأبو رواش (القطاع الجنوبي والقرية الذكية),مصنع جديد تماماً (حصري),—,+201008488213,https://www.facebook.com/olx.german/,"El Shikh Zaid, Giza Governorate, Egypt","https://www.google.com/maps?q=30.028439,30.986322",30.028439,30.986322,pest_control_service,ea585bfd-6581-49b2-a445-6a926063652f
Delimore Food EG,,صناعات غذائية ومشروبات ومطاحن,المنطقة الصناعية بأبو رواش (القطاع الجنوبي والقرية الذكية),مصنع جديد تماماً (حصري),—,+201025123066,—,الشيخ زايد,"https://www.google.com/maps?q=30.029352,30.985594",30.029352,30.985594,grocery_store,f53a4072-aa96-4b92-9cb8-924f4cb3458e
شركه نقل عفش بحدائق اكتوبر 01009573520,,نقل بري ولوجستيات وتخزين وأساطيل,المنطقة الصناعية بأبو رواش (القطاع الجنوبي والقرية الذكية),مصنع جديد تماماً (حصري),—,+201009573520,https://elmagdnaqlafsh.com/,6 October City,"https://www.google.com/maps?q=30.012188,30.985924",30.012188,30.985924,travel_services,566c70a2-c408-4d07-b195-b14cf4ee9f4c
CS Geeks,,تصنيع وإنتاج هندسي عام ومعدات,المنطقة الصناعية بأبو رواش (القطاع الجنوبي والقرية الذكية),مصنع جديد تماماً (حصري),—,+201271007228,—,"Juhayna Square - Nile University, Room G30","https://www.google.com/maps?q=30.01055,30.987383",30.01055,30.987383,laboratory_testing,9bdf84f9-9bd6-4806-b7fa-1a08d1b3c821
Entourage Jewelry,,تصنيع وإنتاج هندسي عام ومعدات,المنطقة الصناعية بأبو رواش (القطاع الجنوبي والقرية الذكية),مصنع جديد تماماً (حصري),—,+201005541792,—,الشيخ زايد مول السرايا بجوار سعودى ماركت,"https://www.google.com/maps?q=30.008373,30.99007",30.008373,30.99007,jewelry_store,75d70f8a-878e-4ac6-bd55-5f2036317314
Audi Giza Zayed,,صناعات سيارات وشاحنات ومركبات تجارية,المنطقة الصناعية بأبو رواش (القطاع الجنوبي والقرية الذكية),مصنع جديد تماماً (حصري),—,—,https://www.arabiat-eg.com,"Corridor Extension,Sheikh Zayed West Mark Mall, 26th of July","https://www.google.com/maps?q=30.008402,30.992554",30.008402,30.992554,car_dealer,cf733b10-a47e-4fec-9d5c-e7f0de902bba
إدارة مشروع مونوريل 6 أكتوبر,,تصنيع وإنتاج هندسي عام ومعدات,المنطقة الصناعية بأبو رواش (القطاع الجنوبي والقرية الذكية),مصنع جديد تماماً (حصري),—,—,—,قسم أول 6 أكتوبر، اول 6 أكتوبر،,"https://www.google.com/maps?q=30.009979,30.995089",30.009979,30.995089,construction_services,b88cc232-5002-41e2-8f50-459e0ea112c8
Xpeng Egypt,,صناعات سيارات وشاحنات ومركبات تجارية,المنطقة الصناعية بأبو رواش (القطاع الجنوبي والقرية الذكية),مصنع جديد تماماً (حصري),—,+20221600460,http://xpeng.com/eg,26th of July Corridor,"https://www.google.com/maps?q=30.010954,30.996662",30.010954,30.996662,car_dealer,28a62132-9bc0-4e06-9d3d-28b0e976cbdd
Master BookStore,,تصنيع وإنتاج هندسي عام ومعدات,المنطقة الصناعية بأبو رواش (القطاع الجنوبي والقرية الذكية),مصنع جديد تماماً (حصري),—,+201098096866,—,داخل مول جاليريا - الشيخ زايد - السادس من اكتوبر - الجيزة,"https://www.google.com/maps?q=30.014286,30.997915",30.014286,30.997915,bookstore,cc23e109-4690-4385-8332-80bbb8fadfee
Mobil Gas Station - Sheikh Zaid,,صناعات سيارات وشاحنات ومركبات تجارية,المنطقة الصناعية بأبو رواش (القطاع الجنوبي والقرية الذكية),مصنع جديد تماماً (حصري),—,01158881520,https://www.mobil.eg/ar-eg/fuels/,Entrance 2 Sheikh Zayed city,"https://www.google.com/maps?q=30.01371,30.997065",30.01371,30.997065,trains,393707f1-0078-4b5d-8d3b-d9eca9f5caed
Touch for UPVC & Kitchens (El-Sheikh Zayed Branch ) – تاتش للمطابخ (فرع الشيخ زايد),,تصنيع وإنتاج هندسي عام ومعدات,المنطقة الصناعية بأبو رواش (القطاع الجنوبي والقرية الذكية),مصنع جديد تماماً (حصري),—,+201064442404,https://touch-egypt.com/,"أمام Galleria 40, مول IRVINE, 15 26th of July Corridor","https://www.google.com/maps?q=30.012104,30.998363",30.012104,30.998363,furniture_store,71f7c8df-e94d-4cda-a75b-1c12d693a948
Papa's Garage,,صناعات سيارات وشاحنات ومركبات تجارية,المنطقة الصناعية بأبو رواش (القطاع الجنوبي والقرية الذكية),مصنع جديد تماماً (حصري),—,+201017717307,https://papas-garage.com/,٤٠، محور ٢٦ يوليو، إمام جالريا,"https://www.google.com/maps?q=30.012915,30.999203",30.012915,30.999203,auto_restoration_services,aa8295e0-adae-4a98-a84d-c3cb74c95163
Nespresso Pop Up,,صناعات غذائية ومشروبات ومطاحن,المنطقة الصناعية بأبو رواش (القطاع الجنوبي والقرية الذكية),مصنع جديد تماماً (حصري),—,—,https://www.buynespresso.com/eg_en/,40 محور 26 يوليو,"https://www.google.com/maps?q=30.016563,31.000856",30.016563,31.000856,coffee_and_tea_supplies,75379ad3-0be1-47f5-be85-53dfff9f624f
Progress Egypt,,كيماويات وبتروكيماويات ودهانات وزيوت,المنطقة الصناعية بأبو رواش (القطاع الجنوبي والقرية الذكية),مصنع جديد تماماً (حصري),—,+20238275137,http://progresseg.com/,"2nd floor, North Tower, Galleria 40, 26th July st","https://www.google.com/maps?q=30.017023,31.000898",30.017023,31.000898,professional_services,3cb470dd-1137-4f7b-a8f2-a4ddf2eaaf4c
LVLS Construction,,تصنيع وإنتاج هندسي عام ومعدات,المنطقة الصناعية بأبو رواش (القطاع الجنوبي والقرية الذكية),مصنع جديد تماماً (حصري),—,—,http://www.lvlscc.com/,"Galleria40, 26th of July Street","https://www.google.com/maps?q=30.016232,31.001123",30.016232,31.001123,construction_services,786d32f8-7bda-43e3-b78a-efe2ff7e86a7
City Card,,صناعات سيارات وشاحنات ومركبات تجارية,المنطقة الصناعية بأبو رواش (القطاع الجنوبي والقرية الذكية),مصنع جديد تماماً (حصري),—,+201010707080,http://www.citycard.online/,40 محور 26 يوليو، الشيخ زايد ، السادس من اكتوبر ، الجيزة ، داخل جاليريا مول,"https://www.google.com/maps?q=30.016165,31.000887",30.016165,31.000887,marketing_agency,69b6af10-2050-4b12-864f-2d70080b63de
Insanity Custom Creation ,,تصنيع وإنتاج هندسي عام ومعدات,المنطقة الصناعية بأبو رواش (القطاع الجنوبي والقرية الذكية),مصنع جديد تماماً (حصري),—,+201145028599,—,Sheikh Zayed,"https://www.google.com/maps?q=30.015059,31.00243",30.015059,31.00243,construction_services,d968748b-e12e-4a99-bbe2-8bb42a712873
ماستر موتورز للسيارات  -  Master Motors,,صناعات سيارات وشاحنات ومركبات تجارية,المنطقة الصناعية بأبو رواش (القطاع الجنوبي والقرية الذكية),مصنع جديد تماماً (حصري),—,+201127797710,—,الشيخ زايد,"https://www.google.com/maps?q=30.015188,31.002281",30.015188,31.002281,car_dealer,c0031c6c-4c87-4fbf-8eb4-a75468b224fb
Safwa Mall,,صناعات سيارات وشاحنات ومركبات تجارية,المنطقة الصناعية بأبو رواش (القطاع الجنوبي والقرية الذكية),مصنع جديد تماماً (حصري),—,+201226000262,http://www.safwamall.com/,26 July Axis - El Shiakh Zaied - Lobnan Square,"https://www.google.com/maps?q=30.014633,31.004221",30.014633,31.004221,shopping_center,6f190707-42b2-495f-8f53-87aabde36115
Bestune Egypt - بستيون مصر,,صناعات سيارات وشاحنات ومركبات تجارية,المنطقة الصناعية بأبو رواش (القطاع الجنوبي والقرية الذكية),مصنع جديد تماماً (حصري),—,+2019242,http://www.bestune-eg.com/,Safwa Mall,"https://www.google.com/maps?q=30.014471,31.003981",30.014471,31.003981,car_dealer,15886b2c-c001-490b-8a0e-7471e6c722e7
Shell,,صناعات سيارات وشاحنات ومركبات تجارية,المنطقة الصناعية بأبو رواش (القطاع الجنوبي والقرية الذكية),مصنع جديد تماماً (حصري),—,0238861500,https://www.shell.eg/en_eg/motorists/oils-lubricants/authorised-retailer-locator.html,"Under Construction Road, Elite Mall Central Axis","https://www.google.com/maps?q=30.01379,31.003532",30.01379,31.003532,automotive_services_and_repair,7c92c86c-b8f7-4d52-9024-7ea9e8d5074c
Silver Star Mercedes,,صناعات سيارات وشاحنات ومركبات تجارية,المنطقة الصناعية بأبو رواش (القطاع الجنوبي والقرية الذكية),مصنع جديد تماماً (حصري),—,+201096393465,https://www.sliverstarservice.net.co/InvoiceDate_Client/ClientVisit,Sheikh zayed,"https://www.google.com/maps?q=30.012476,31.002771",30.012476,31.002771,automotive_repair,3a370120-0f45-44f2-90bf-885af5d97f9b
Dubai Market,,صناعات غذائية ومشروبات ومطاحن,المنطقة الصناعية بأبو رواش (القطاع الجنوبي والقرية الذكية),مصنع جديد تماماً (حصري),—,+201060717265,https://maps.app.goo.gl/3x6q16LEhLRAyeY56,Unnamed Road,"https://www.google.com/maps?q=30.015673,31.016117",30.015673,31.016117,grocery_store,94e8100b-6d19-4a02-9804-2b3c8a45d961
Misr Decoration,,تصنيع وإنتاج هندسي عام ومعدات,المنطقة الصناعية بأبو رواش (القطاع الجنوبي والقرية الذكية),مصنع جديد تماماً (حصري),—,+201008333913,https://misrdecoration.com/,مول دبي الخمايل الجيزة,"https://www.google.com/maps?q=30.015789,31.016312",30.015789,31.016312,construction_services,b4c98ca1-1938-4b67-a218-7e1795d975dd
Guru Protection,,صناعات سيارات وشاحنات ومركبات تجارية,المنطقة الصناعية بأبو رواش (القطاع الجنوبي والقرية الذكية),مصنع جديد تماماً (حصري),—,+201061609007,—,Majarrah Mall ,"https://www.google.com/maps?q=30.017649,31.011162",30.017649,31.011162,automotive_repair,e9a21517-9356-4738-9496-13516ba26cac
MMM Car Import,,صناعات سيارات وشاحنات ومركبات تجارية,المنطقة الصناعية بأبو رواش (القطاع الجنوبي والقرية الذكية),مصنع جديد تماماً (حصري),—,+201069480808,https://maps.app.goo.gl/aWB5KLzQZRVBtuqWA,Palm Hills,"https://www.google.com/maps?q=30.017763,31.011019",30.017763,31.011019,car_dealer,3652d1dc-df15-4fb4-9c67-5824546c65d2
سمكرة و دهان و إصلاح حوادث Fast Fix Car Services,,صناعات سيارات وشاحنات ومركبات تجارية,المنطقة الصناعية بأبو رواش (القطاع الجنوبي والقرية الذكية),مصنع جديد تماماً (حصري),—,+201007958059,—,مدخل بالم هيلز _ جراچ هيلز مول,"https://www.google.com/maps?q=30.015955,31.012432",30.015955,31.012432,automotive_repair,c0e9d880-97cf-45d3-acb5-e0985a802968
Auto & Auto Plus,,صناعات سيارات وشاحنات ومركبات تجارية,المنطقة الصناعية بأبو رواش (القطاع الجنوبي والقرية الذكية),مصنع جديد تماماً (حصري),—,+201277923446,—,Palm Hills,"https://www.google.com/maps?q=30.015335,31.013132",30.015335,31.013132,automotive_repair,a12037f2-b159-455f-aec6-176e7b99da89
فاست للكيماويات,,كيماويات وبتروكيماويات ودهانات وزيوت,المنطقة الصناعية بأبو رواش (القطاع الجنوبي والقرية الذكية),مصنع جديد تماماً (حصري),—,+201110003309,http://chemicals.fastgroupegy.com/,"The Lane, Palm Hills","https://www.google.com/maps?q=30.017727,31.008596",30.017727,31.008596,chemical_plant,54debc88-27b2-4084-b845-baf3ce4c4011
أوتو إيجيبت,,صناعات سيارات وشاحنات ومركبات تجارية,المنطقة الصناعية بأبو رواش (القطاع الجنوبي والقرية الذكية),مصنع جديد تماماً (حصري),—,—,—,١٨ شارع ٢٦ يوليو شيخ زايد ٦ أكتوبر,"https://www.google.com/maps?q=30.02363,31.01231",30.02363,31.01231,car_dealer,4a30a1f4-070c-4b01-b243-312e2e3239c8
Dr.Rasha Ibrahim-Plastic Surgeon,,صناعات بلاستيكية ومطاطية ومواسير,المنطقة الصناعية بأبو رواش (القطاع الجنوبي والقرية الذكية),مصنع جديد تماماً (حصري),—,+201099030455,https://dr-rashaibrahim.com/,"Sheikh Zayed Mall Trivium in front of Park Street, Clinic A108","https://www.google.com/maps?q=30.025055,31.007837",30.025055,31.007837,plastic_surgeon,b2d92fcc-344e-4c91-9011-64617f362951
Dr Sarah Fathallah,,صناعات بلاستيكية ومطاطية ومواسير,المنطقة الصناعية بأبو رواش (القطاع الجنوبي والقرية الذكية),مصنع جديد تماماً (حصري),—,+201011133595,—,الشيخ زايد,"https://www.google.com/maps?q=30.025217,31.009768",30.025217,31.009768,plastic_surgeon,b6f9287e-f4d0-4fcc-a28c-fd5f30a637b8
La baraque Clinique,,صناعات بلاستيكية ومطاطية ومواسير,المنطقة الصناعية بأبو رواش (القطاع الجنوبي والقرية الذكية),مصنع جديد تماماً (حصري),—,+201201059999,http://www.labaraque-clinique.com/,Trivium business mall (A214,"https://www.google.com/maps?q=30.026197,31.009809",30.026197,31.009809,plastic_surgeon,d33997aa-24d5-490d-9504-e815a690dea2
Visual Home,,تصنيع وإنتاج هندسي عام ومعدات,المنطقة الصناعية بأبو رواش (القطاع الجنوبي والقرية الذكية),مصنع جديد تماماً (حصري),—,+201005523418,—,"Unnamed Road,, الشيخ زايد، الجيزة،, قسم الشيخ زايد، الجيزة، Sheikh zayed","https://www.google.com/maps?q=30.027241,31.006441",30.027241,31.006441,interior_design,f5c63596-7122-472a-9c8d-929d52ba32e7
Medali Pharmaceuticals,,كيماويات وبتروكيماويات ودهانات وزيوت,المنطقة الصناعية بأبو رواش (القطاع الجنوبي والقرية الذكية),مصنع جديد تماماً (حصري),—,+20237979633,http://www.medaliglobal.com/,El Nada Center Al,"https://www.google.com/maps?q=30.027147,31.006552",30.027147,31.006552,pharmaceutical_companies,34e4a67f-1eb4-4b10-b7ea-58439322746d
Gears,,صناعات سيارات وشاحنات ومركبات تجارية,المنطقة الصناعية بأبو رواش (القطاع الجنوبي والقرية الذكية),مصنع جديد تماماً (حصري),—,+201222234397,—,"Park St. Mall, El-Bostan St., Sheikh Zayed City","https://www.google.com/maps?q=30.02763,31.01215",30.02763,31.01215,automotive_repair,05a35f47-d922-4331-a8d3-ef42e0a23012
BrandWorx,,صناعات سيارات وشاحنات ومركبات تجارية,المنطقة الصناعية بأبو رواش (القطاع الجنوبي والقرية الذكية),مصنع جديد تماماً (حصري),—,—,http://www.brandworxltd.com/,كابيتال بيزنس بارك,"https://www.google.com/maps?q=30.025694,31.01285",30.025694,31.01285,advertising_agency,e24e4dbd-cffa-4b0f-b7ef-27013610a0db
أعلاف الوادي,,تصنيع وإنتاج هندسي عام ومعدات,المنطقة الصناعية بأبو رواش (القطاع الجنوبي والقرية الذكية),مصنع جديد تماماً (حصري),—,+20238278203,https://www.wadifeed.com/,B1 Capital Business Park. ,"https://www.google.com/maps?q=30.025703,31.01228",30.025703,31.01228,farm,15a53b7f-312d-455b-9369-467b3e171ec0
Porsche Showroom Zayed,,صناعات سيارات وشاحنات ومركبات تجارية,المنطقة الصناعية بأبو رواش (القطاع الجنوبي والقرية الذكية),مصنع جديد تماماً (حصري),—,—,https://www.porscheegypt.com,"Capital Business Park B7, 26 July Corridor, Sheikh Zayed","https://www.google.com/maps?q=30.025805,31.011915",30.025805,31.011915,car_dealer,0043469e-1f38-4e83-857f-d60993db2f92
D2 Engeneering Solution Office,,تصنيع وإنتاج هندسي عام ومعدات,المنطقة الصناعية بأبو رواش (القطاع الجنوبي والقرية الذكية),مصنع جديد تماماً (حصري),—,+201066676000,https://www.instagram.com/d2engineeringsolution1?igsh=eGE5a3o4aGlseXQ1&utm_source=qr,"El-Bostan, Sheikh Zayed City, Giza Governorate 3247604","https://www.google.com/maps?q=30.025354,31.011497",30.025354,31.011497,engineering_services,34ec6ece-41c4-4e7c-ab21-5b257c7e69cb
Rotografia Group,,تصنيع وإنتاج هندسي عام ومعدات,المنطقة الصناعية بأبو رواش (القطاع الجنوبي والقرية الذكية),مصنع جديد تماماً (حصري),—,+201224780830,http://www.rotografia.com/,park st. mall el sheikh zayed,"https://www.google.com/maps?q=30.02507,31.009941",30.02507,31.009941,industrial_company,7734f5e0-ac10-4cee-adf9-6438b0db92f4
Wadi Food Industries,,صناعات سيارات وشاحنات ومركبات تجارية,المنطقة الصناعية بأبو رواش (القطاع الجنوبي والقرية الذكية),مصنع جديد تماماً (حصري),—,+20238278203,www.edita.com.eg,Capital Business Park,"https://www.google.com/maps?q=30.024857,31.013454",30.024857,31.013454,business_manufacturing_and_supply,c1c841f2-5222-4003-a475-33efba0ce866
كرفانات الفريده لتصنيع وتوريد الكرفانات,,غزل ونسيج وملابس جاهزة,المنطقة الصناعية بأبو رواش (القطاع الجنوبي والقرية الذكية),مصنع جديد تماماً (حصري),—,+201150009444,https://alfaredacaravan.com/,محور 26 يوليو,"https://www.google.com/maps?q=30.025585,31.016823",30.025585,31.016823,metal_fabricator,1115455c-06fd-4168-950d-d2124d0dcf4b
Imtenan Egypt,,صناعات غذائية ومشروبات ومطاحن,المنطقة الصناعية بأبو رواش (القطاع الجنوبي والقرية الذكية),موجود بالفعل بالسيستم (تحديث/إثراء إحداثيات),Imtenan Egypt,+201278698037,http://www.imtenan.com/,داخل هايبر 1 الشيخ زايد أمام البوابة الرئيسية,"https://www.google.com/maps?q=30.0292,31.020329",30.0292,31.020329,health_food_store,0e7c3444-8ea2-4a3a-954a-8f1ace207b22
Hazem Mansour,,تصنيع وإنتاج هندسي عام ومعدات,المنطقة الصناعية بأبو رواش (القطاع الجنوبي والقرية الذكية),مصنع جديد تماماً (حصري),—,—,—," Sheikh Zayed City, ","https://www.google.com/maps?q=30.02408,31.028816",30.02408,31.028816,engineering_services,c57adb6f-6bf0-4822-bc92-90d96552793f
Marble Clinic,,مواد بناء ورخام وسيراميك وخرسانة جاهزة,المنطقة الصناعية بأبو رواش (القطاع الجنوبي والقرية الذكية),مصنع جديد تماماً (حصري),—,+201223330001,http://www.ecocareegypt.com/,"بالم هيلز للتعمير, 46 شارع نهرو","https://www.google.com/maps?q=30.01635,31.029915",30.01635,31.029915,health_and_medical,e9c02ead-e873-431a-8923-2633a0e4eddf
Gee,,صناعات غذائية ومشروبات ومطاحن,المنطقة الصناعية بأبو رواش (القطاع الجنوبي والقرية الذكية),مصنع جديد تماماً (حصري),—,012 00231222,https://order.radyes.co/gee_bakery,Street 88 Mall - Palm Hills,"https://www.google.com/maps?q=30.013765,31.027239",30.013765,31.027239,food_truck,5688d96d-f69d-4c5c-b1c4-0a8d61cde4ed
Near East Services,,تصنيع وإنتاج هندسي عام ومعدات,المنطقة الصناعية بأبو رواش (القطاع الجنوبي والقرية الذكية),مصنع جديد تماماً (حصري),—,+20238861694,http://www.neservices.co/,"Palm Central, Palm Hills","https://www.google.com/maps?q=30.011557,31.028769",30.011557,31.028769,party_and_event_planning,075842e8-0319-4f27-ab6e-322675cec7a3
Sultans for Investment and Development,,تصنيع وإنتاج هندسي عام ومعدات,المنطقة الصناعية بأبو رواش (القطاع الجنوبي والقرية الذكية),مصنع جديد تماماً (حصري),—,+20238861665,http://www.sultansid.com/,"October, 07 S Palm Central, 2nd floor, october 1st","https://www.google.com/maps?q=30.011398,31.029228",30.011398,31.029228,home_developer,a6a57f81-e9f5-462f-80f5-0dec69f3aeeb
شركة الكارمكو للمسبوكات الحديدية والغير حديدية,,حديد وصلب وألومنيوم وتشكيل معادن,المنطقة الصناعية بأبو رواش (القطاع الجنوبي والقرية الذكية),مصنع جديد تماماً (حصري),—,+201113355689,http://www.alkaremco.com/,السادس من اكتوبر,"https://www.google.com/maps?q=30.021328,31.051718",30.021328,31.051718,,8acac51c-c2cd-4fe1-817c-f4d13ad40bd4
شركات نقل العفش بعزبة النخل 01023466174,,نقل بري ولوجستيات وتخزين وأساطيل,المنطقة الصناعية بأبو رواش (القطاع الجنوبي والقرية الذكية),مصنع جديد تماماً (حصري),—,—,https://www.google.com/url?sa=t&source=web&rct=j&url=https%3A%2F%2Fteba400.wordpress.com%2F&ved=2ahUKEwji-Nvkg7H2AhXEwKQKHSgPABYQFnoECDwQAQ&usg=AOvVaw2eI4Po7UYmJH8mRICG8rQE,غزبة النخل,"https://www.google.com/maps?q=30.023478,31.037752",30.023478,31.037752,movers,314b844a-26f4-4581-9837-c34d695bd072
Ghataty Galleria 40 Zayed - غطاطي جاليريا 40 زايد,,صناعات سيارات وشاحنات ومركبات تجارية,المنطقة الصناعية بأبو رواش (القطاع الجنوبي والقرية الذكية),مصنع جديد تماماً (حصري),—,010 09344454,https://www.ghataty.com,"محطه وقود شيل اوت , محور 26 يوليو امام مول جاليريا","https://www.google.com/maps?q=30.036951,31.036203",30.036951,31.036203,automotive_repair,a5b7662f-9b7b-4162-8b44-d1b47ebddde9
Procadegypt,,تصنيع وإنتاج هندسي عام ومعدات,المنطقة الصناعية بأبو رواش (القطاع الجنوبي والقرية الذكية),مصنع جديد تماماً (حصري),—,+201142241313,http://www.procadegypt.com/,"110A tiamo compound ,shikh zaid ,Egypt ","https://www.google.com/maps?q=30.039747,31.038868",30.039747,31.038868,engineering_services,ec963cd2-5945-48b7-9410-6f57df4fb435
Seyana,,صناعات سيارات وشاحنات ومركبات تجارية,المنطقة الصناعية بأبو رواش (القطاع الجنوبي والقرية الذكية),مصنع جديد تماماً (حصري),—,+201155550520,—,طريق الأسكندريه الصحراوي، الظهير الصحراوى لمحافظة الجيزة، الجيزة،،,"https://www.google.com/maps?q=30.037233,31.058228",30.037233,31.058228,automotive_repair,a40a978b-5dcb-4aee-8689-04010c648fc6
Fire Wheels Company,,صناعات سيارات وشاحنات ومركبات تجارية,المنطقة الصناعية بأبو رواش (القطاع الشمالي وطريق إسكندرية),مصنع جديد تماماً (حصري),—,+201157233009,—,"Abu Rawwash,Kilo 26 Cairo Alex Road,Makka compound, Giza","https://www.google.com/maps?q=30.052526,31.058222",30.052526,31.058222,tire_dealer_and_repair,7c9bfcdd-ba4f-43bc-b123-4e2ba35adb75
Golden Build Property,,تصنيع وإنتاج هندسي عام ومعدات,المنطقة الصناعية بأبو رواش (القطاع الجنوبي والقرية الذكية),مصنع جديد تماماً (حصري),—,+201016818625,http://www.goldenbuildeg.com/," Compound Kanaria, Building no.39 -6 October City, Giza Governorate, Egypt","https://www.google.com/maps?q=30.042089,31.046005",30.042089,31.046005,home_developer,0c6dcb8d-5d93-46b7-9753-905e9de6eb65
Mansour Used Cars Sheikh Zayed Branch,,نقل بري ولوجستيات وتخزين وأساطيل,المنطقة الصناعية بأبو رواش (القطاع الجنوبي والقرية الذكية),مصنع جديد تماماً (حصري),—,—,—,السادس من اكتوبر,"https://www.google.com/maps?q=30.036263,31.034883",30.036263,31.034883,transportation,6558db53-15d2-492a-80d3-e02b3b5ba6f0
كيماويات البناء الحديث فرع الشيخ زايد,,كيماويات وبتروكيماويات ودهانات وزيوت,المنطقة الصناعية بأبو رواش (القطاع الجنوبي والقرية الذكية),مصنع جديد تماماً (حصري),—,+201001745179,https://www.cmbegypt.com/cmb/ar/,السادس من اكتوبر,"https://www.google.com/maps?q=30.035843,31.034285",30.035843,31.034285,building_supply_store,78e1c4dd-2454-4075-a111-b432a6c5588c
ICON Engineering Group,,تصنيع وإنتاج هندسي عام ومعدات,المنطقة الصناعية بأبو رواش (القطاع الجنوبي والقرية الذكية),مصنع جديد تماماً (حصري),—,+201061341317,http://linkedin.com/company/icon-eg,"Khamayel, behind officers mosque Shaikh","https://www.google.com/maps?q=30.031841,31.030912",30.031841,31.030912,engineering_services,12db4064-8f26-4d2c-88d8-14c40cdb38a6
Harby store,,صناعات سيارات وشاحنات ومركبات تجارية,المنطقة الصناعية بأبو رواش (القطاع الجنوبي والقرية الذكية),مصنع جديد تماماً (حصري),—,+201015728674,http://www.Harbyastore.eg.com/,12 شارع الشيخ زايد,"https://www.google.com/maps?q=30.035215,31.029512",30.035215,31.029512,shopping,b322d1f6-d523-484a-a10b-c86f6688f778
عقارات الخمائل الشيخ زايد 6 اكتوبر شركة تامر جروب للاتصال 01006160714,,تصنيع وإنتاج هندسي عام ومعدات,المنطقة الصناعية بأبو رواش (القطاع الجنوبي والقرية الذكية),مصنع جديد تماماً (حصري),—,+201006160714,https://business.facebook.com/RealEstateEgyptSheikhZayedOctober6Cairo/?business_id=1240581116015440,كمبوند الخمائل الشيخ زايد 6 اكتوبر شركة تامر جروب للتسويق والاستثمار العقاري ,"https://www.google.com/maps?q=30.030481,31.022409",30.030481,31.022409,real_estate_service,7924511d-3721-4950-804a-d8bb08fd93e2
المزرعة / الأصيل,,صناعات غذائية ومشروبات ومطاحن,المنطقة الصناعية بأبو رواش (القطاع الجنوبي والقرية الذكية),مصنع جديد تماماً (حصري),—,+201123433433,http://www.almazraa-eg.com/,منفذ بيع هايبر وان,"https://www.google.com/maps?q=30.030209,31.021198",30.030209,31.021198,grocery_store,613a937f-c51f-4e24-b7ca-fff9ee1ea0a8
Batata,,صناعات غذائية ومشروبات ومطاحن,المنطقة الصناعية بأبو رواش (القطاع الجنوبي والقرية الذكية),مصنع جديد تماماً (حصري),—,+201090015808,http://www.batatesandzalabya.com/,الشيخ زايد,"https://www.google.com/maps?q=30.030636,31.021631",30.030636,31.021631,ice_cream_shop,af3b6b18-eb22-4602-b26e-d6f5c279c0c1
El Kasr Jewellery & Diamond,,تصنيع وإنتاج هندسي عام ومعدات,المنطقة الصناعية بأبو رواش (القطاع الجنوبي والقرية الذكية),مصنع جديد تماماً (حصري),—,+201143555517,https://www.facebook.com/ElKasr.jewelry,Downtown Mall Sheikh Zayed Entrance 2,"https://www.google.com/maps?q=30.038311,31.017471",30.038311,31.017471,jewelry_and_watches_manufacturer,189ce416-6a7d-4245-8c2f-899e23c36d30
Ghanem Designs,,تصنيع وإنتاج هندسي عام ومعدات,المنطقة الصناعية بأبو رواش (القطاع الجنوبي والقرية الذكية),مصنع جديد تماماً (حصري),—,+201005483852,http://ghanemarchitects.com/,Sheikh Zayed City,"https://www.google.com/maps?q=30.033432,31.012817",30.033432,31.012817,interior_design,563bb83a-5049-4e7b-9984-54e6a7787925
هيدروجيني,,صناعات سيارات وشاحنات ومركبات تجارية,المنطقة الصناعية بأبو رواش (القطاع الجنوبي والقرية الذكية),مصنع جديد تماماً (حصري),—,+201211519418,—,Street 56,"https://www.google.com/maps?q=30.031404,31.011255",30.031404,31.011255,automotive_repair,0cb35276-8e80-4b31-8e33-3ad666dc4571
مركز أميسا سورية لتجديد و صيانة السيارات,,صناعات سيارات وشاحنات ومركبات تجارية,المنطقة الصناعية بأبو رواش (القطاع الجنوبي والقرية الذكية),مصنع جديد تماماً (حصري),—,+201270322224,—,شارع ٥٦,"https://www.google.com/maps?q=30.031376,31.011374",30.031376,31.011374,automotive_repair,3a256b62-5668-4fba-ab0b-41fbd572ddf9
Fix Lights Egypt - إصلاح فوانيس مصر,,صناعات سيارات وشاحنات ومركبات تجارية,المنطقة الصناعية بأبو رواش (القطاع الجنوبي والقرية الذكية),مصنع جديد تماماً (حصري),—,+201270322224,—,رقم ٢١,"https://www.google.com/maps?q=30.031487,31.011353",30.031487,31.011353,automotive_repair,dd053d68-4c22-49c1-88c2-e4b39e9bc85a
Old Cairo Design,,تصنيع وإنتاج هندسي عام ومعدات,المنطقة الصناعية بأبو رواش (القطاع الجنوبي والقرية الذكية),مصنع جديد تماماً (حصري),—,+201004016666,—,"Villa 99, 2nd District،, قسم الشيخ زايد، الجيزة،","https://www.google.com/maps?q=30.031305,31.00629",30.031305,31.00629,architectural_designer,fa521abb-b5f4-40f6-8f71-5ca21eb9b68f
شركة رويال للاستثمار العقاري,,تصنيع وإنتاج هندسي عام ومعدات,المنطقة الصناعية بأبو رواش (القطاع الجنوبي والقرية الذكية),مصنع جديد تماماً (حصري),—,+201021313177,https://www.royalacademyfortraining.com/,9 شارع 34,"https://www.google.com/maps?q=30.039562,31.012474",30.039562,31.012474,real_estate_agent,5c320c8d-d486-4fba-9ca9-a4f009d9d276
MAC Verse,,صناعات سيارات وشاحنات ومركبات تجارية,المنطقة الصناعية بأبو رواش (القطاع الجنوبي والقرية الذكية),مصنع جديد تماماً (حصري),—,+201096964236,https://forms.gle/m8mQHHUTPdppVJyF8," District 8, Elsheikh zayed ","https://www.google.com/maps?q=30.040382,31.009624",30.040382,31.009624,marketing_agency,4d061063-8a77-40a1-8c2b-4126c9e365a4
شركة الكابتن لشحن الطرود وطلبات الاونلاين,,نقل بري ولوجستيات وتخزين وأساطيل,المنطقة الصناعية بأبو رواش (القطاع الجنوبي والقرية الذكية),مصنع جديد تماماً (حصري),—,+201125232006,https://alcaptainexpress.business.site/?m=true,الشيخ زايد - الحي الاول المجاورة اولى سنتر المهندسين ,"https://www.google.com/maps?q=30.038975,31.006552",30.038975,31.006552,freight_and_cargo_service,4aba8535-519b-429b-ae2d-359a42dc964f
السعيد للخدمات المتكامله,,تصنيع وإنتاج هندسي عام ومعدات,المنطقة الصناعية بأبو رواش (القطاع الجنوبي والقرية الذكية),مصنع جديد تماماً (حصري),—,+201011124463,https://www.facebook.com/share/1BhyXLgWZZ/,"26 street, First el shiekh zayed","https://www.google.com/maps?q=30.042393,31.009731",30.042393,31.009731,construction_services,b59babbe-4e56-462a-805a-d13f14a70b2f
Axis Pro Solutions,,صناعات سيارات وشاحنات ومركبات تجارية,المنطقة الصناعية بأبو رواش (القطاع الجنوبي والقرية الذكية),مصنع جديد تماماً (حصري),—,+201000425904,https://axsisnet.com/,9 El Nozha Street,"https://www.google.com/maps?q=30.044205,31.009884",30.044205,31.009884,web_designer,2136ed0a-5e1b-4352-8580-b79d3e6fab66
B7C Atrio,,صناعات سيارات وشاحنات ومركبات تجارية,المنطقة الصناعية بأبو رواش (القطاع الجنوبي والقرية الذكية),مصنع جديد تماماً (حصري),—,+201023808080,—,"مدينة الشيخ زايد،،, قسم الشيخ زايد، الجيزة،،","https://www.google.com/maps?q=30.04538,31.01404",30.04538,31.01404,real_estate_service,afdb9c5a-fc90-4032-a4bb-ca3c76946078
Ahdaf for Trading and Distribution,,صناعات غذائية ومشروبات ومطاحن,المنطقة الصناعية بأبو رواش (القطاع الشمالي وطريق إسكندرية),مصنع جديد تماماً (حصري),—,+201010700008,http://www.ahdafeg.com/,الكليو 28 طريق القاهرة-اسكندرية الصحراوى مول بارك افينيو,"https://www.google.com/maps?q=30.065125,31.019287",30.065125,31.019287,shopping,fa1f02f6-5750-4ce6-813f-e4f52ace14c1
Dorra Contracting,,تصنيع وإنتاج هندسي عام ومعدات,المنطقة الصناعية بأبو رواش (القطاع الشمالي وطريق إسكندرية),مصنع جديد تماماً (حصري),—,+20235371341,https://dorra-contracting.com/,"Courtyard, Building K, Al Shabab Rd, Second Al Sheikh Zayed, Giza Governorate, Egypt","https://www.google.com/maps?q=30.077017,31.010862",30.077017,31.010862,construction_services,5a6a01ef-59c7-4b0e-8f8f-ad9fd728f868
شركة ال سعود للتوريدات الغذائية,,تصنيع وإنتاج هندسي عام ومعدات,المنطقة الصناعية بأبو رواش (القطاع الشمالي وطريق إسكندرية),مصنع جديد تماماً (حصري),—,+201114832144,—,الشيخ زايد,"https://www.google.com/maps?q=30.077059,31.013206",30.077059,31.013206,central_government_office,b36b20e4-b6ba-4958-9b2a-e144a4bb14de
ECG - Engineering Consultants Group,,تصنيع وإنتاج هندسي عام ومعدات,المنطقة الصناعية بأبو رواش (القطاع الشمالي وطريق إسكندرية),مصنع جديد تماماً (حصري),—,+20223524740,—,Cairo - Alexandria Desert Rd,"https://www.google.com/maps?q=30.073345,31.013763",30.073345,31.013763,engineering_services,3cfc82ab-0781-4e2f-9481-4b72eadf70e7
Evergrow Group,,كيماويات وبتروكيماويات ودهانات وزيوت,المنطقة الصناعية بأبو رواش (القطاع الشمالي وطريق إسكندرية),مصنع جديد تماماً (حصري),—,+20235371091,http://www.evergrowfert.com/,Head Office: B93 - Street 15 - Smart Village - Km 28 Cairo Alex desert road - Giza - Egypt. ,"https://www.google.com/maps?q=30.073378,31.013821",30.073378,31.013821,chemical_plant,e27ed1e9-2622-4bf4-aa3b-65ff0908b0ec
Telecom Egypt,,صناعات سيارات وشاحنات ومركبات تجارية,المنطقة الصناعية بأبو رواش (القطاع الشمالي وطريق إسكندرية),مصنع جديد تماماً (حصري),—,+201555000111,http://www.te.eg/,Inside the Smart Village,"https://www.google.com/maps?q=30.076288,31.01874",30.076288,31.01874,mobile_phone_store,ec5ccb81-eee4-4ecf-9683-e475fca21baa
Arabian International Company AIC - الشركة العربية الدولية - Spontex Egypt,,تصنيع وإنتاج هندسي عام ومعدات,المنطقة الصناعية بأبو رواش (القطاع الشمالي وطريق إسكندرية),مصنع جديد تماماً (حصري),—,+201000089445,—,ـB120ـ الدور الاول مبني لينكس بيزنس بارك\nالقريه الذكيه - طريق مصر اسكندريه الصحراوي,"https://www.google.com/maps?q=30.072115,31.0187",30.072115,31.0187,home_goods_store,96ba6fe5-2d5c-4cf3-b608-14ff3fe546d2
مركز خدمه/المجد المتميز موتورز,,صناعات سيارات وشاحنات ومركبات تجارية,المنطقة الصناعية بأبو رواش (القطاع الشمالي وطريق إسكندرية),مصنع جديد تماماً (حصري),—,+201025624110,—,القريه الذكيه/طريق الصليبه /كوبري  مفتاح,"https://www.google.com/maps?q=30.069529,31.016916",30.069529,31.016916,automotive_services_and_repair,3ab1c173-5038-41d6-9d51-8db832ec05d4
ميشلان لخدمات الإطارات - غطاطي شيل أوت - Ghataty - Michelin Tyres & Services,,صناعات سيارات وشاحنات ومركبات تجارية,المنطقة الصناعية بأبو رواش (القطاع الشمالي وطريق إسكندرية),مصنع جديد تماماً (حصري),—,01090020943,https://www.ghataty.com/?utm_source=Bing&utm_medium=organic&utm_campaign=Uberall_Bing&utm_content=LDS&utm_term=Uberall_Bing,طريق اسكندرية الصحراوي مجمع مطاعم شيل اوت - بجوار القرية الذكية,"https://www.google.com/maps?q=30.068708,31.016418",30.068708,31.016418,tire_shop,dfb5e404-e3a1-4d6c-86d1-f1186d741987
Curve App,,تصنيع وإنتاج هندسي عام ومعدات,المنطقة الصناعية بأبو رواش (القطاع الشمالي وطريق إسكندرية),مصنع جديد تماماً (حصري),—,+201115509998,https://curveapp.net/,"Kerdasa, Giza Governorate 3650101","https://www.google.com/maps?q=30.068062,31.019434",30.068062,31.019434,engineering_services,3055de8b-b657-4198-88ec-be3e784f89c7
Handaz,,تصنيع وإنتاج هندسي عام ومعدات,المنطقة الصناعية بأبو رواش (القطاع الشمالي وطريق إسكندرية),مصنع جديد تماماً (حصري),—,+201025712200,http://www.handaz.com/,TIEC Building (B5). Cairo-Alexandria Desert Road Giza,"https://www.google.com/maps?q=30.068052,31.019705",30.068052,31.019705,party_and_event_planning,d4014265-f82c-4b11-8324-f46b561011ef
Overtime Marketing,,صناعات سيارات وشاحنات ومركبات تجارية,المنطقة الصناعية بأبو رواش (القطاع الشمالي وطريق إسكندرية),مصنع جديد تماماً (حصري),—,+201200494003,https://overtime.eg/,B115,"https://www.google.com/maps?q=30.068089,31.019779",30.068089,31.019779,marketing_agency,86ef629f-79c9-43fb-afb1-85c8909d205c
شركة تكنولوجيا تشغيل المنشأت المالية,,تصنيع وإنتاج هندسي عام ومعدات,المنطقة الصناعية بأبو رواش (القطاع الشمالي وطريق إسكندرية),مصنع جديد تماماً (حصري),—,02 38271400,http://www.efinance.com.eg,مبنى ب 17- كم 28 - طريق القاهرة اسكندرية الصحراوى - القرية الذكية,"https://www.google.com/maps?q=30.065578,31.025394",30.065578,31.025394,public_service_and_government,6f0d78f5-8f75-4adb-9577-c1697dd4faac
لينك للاستثمار والتنمية العقارية,,تصنيع وإنتاج هندسي عام ومعدات,المنطقة الصناعية بأبو رواش (القطاع الشمالي وطريق إسكندرية),مصنع جديد تماماً (حصري),—,02 35372002,http://www.mars-net.webs.com,93 ب كم 28 - - القرية الذكية,"https://www.google.com/maps?q=30.065578,31.025394",30.065578,31.025394,construction_services,2f72a572-dee8-40b9-90d5-2c8a058bbde3
زحمة مستودع الانابيب,,نقل بري ولوجستيات وتخزين وأساطيل,المنطقة الصناعية بأبو رواش (القطاع الشمالي وطريق إسكندرية),مصنع جديد تماماً (حصري),—,—,—,السادس من اكتوبر,"https://www.google.com/maps?q=30.065641,31.025925",30.065641,31.025925,hardware_store,22ef2ae3-a29f-4e17-9e87-4a60c3f38e16
Chemical International Center,,كيماويات وبتروكيماويات ودهانات وزيوت,المنطقة الصناعية بأبو رواش (القطاع الشمالي وطريق إسكندرية),مصنع جديد تماماً (حصري),—,+201110054150,http://www.cicchem.com/,المنطقة الصناعية أبو رواش,"https://www.google.com/maps?q=30.066652,31.026712",30.066652,31.026712,chemical_plant,6fda4f31-d48d-4cd5-9f38-a29c3ea65b00
Salek,,نقل بري ولوجستيات وتخزين وأساطيل,المنطقة الصناعية بأبو رواش (القطاع الشمالي وطريق إسكندرية),مصنع جديد تماماً (حصري),—,—,http://www.mysalek.com/,"A12, Future group Building, Smart Village","https://www.google.com/maps?q=30.073696,31.02165",30.073696,31.02165,transportation,1d1aed8d-0886-46d9-8ab8-1a94f35a0372
المجموعة المالية هيرميس,,تصنيع وإنتاج هندسي عام ومعدات,المنطقة الصناعية بأبو رواش (القطاع الشمالي وطريق إسكندرية),مصنع جديد تماماً (حصري),—,02 35356494,http://www.efg-hermes.com,ب 129- كم 28 - طريق القاهرة اسكندرية الصحراوى - القرية الذكية,"https://www.google.com/maps?q=30.07453,31.022463",30.07453,31.022463,financial_service,53074c14-0626-41ed-8d41-c6faf6b13726
EFCO Pack - العمار فوم للتعبئة والتغليف,,تعبئة وتغليف وكرتون وطباعة,المنطقة الصناعية بأبو رواش (القطاع الشمالي وطريق إسكندرية),مصنع جديد تماماً (حصري),—,+201003367713,http://efcoeg.com/,مدخل القرية الذكية، خلف جريدة النبأ - ابو رواش,"https://www.google.com/maps?q=30.07576,31.024008",30.07576,31.024008,industrial_company,06f82177-8322-4074-a2a2-abcaa331ea08
Dar Al-Handasah,,تصنيع وإنتاج هندسي عام ومعدات,المنطقة الصناعية بأبو رواش (القطاع الشمالي وطريق إسكندرية),مصنع جديد تماماً (حصري),—,+20235318000,http://www.dargroup.com,Dar El Handsah,"https://www.google.com/maps?q=30.074476,31.024078",30.074476,31.024078,engineering_services,4b727f4b-b9cc-4f31-a812-5e4a866e0043
مركز خدمة سزوكى ابو رواش,,صناعات سيارات وشاحنات ومركبات تجارية,المنطقة الصناعية بأبو رواش (القطاع الشمالي وطريق إسكندرية),مصنع جديد تماماً (حصري),—,+2019055,—,Abu Rawwash,"https://www.google.com/maps?q=30.065668,31.032068",30.065668,31.032068,automotive_repair,1183e73f-b7d5-4d72-9831-bd54c80bb209
انكو ستيل,,غزل ونسيج وملابس جاهزة,المنطقة الصناعية بأبو رواش (القطاع الشمالي وطريق إسكندرية),مصنع جديد تماماً (حصري),—,+20235390081,—,كم 28 - طريق القاهرة اسكندرية الصحراوى - المنطقة الصناعية قريب من داندى ميجا مول,"https://www.google.com/maps?q=30.067352,31.035061",30.067352,31.035061,metal_fabricator,88505dee-0ab7-4611-b756-bc69ecf2e2ae
E-Z Wheels Electric Cars,,صناعات سيارات وشاحنات ومركبات تجارية,المنطقة الصناعية بأبو رواش (القطاع الشمالي وطريق إسكندرية),مصنع جديد تماماً (حصري),—,+201000568556,http://www.e-z-wheels.com/,السادس من اكتوبر,"https://www.google.com/maps?q=30.066454,31.035292",30.066454,31.035292,golf_cart_dealer,f5615430-90bf-4dc6-8073-2a50f5d69639
Egy Metal,,غزل ونسيج وملابس جاهزة,المنطقة الصناعية بأبو رواش (القطاع الشمالي وطريق إسكندرية),مصنع جديد تماماً (حصري),—,+201145221146,https://egymetal.company.site/,Sameh Emad St,"https://www.google.com/maps?q=30.064568,31.034374",30.064568,31.034374,business_manufacturing_and_supply,2be1092d-8689-4847-8368-295b96196e85
Top Gear Car Service,,صناعات سيارات وشاحنات ومركبات تجارية,المنطقة الصناعية بأبو رواش (القطاع الشمالي وطريق إسكندرية),مصنع جديد تماماً (حصري),—,+201016215319,https://www.facebook.com/TopGearCarServiceCenter, ابو رواش الكيلو 28 طريق مصر اسكندرية الصحراوي امام توكيل سوزوكي ونيسان ,"https://www.google.com/maps?q=30.065044,31.033976",30.065044,31.033976,automotive_repair,86e97d3e-145b-4f3c-bd66-fc382683f451
مودرن موتورز,,صناعات سيارات وشاحنات ومركبات تجارية,المنطقة الصناعية بأبو رواش (القطاع الشمالي وطريق إسكندرية),مصنع جديد تماماً (حصري),—,—,—,الكيلو ٢٨ طريق قاهرة الصحراوي أبورواش,"https://www.google.com/maps?q=30.065271,31.033178",30.065271,31.033178,car_dealer,99e6197a-a325-4242-885a-ab79670ece0a
Modern Motors Suzuki,,صناعات سيارات وشاحنات ومركبات تجارية,المنطقة الصناعية بأبو رواش (القطاع الشمالي وطريق إسكندرية),مصنع جديد تماماً (حصري),—,+2035390055,http://www.suzukiegypt.com/,28 طريق القاهرة الاسكندرية الصحراوي,"https://www.google.com/maps?q=30.065086,31.032892",30.065086,31.032892,auto_manufacturers_and_distributors,c764dede-1306-4ad0-9ee4-e47fe1c59d94
MM Group for Industry & Intl. Trade,,صناعات سيارات وشاحنات ومركبات تجارية,المنطقة الصناعية بأبو رواش (القطاع الشمالي وطريق إسكندرية),مصنع جديد تماماً (حصري),—,—,http://www.jaguar-egypt.com,228 Industrial Zone - Abu Rawash,"https://www.google.com/maps?q=30.063969,31.032799",30.063969,31.032799,automotive_repair,4f3d1adb-4f94-483f-bd30-d5eb6b2ad1c7
الورشة ام جي,,صناعات سيارات وشاحنات ومركبات تجارية,المنطقة الصناعية بأبو رواش (القطاع الشمالي وطريق إسكندرية),مصنع جديد تماماً (حصري),—,+201030397716,https://t.me/+08UblBvY3XAxMDA0,سابع تقاطع من مدخل محطة ادنوك قبل داندي مول - طريق مصر اسكندريه الصحراوي,"https://www.google.com/maps?q=30.063534,31.034925",30.063534,31.034925,automotive_repair,8b73e20b-a80b-44c2-b3fc-21ec2eee1dbd
عز العرب,,صناعات سيارات وشاحنات ومركبات تجارية,المنطقة الصناعية بأبو رواش (القطاع الشمالي وطريق إسكندرية),مصنع جديد تماماً (حصري),—,+201116865027,—,، الظهير الصحراوى لمحافظة الجيزة،,"https://www.google.com/maps?q=30.059601,31.033312",30.059601,31.033312,automotive_repair,c6ffe4a0-2a6e-4e96-bdce-daf79edb1224
Zogmar,,صناعات سيارات وشاحنات ومركبات تجارية,المنطقة الصناعية بأبو رواش (القطاع الشمالي وطريق إسكندرية),مصنع جديد تماماً (حصري),—,+201008999946,—,46 شارع زجمار - طريق اسكندرية الصحراوي - ابو رواش - بجوار عز العرب - خلف بنزينة ادنوك,"https://www.google.com/maps?q=30.060791,31.032967",30.060791,31.032967,motorcycle_dealer,f6741bce-bd2d-402c-95c6-57d2e968243a
Tree Centre,,صناعات سيارات وشاحنات ومركبات تجارية,المنطقة الصناعية بأبو رواش (القطاع الشمالي وطريق إسكندرية),مصنع جديد تماماً (حصري),—,+201001670014,—,"28 KM Egypt, Cairo - Alexandria Desert Rd","https://www.google.com/maps?q=30.062254,31.032291",30.062254,31.032291,automotive_repair,584005ad-2f07-4ab2-b673-63610f4a3a8e
Zoom Service Center,,صناعات سيارات وشاحنات ومركبات تجارية,المنطقة الصناعية بأبو رواش (القطاع الشمالي وطريق إسكندرية),مصنع جديد تماماً (حصري),—,+201201777747,http://zoomzoom-eg.com/,KM 28,"https://www.google.com/maps?q=30.062338,31.032236",30.062338,31.032236,automotive_repair,b6bbdb9e-7389-4b96-8fe3-992c73950c7e
Mitsubishi Diamond motors,,صناعات سيارات وشاحنات ومركبات تجارية,المنطقة الصناعية بأبو رواش (القطاع الشمالي وطريق إسكندرية),مصنع جديد تماماً (حصري),—,—,https://www.mitsubishimotors-eg.com/ar,"Km 28 Cairo - Alexandria Desert Rd, Al Giza Desert,","https://www.google.com/maps?q=30.060762,31.031656",30.060762,31.031656,car_dealer,6bdfe8de-51d1-48b3-a9a3-5ec0723c3786
شورى للكيماويات,,كيماويات وبتروكيماويات ودهانات وزيوت,المنطقة الصناعية بأبو رواش (القطاع الشمالي وطريق إسكندرية),مصنع جديد تماماً (حصري),—,+20235391515,http://www.shouraonline.com/,كم 28,"https://www.google.com/maps?q=30.060511,31.031534",30.060511,31.031534,chemical_plant,0ede670b-54a1-4fdd-a618-40073a7675a5
Khodeir Stationery,,صناعات سيارات وشاحنات ومركبات تجارية,المنطقة الصناعية بأبو رواش (القطاع الشمالي وطريق إسكندرية),مصنع جديد تماماً (حصري),—,02 37601842,http://www.khodeir.com,Dandy Mega Mall,"https://www.google.com/maps?q=30.062147,31.029125",30.062147,31.029125,business_office_supplies_and_stationery,7a7af25a-1438-4af6-8439-9b1f0f032a85
هانز دهانات-Hanz Paints,,كيماويات وبتروكيماويات ودهانات وزيوت,المنطقة الصناعية بأبو رواش (القطاع الشمالي وطريق إسكندرية),مصنع جديد تماماً (حصري),—,+201154006587,http://hanzpaints.com/indexarabic.php,third Industrial Zone,"https://www.google.com/maps?q=30.061861,31.029379",30.061861,31.029379,painting,99cca483-08ad-423d-bfe6-6d60600b84c0
Oscar Metal Industries,,تصنيع وإنتاج هندسي عام ومعدات,المنطقة الصناعية بأبو رواش (القطاع الشمالي وطريق إسكندرية),مصنع جديد تماماً (حصري),—,+201050742288,http://www.oscar-eg.com/,3th industrial zone,"https://www.google.com/maps?q=30.061861,31.029379",30.061861,31.029379,industrial_company,f5dc667e-c52b-4fea-aea7-ee82b600b5c0
X Motors,,صناعات سيارات وشاحنات ومركبات تجارية,المنطقة الصناعية بأبو رواش (القطاع الشمالي وطريق إسكندرية),مصنع جديد تماماً (حصري),—,+201278644055,https://xmotors-car-dealer.business.site/?m=true,داندى مول، 28 Cairo - Alexandria Desert Rd,"https://www.google.com/maps?q=30.062368,31.028872",30.062368,31.028872,car_dealer,3ca0a826-79c5-49fe-8849-6933688fc85f
شركة تكنولوجيا الهواء المضغوط - الحجار مصر    El Haggar misr,,تصنيع وإنتاج هندسي عام ومعدات,المنطقة الصناعية بأبو رواش (القطاع الشمالي وطريق إسكندرية),مصنع جديد تماماً (حصري),—,+201225318434,http://www.elhaggarmisr.com/,"28KM Cairo-Alexandria Desert road, Abo-Rawash","https://www.google.com/maps?q=30.063408,31.0317",30.063408,31.0317,industrial_company,bda60e4b-7458-4cb0-9004-01b2d0f48e25
Makaremtex,,تصنيع وإنتاج هندسي عام ومعدات,المنطقة الصناعية بأبو رواش (القطاع الشمالي وطريق إسكندرية),مصنع جديد تماماً (حصري),—,+201220002598,http://www.makaremtex.com/,السادس من اكتوبر,"https://www.google.com/maps?q=30.065065,31.026733",30.065065,31.026733,industrial_company,968af7b9-2bb2-4fee-9e29-487984cf8456
الوزن المثالي - Perfect Weight,,صناعات غذائية ومشروبات ومطاحن,المنطقة الصناعية بأبو رواش (القطاع الشمالي وطريق إسكندرية),مصنع جديد تماماً (حصري),—,+201008255955,http://drnutrition.com/,Al Hosary Square - Next to McDonald's,"https://www.google.com/maps?q=30.063599,31.027788",30.063599,31.027788,health_food_store,abf66c50-0885-49fa-86db-165476c5ccbe
كات,,نقل بري ولوجستيات وتخزين وأساطيل,المنطقة الصناعية بأبو رواش (القطاع الشمالي وطريق إسكندرية),مصنع جديد تماماً (حصري),—,—,http://www.catfootwear.com,كم 28,"https://www.google.com/maps?q=30.062851,31.027342",30.062851,31.027342,shopping,a192e40b-3d2d-4d64-83e6-f99730359115
Harmony Home by Aya,,تصنيع وإنتاج هندسي عام ومعدات,المنطقة الصناعية بأبو رواش (القطاع الشمالي وطريق إسكندرية),مصنع جديد تماماً (حصري),—,+201028334334,http://www.harmonybyaya.com/,"Park Avenue Mall Showroom 280 Zone D, Cairo - Alexandria Desert Rd","https://www.google.com/maps?q=30.057386,31.032915",30.057386,31.032915,contractor,8652a2b6-0c7f-41bc-bf73-b9ece83d7037
Volvo Cars Egypt,,صناعات سيارات وشاحنات ومركبات تجارية,المنطقة الصناعية بأبو رواش (القطاع الشمالي وطريق إسكندرية),مصنع جديد تماماً (حصري),—,+2015899,https://www.volvocars.com/eg,"Near Dandy Mega Mall، Km 28, Cairo - Alexandria Desert Rd","https://www.google.com/maps?q=30.05905,31.033405",30.05905,31.033405,car_dealer,a27a417e-bbed-4aa8-9fdd-13c8e54ad6f8
El-Kamony Automotive,,صناعات سيارات وشاحنات ومركبات تجارية,المنطقة الصناعية بأبو رواش (القطاع الشمالي وطريق إسكندرية),مصنع جديد تماماً (حصري),—,+20235320012,—,"Park Avenue Mall, 26 Cairo - Alexandria Desert Road, Sheikh Zayed","https://www.google.com/maps?q=30.056587,31.034542",30.056587,31.034542,car_dealer,95875ac7-a987-41ab-85b5-1bf865799be2
Jeep - Ezz Elarab,,صناعات سيارات وشاحنات ومركبات تجارية,المنطقة الصناعية بأبو رواش (القطاع الشمالي وطريق إسكندرية),مصنع جديد تماماً (حصري),—,+2019399,http://www.jeep-ezzelarab.com/,المنطقة الصناعية بأبو رواش (القطاع الشمالي وطريق إسكندرية),"https://www.google.com/maps?q=30.054533,31.040499",30.054533,31.040499,car_dealer,0f57f874-4b5b-484f-9408-9cbaed01ab52
Alfa Romeo - Ezz Elarab,,صناعات سيارات وشاحنات ومركبات تجارية,المنطقة الصناعية بأبو رواش (القطاع الشمالي وطريق إسكندرية),مصنع جديد تماماً (حصري),—,+2019399,https://alfaromeo-ezzelarab.com/,"KM28 Cairo-Alexandria Desert Road, Abou Rawash","https://www.google.com/maps?q=30.05743,31.036411",30.05743,31.036411,car_dealer,2e927a60-eee3-44b0-ac8e-06759fd0bb00
International Development Programmes IDP,,تصنيع وإنتاج هندسي عام ومعدات,المنطقة الصناعية بأبو رواش (القطاع الشمالي وطريق إسكندرية),مصنع جديد تماماً (حصري),—,—,http://www.idp.com.eg/,"K28, Cairo-Alexandria Desert Road, Abou Rawash, Industrial Zone","https://www.google.com/maps?q=30.065233,31.036936",30.065233,31.036936,construction_services,c0830881-5ca4-4299-9e75-c41845be5976
El Amin for Engineering & General Supplies,,صناعات سيارات وشاحنات ومركبات تجارية,المنطقة الصناعية بأبو رواش (القطاع الشمالي وطريق إسكندرية),مصنع جديد تماماً (حصري),—,+201276166699,—,26K,"https://www.google.com/maps?q=30.062084,31.043121",30.062084,31.043121,business_manufacturing_and_supply,5b6de8ac-c146-4475-8340-f71a6308a732
AbuRawash Milling Co. - شركة مطاحن أبو رواش,,صناعات غذائية ومشروبات ومطاحن,المنطقة الصناعية بأبو رواش (القطاع الشمالي وطريق إسكندرية),مصنع جديد تماماً (حصري),—,+201094433487,—,مطحن أبو رواش,"https://www.google.com/maps?q=30.063122,31.047201",30.063122,31.047201,industrial_company,2ffcae4c-300e-4e76-a81c-918db1cab86b
Lines Metal Industries,,تصنيع وإنتاج هندسي عام ومعدات,المنطقة الصناعية بأبو رواش (القطاع الشمالي وطريق إسكندرية),مصنع جديد تماماً (حصري),—,+201000023611,http://www.linesmetal.com/,Abu Rawash Industrial Zone,"https://www.google.com/maps?q=30.062819,31.047729",30.062819,31.047729,commercial_industrial,697b03cf-38b3-49b9-a74e-8c603b87e48b
المتحده للتجارة والصناعة,,تصنيع وإنتاج هندسي عام ومعدات,المنطقة الصناعية بأبو رواش (القطاع الشمالي وطريق إسكندرية),مصنع جديد تماماً (حصري),—,+201001697074,—,عادل والى,"https://www.google.com/maps?q=30.059919,31.05011",30.059919,31.05011,appliance_store,c3becc48-8ffe-4264-bb8c-222d909d110d
R-Line Service Center,,صناعات سيارات وشاحنات ومركبات تجارية,المنطقة الصناعية بأبو رواش (القطاع الشمالي وطريق إسكندرية),مصنع جديد تماماً (حصري),—,+201158133082,—,"بجوار مدرسة بريليانس, شارع ال ٢٦","https://www.google.com/maps?q=30.05744,31.052231",30.05744,31.052231,automotive_repair,a26595d2-a348-49c4-bf8a-282386cdfac9
الاطلال جروب لكسوة سلندرات الكاوتشوك,,صناعات بلاستيكية ومطاطية ومواسير,المنطقة الصناعية بأبو رواش (القطاع الشمالي وطريق إسكندرية),مصنع جديد تماماً (حصري),—,010 65538550,http://www.eletlalgroup.com,كم 26 - طريق مصر اسكندرية الصحراوى,"https://www.google.com/maps?q=30.059031,31.051498",30.059031,31.051498,plastic_company,9aff5b42-f3d4-43cf-81c3-d98bb85cbd29
انترموف ايجيبت,,نقل بري ولوجستيات وتخزين وأساطيل,المنطقة الصناعية بأبو رواش (القطاع الشمالي وطريق إسكندرية),مصنع جديد تماماً (حصري),—,02 35390813,http://www.intermoveegypt.com,كم 26 - طريق القاهرة الاسكندرية الصحراوى - المنطقة الصناعية,"https://www.google.com/maps?q=30.05901,31.052559",30.05901,31.052559,freight_and_cargo_service,0a27a9ec-8004-4a65-a06b-017b2d1b84cc
S Garage,,صناعات سيارات وشاحنات ومركبات تجارية,المنطقة الصناعية بأبو رواش (القطاع الشمالي وطريق إسكندرية),مصنع جديد تماماً (حصري),—,+201067813732,—,الظهير الصحراوي,"https://www.google.com/maps?q=30.058487,31.051807",30.058487,31.051807,automotive_repair,596a0a5f-c502-4a29-b78b-ac131e5e0e75
Marintec,,صناعات سيارات وشاحنات ومركبات تجارية,المنطقة الصناعية بأبو رواش (القطاع الشمالي وطريق إسكندرية),مصنع جديد تماماً (حصري),—,+201001753025,http://www.marintec.com/,2 حارة ابو رواش,"https://www.google.com/maps?q=30.05925,31.053493",30.05925,31.053493,boat_parts_and_supply_store,1a7e3979-a595-46eb-9039-d8bfec476724
FRP Fiber Reinforced Polymers,,صناعات سيارات وشاحنات ومركبات تجارية,المنطقة الصناعية بأبو رواش (القطاع الشمالي وطريق إسكندرية),مصنع جديد تماماً (حصري),—,+201000191300,http://frp-eg.com/,"مجمع مكة الصناعي, الكيلو ٢٦","https://www.google.com/maps?q=30.061777,31.060898",30.061777,31.060898,business_manufacturing_and_supply,921d97a1-6d5e-4a00-9d49-43c43927fcb2
هيتر ممدوح خليفة,,تصنيع وإنتاج هندسي عام ومعدات,المنطقة الصناعية بأبو رواش (القطاع الشمالي وطريق إسكندرية),مصنع جديد تماماً (حصري),—,+201006695984,—,26km Cairo - Alexandria Desert Rd,"https://www.google.com/maps?q=30.062891,31.054651",30.062891,31.054651,contractor,3bae4b69-420e-439c-962f-746dbd9f9373
سيتي باك - City Pack,,صناعات سيارات وشاحنات ومركبات تجارية,المنطقة الصناعية بأبو رواش (القطاع الشمالي وطريق إسكندرية),مصنع جديد تماماً (حصري),—,+201032927986,—,"26 Km Cairo Alex desert road , Abo Rawash industrial Zone , in front of Nissan ,Giza ,Cairo","https://www.google.com/maps?q=30.062286,31.056465",30.062286,31.056465,printing_services,579cb574-16aa-49ac-aa67-b05a8035275c
Nissan Auto Egypt,,صناعات سيارات وشاحنات ومركبات تجارية,المنطقة الصناعية بأبو رواش (القطاع الشمالي وطريق إسكندرية),مصنع جديد تماماً (حصري),—,+20235315200,http://www.autoegypt.com.eg/,"الكيلو ٢٦, طريق مصر اسكندرية الصحراوي ابو رواش","https://www.google.com/maps?q=30.061893,31.05645",30.061893,31.05645,car_dealer,66c51ebf-f3e9-4ef7-9e97-7c5b74fd109d
Nissan Modern Motors,,تصنيع وإنتاج هندسي عام ومعدات,المنطقة الصناعية بأبو رواش (القطاع الشمالي وطريق إسكندرية),مصنع جديد تماماً (حصري),—,+2019055,—,"Nissan Modern Motors, Km 28, Cairo Alex Desert Rd Giza","https://www.google.com/maps?q=30.061777,31.056688",30.061777,31.056688,auto_company,b7e0dcf9-5a8e-464c-b655-224a92e0e535
PEM for Power Generators,,تصنيع وإنتاج هندسي عام ومعدات,المنطقة الصناعية بأبو رواش (القطاع الشمالي وطريق إسكندرية),مصنع جديد تماماً (حصري),—,+201060274759,—,ش ٢٦ ابو رواش الصناعي امام توكيل نيسان ,"https://www.google.com/maps?q=30.061588,31.055674",30.061588,31.055674,party_and_event_planning,db6103db-27b2-483a-a949-1249230d7ef9
Emako Diesel Center,,صناعات سيارات وشاحنات ومركبات تجارية,المنطقة الصناعية بأبو رواش (القطاع الشمالي وطريق إسكندرية),مصنع جديد تماماً (حصري),—,+201064777758,http://www.emakoegypt.com/,K26,"https://www.google.com/maps?q=30.060608,31.053799",30.060608,31.053799,automotive_repair,d561e0f8-bbce-4fff-9bdc-e53579c6560d
Smart Windoor,,صناعات سيارات وشاحنات ومركبات تجارية,المنطقة الصناعية بأبو رواش (القطاع الشمالي وطريق إسكندرية),مصنع جديد تماماً (حصري),—,+201000423493,—,، الكيلو 26,"https://www.google.com/maps?q=30.059933,31.05261",30.059933,31.05261,business_manufacturing_and_supply,618cfbde-fb8c-4669-9edc-ba40d9c88149
Elsalam Engineering Contractors EEC - السلام للمقاولات الهندسية,,كيماويات وبتروكيماويات ودهانات وزيوت,المنطقة الصناعية بأبو رواش (القطاع الشمالي وطريق إسكندرية),مصنع جديد تماماً (حصري),—,+201223335339,http://www.eec-mep.com/,"Abu Rawash Industrial Zone, KM 26 Alex. Desert Road, Algendy St.","https://www.google.com/maps?q=30.05994,31.051395",30.05994,31.051395,contractor,2df1e410-323d-4fae-bc79-a3285e05acd5
Italian proplan,,كيماويات وبتروكيماويات ودهانات وزيوت,المنطقة الصناعية بأبو رواش (القطاع الشمالي وطريق إسكندرية),مصنع جديد تماماً (حصري),—,+2033784444,http://www.italian-proplan.com/,مدخل ك26 طريق مصر الاسكندرية الصحراوي ش جرين لاند، 3,"https://www.google.com/maps?q=30.061321,31.051456",30.061321,31.051456,chemical_plant,594010fe-30b8-469f-afdf-cedc2faa02c6
حنفيات حريق معتمدة لدي الدفاع المدني,,غزل ونسيج وملابس جاهزة,المنطقة الصناعية بأبو رواش (القطاع الشمالي وطريق إسكندرية),مصنع جديد تماماً (حصري),—,+201140007060,http://Www.saddah.net/,Abu rawash industrial zone kilo 26 cairo alexandria desert road,"https://www.google.com/maps?q=30.066992,31.053717",30.066992,31.053717,metal_fabricator,89c0e8b6-58a2-4726-b7de-8abdbcd904f5
I Zone Control,,تصنيع وإنتاج هندسي عام ومعدات,المنطقة الصناعية بأبو رواش (القطاع الشمالي وطريق إسكندرية),مصنع جديد تماماً (حصري),—,+201016019000,https://izone-control.com/,K 26 طريق الأسكندريه الصحراوي,"https://www.google.com/maps?q=30.067921,31.052372",30.067921,31.052372,engineering_services,a29609b6-78b1-44ce-aca5-a21ac11bb425
المصريه الامريكيه للصناعه والتجاره سامح عبد الرحيم مصنع ابو رواش,,صناعات سيارات وشاحنات ومركبات تجارية,المنطقة الصناعية بأبو رواش (القطاع الشمالي وطريق إسكندرية),مصنع جديد تماماً (حصري),—,+201288399960,—,ابو رواش الكيلو ٢٦ طريق مصر اسكندريه الصحراوي بعد مدارس بريليانس ب واحد كيلو  وتوكيل نيسان ,"https://www.google.com/maps?q=30.066931,31.060341",30.066931,31.060341,business_to_business,e322d1a5-a32e-4da0-a124-62d495ea108f
الشركة المصرية الأمريكية,,تصنيع وإنتاج هندسي عام ومعدات,المنطقة الصناعية بأبو رواش (القطاع الشمالي وطريق إسكندرية),مصنع جديد تماماً (حصري),—,+201110186824,—,الكيلو 26، طريق القاهرة - الإسكندرية الصحراوي,"https://www.google.com/maps?q=30.067465,31.060558",30.067465,31.060558,building_supply_store,ae0a2169-739a-4045-b406-957cd3c83b10
GA Auto - چنرال أوتو,,صناعات سيارات وشاحنات ومركبات تجارية,المنطقة الصناعية بأبو رواش (القطاع الشمالي وطريق إسكندرية),مصنع جديد تماماً (حصري),—,+201069612815,—,ابو رواش/اول طريق مصر اسكندرية الصحراوي /المنطقة الصناعية/امام شركة النصر للكيماويات,"https://www.google.com/maps?q=30.074974,31.045259",30.074974,31.045259,automotive_repair,249f4049-a3d6-4dd5-896e-91491ee8212d
Ghabbour auto,,صناعات سيارات وشاحنات ومركبات تجارية,المنطقة الصناعية بأبو رواش (القطاع الشمالي وطريق إسكندرية),مصنع جديد تماماً (حصري),—,—,http://www.ghabbourauto.com/GBAcademy.aspx,مدينة الشيخ زايد,"https://www.google.com/maps?q=30.074188,31.044361",30.074188,31.044361,education,a0081865-9e5a-44a6-a62e-4e7d5687cafe
Express International Group,,نقل بري ولوجستيات وتخزين وأساطيل,المنطقة الصناعية بأبو رواش (القطاع الشمالي وطريق إسكندرية),مصنع جديد تماماً (حصري),—,+20235391540,http://expressintl.com.eg/,"KM 28, industrial zone, Alexandria Desert Rd","https://www.google.com/maps?q=30.072247,31.045956",30.072247,31.045956,shipping_center,1dc4e6e4-baef-485e-a88a-767447116d31
Misr Logistics,,نقل بري ولوجستيات وتخزين وأساطيل,المنطقة الصناعية بأبو رواش (القطاع الشمالي وطريق إسكندرية),مصنع جديد تماماً (حصري),—,+201017211180,http://www.misrlogistics.com.eg/,"KM 28 Misr – Alex Desert road, Abu Rawash","https://www.google.com/maps?q=30.070719,31.048639",30.070719,31.048639,freight_and_cargo_service,6356f7c4-ac53-470a-afde-e1af15f10207
Eletlal Group,,تصنيع وإنتاج هندسي عام ومعدات,المنطقة الصناعية بأبو رواش (القطاع الشمالي وطريق إسكندرية),مصنع جديد تماماً (حصري),—,+201065538550,http://wwww.eletlalgroup.com/,"Abo Rawash, Kilo 26 Alex-Cairo Desert Rd, Industrial Area","https://www.google.com/maps?q=30.066755,31.046871",30.066755,31.046871,industrial_company,266d8cdc-f201-4dc2-bf80-f78348076a96
Your Storage,,نقل بري ولوجستيات وتخزين وأساطيل,المنطقة الصناعية بأبو رواش (القطاع الشمالي وطريق إسكندرية),مصنع جديد تماماً (حصري),—,+201003114003,http://eflogistics.com.eg/yourstorage/,"Km 28, طريق الأسكندريه الصحراوي","https://www.google.com/maps?q=30.069851,31.042107",30.069851,31.042107,self_storage_facility,39bea21d-8644-4f94-b7a8-1aab7c4ab7b7
اوتو غبور ابو رواش,,تصنيع وإنتاج هندسي عام ومعدات,المنطقة الصناعية بأبو رواش (القطاع الشمالي وطريق إسكندرية),مصنع جديد تماماً (حصري),—,—,—,ابو رواش طريق الاسكندريه الصحراوى .,"https://www.google.com/maps?q=30.068117,31.037853",30.068117,31.037853,auto_manufacturers_and_distributors,805b48c4-c5a3-4079-9aaa-ce4a1fd72fae
هايوانداي أبو رواش مركز الصيانة,,صناعات سيارات وشاحنات ومركبات تجارية,المنطقة الصناعية بأبو رواش (القطاع الشمالي وطريق إسكندرية),مصنع جديد تماماً (حصري),—,—,—,المنطقة الصناعية بأبو رواش (القطاع الشمالي وطريق إسكندرية),"https://www.google.com/maps?q=30.067898,31.037979",30.067898,31.037979,automotive_repair,fb6d8645-b395-46e5-bae1-f345231bcd5a
Ghabbour Auto,,صناعات سيارات وشاحنات ومركبات تجارية,المنطقة الصناعية بأبو رواش (القطاع الشمالي وطريق إسكندرية),مصنع جديد تماماً (حصري),—,—,http://www.ghabbourauto.com/,ابو رواش طريق الاسكندريه الصحراوى .,"https://www.google.com/maps?q=30.06793,31.037905",30.06793,31.037905,automotive_repair,6d1223f0-bfb7-447b-bdf1-6c558e95c56d
GB Auto Hyundai Abo Rawash,,صناعات سيارات وشاحنات ومركبات تجارية,المنطقة الصناعية بأبو رواش (القطاع الشمالي وطريق إسكندرية),مصنع جديد تماماً (حصري),—,+20235366010,http://www.ghabbourauto.com/,ابورواش 28 طريق القاهرة الاسكندرية الصحراوى - المنطقة الصناعية الثانية - طريق ال,"https://www.google.com/maps?q=30.067904,31.037413",30.067904,31.037413,car_dealer,f490720e-75bb-4ff9-987e-5c2fca1849e6
Porsche Centre Abo Rawash,,صناعات سيارات وشاحنات ومركبات تجارية,المنطقة الصناعية بأبو رواش (القطاع الشمالي وطريق إسكندرية),مصنع جديد تماماً (حصري),—,+201272911911,—,"Smart Village, kilo 28 Road","https://www.google.com/maps?q=30.082275,31.039036",30.082275,31.039036,car_dealer,0f89a127-a374-470d-aa01-15dfc66b7f0b
Chloride Egypt,,صناعات سيارات وشاحنات ومركبات تجارية,المنطقة الصناعية بأبو رواش (القطاع الشمالي وطريق إسكندرية),مصنع جديد تماماً (حصري),—,+2019328,https://www.linkedin.com/company/chlorideegypt,"Industrial zone Km 28, طريق الأسكندريه الصحراوي","https://www.google.com/maps?q=30.080437,31.03734",30.080437,31.03734,business_manufacturing_and_supply,8b91a677-4c86-4f26-bde7-974230a9063d
Temsah caravan,,صناعات غذائية ومشروبات ومطاحن,المنطقة الصناعية بأبو رواش (القطاع الشمالي وطريق إسكندرية),مصنع جديد تماماً (حصري),—,+201102012009,—,الجيزة,"https://www.google.com/maps?q=30.084631,31.038343",30.084631,31.038343,party_and_event_planning,fbf0e38e-1d31-4aad-8ca3-7e79dcfec716
المركز الالمانى لصيانة السيارات  G . C . S,,صناعات سيارات وشاحنات ومركبات تجارية,المنطقة الصناعية بأبو رواش (القطاع الشمالي وطريق إسكندرية),مصنع جديد تماماً (حصري),—,+201025888772,—,ابورواش.  أرض شركة مكة بجوار توكيل نيسان اوتو ايجيبت,"https://www.google.com/maps?q=30.084839,31.037491",30.084839,31.037491,auto_company,a08ece29-68e4-48d2-98bf-d8e259219543
مصنع هوريزن للاخشاب,,تصنيع وإنتاج هندسي عام ومعدات,المنطقة الصناعية بأبو رواش (القطاع الشمالي وطريق إسكندرية),مصنع جديد تماماً (حصري),—,+201013056511,—,نزلة صفط اللبن ملعب احمد شعبان اول طريق كرداسه,"https://www.google.com/maps?q=30.085276,31.040022",30.085276,31.040022,furniture_store,dd340daf-b265-4b27-ab93-454fd49cfac1
Alloy Wheel Repair Specialists (AWRS) - Cairo,,صناعات سيارات وشاحنات ومركبات تجارية,المنطقة الصناعية بأبو رواش (القطاع الشمالي وطريق إسكندرية),مصنع جديد تماماً (حصري),—,—,http://www.awrswheelrepair.com/,"Abo Rwash ,","https://www.google.com/maps?q=30.083467,31.040138",30.083467,31.040138,automotive_repair,617cc63c-da9b-4861-a971-3fecfd6fe066
Gold Company_EG,,تصنيع وإنتاج هندسي عام ومعدات,المنطقة الصناعية بأبو رواش (القطاع الشمالي وطريق إسكندرية),مصنع جديد تماماً (حصري),—,+201281044401,https://goldsalah.com/,https://goo.gl/maps/xCyAq1DAuvxt6Eq76,"https://www.google.com/maps?q=30.08329,31.041807",30.08329,31.041807,industrial_company,16274d45-c516-474a-bd17-4305e1824c4c
ECC Pyramids Mercedes-Benz Service Center,,صناعات سيارات وشاحنات ومركبات تجارية,المنطقة الصناعية بأبو رواش (القطاع الشمالي وطريق إسكندرية),مصنع جديد تماماً (حصري),—,+201227200072,http://www.mercedes-benz.com.eg/eccp,KM 28,"https://www.google.com/maps?q=30.087439,31.047411",30.087439,31.047411,car_dealer,8d9ab66b-6082-4c2b-8670-add6213db466
حسن حلمى وشركاه,,تصنيع وإنتاج هندسي عام ومعدات,المنطقة الصناعية بأبو رواش (القطاع الشمالي وطريق إسكندرية),مصنع جديد تماماً (حصري),—,02 35390242,http://www.hassanhelmy.com,كم 18 - طريق القاهرة اسكندرية الصحراوى,"https://www.google.com/maps?q=30.082611,31.050392",30.082611,31.050392,contractor,edefa3e1-1bae-4ee4-8115-295ee3246e40
JAC motors,,صناعات سيارات وشاحنات ومركبات تجارية,المنطقة الصناعية بأبو رواش (القطاع الشمالي وطريق إسكندرية),مصنع جديد تماماً (حصري),—,—,—,الكيلو 28 - مصر اسكندرية الصحراوي -خلف كارفور - بجوار مصنع فيروز,"https://www.google.com/maps?q=30.083019,31.049381",30.083019,31.049381,car_dealer,f6af60ea-3cad-403b-9f77-ea7932198657
Ghabbour Prima Industries,,صناعات سيارات وشاحنات ومركبات تجارية,المنطقة الصناعية بأبو رواش (القطاع الشمالي وطريق إسكندرية),مصنع جديد تماماً (حصري),—,—,—,KM 28,"https://www.google.com/maps?q=30.080372,31.044958",30.080372,31.044958,auto_manufacturers_and_distributors,a1732cdf-4e45-4f28-9af4-b01143a0e058
Giza Power Industry,,صناعات سيارات وشاحنات ومركبات تجارية,المنطقة الصناعية بأبو رواش (القطاع الشمالي وطريق إسكندرية),مصنع جديد تماماً (حصري),—,+20235391886,—,Abo Rawash kilo 28 -alex road، 690,"https://www.google.com/maps?q=30.077911,31.047237",30.077911,31.047237,business_manufacturing_and_supply,efa944ea-7562-40c4-8ed8-04ea8e38602a
Mansour - Abo Rawash,,صناعات سيارات وشاحنات ومركبات تجارية,المنطقة الصناعية بأبو رواش (القطاع الشمالي وطريق إسكندرية),مصنع جديد تماماً (حصري),—,—,https://almansour.com.eg/,KILO 28 IN FRONT OF TOYOTA ABU RAWASH,"https://www.google.com/maps?q=30.07876,31.048941",30.07876,31.048941,automotive_repair,d055c6b0-c514-490b-ad24-2b063394d340
Toyota Egypt,,صناعات سيارات وشاحنات ومركبات تجارية,المنطقة الصناعية بأبو رواش (القطاع الشمالي وطريق إسكندرية),مصنع جديد تماماً (حصري),—,+20224883500,www.toyotaegypt.com.eg,"28, Ring Road, Al Kom Al Akhdar","https://www.google.com/maps?q=30.078373,31.050215",30.078373,31.050215,car_dealer,5bf5e636-fab6-4a67-9ee2-4599923c3f9b
SEAT Egypt,,صناعات سيارات وشاحنات ومركبات تجارية,المنطقة الصناعية بأبو رواش (القطاع الشمالي وطريق إسكندرية),مصنع جديد تماماً (حصري),—,—,www.seategypt.com,مدينة الشيخ زايد,"https://www.google.com/maps?q=30.082756,31.052427",30.082756,31.052427,car_dealer,a8500e1e-0271-486a-ad15-12a1e83ef092
BMW ( Bavarian Auto Group ),,صناعات سيارات وشاحنات ومركبات تجارية,المنطقة الصناعية بأبو رواش (القطاع الشمالي وطريق إسكندرية),مصنع جديد تماماً (حصري),—,+202019269,https://www.bmw-eg.com/en/index.html,Abu Rawwash,"https://www.google.com/maps?q=30.082336,31.05228",30.082336,31.05228,automotive_repair,2d0c0807-dfbe-496c-979b-1d0a8b167d09
Kayan Egypt,,تصنيع وإنتاج هندسي عام ومعدات,المنطقة الصناعية بأبو رواش (القطاع الشمالي وطريق إسكندرية),مصنع جديد تماماً (حصري),—,+20235393166,—,الجيزة,"https://www.google.com/maps?q=30.082869,31.052834",30.082869,31.052834,corporate_office,2d03440a-4d0d-4df6-9ce2-b0e24cbc66fc
TVS Egypt,,تصنيع وإنتاج هندسي عام ومعدات,المنطقة الصناعية بأبو رواش (القطاع الشمالي وطريق إسكندرية),مصنع جديد تماماً (حصري),—,+2015175,https://www.tvsmotor.com/ar/eg,الكيلو 28 طريق مصر الاسكندرية الصحراوى ابو رواش بجوار توكيل تويوتا ,"https://www.google.com/maps?q=30.082956,31.053516",30.082956,31.053516,auto_company,83d9b179-0a2d-48e6-9d12-bb2357a2ba2f
كرنو بلاستيك,,صناعات بلاستيكية ومطاطية ومواسير,المنطقة الصناعية بأبو رواش (القطاع الشمالي وطريق إسكندرية),مصنع جديد تماماً (حصري),—,02 35393280,http://www.krnopack.com,ك 28 طريق مصر - اسكندرية الصحراوى,"https://www.google.com/maps?q=30.089903,31.05224",30.089903,31.05224,plastic_company,478de972-1314-420b-9dca-905228ebbb35
BICC For Electric Cables,,صناعات سيارات وشاحنات ومركبات تجارية,المنطقة الصناعية بأبو رواش (القطاع الشمالي وطريق إسكندرية),مصنع جديد تماماً (حصري),—,+201200900953,http://www.bicccables.com/,"Abu Ruweish, Giza Governorate, Egypt","https://www.google.com/maps?q=30.09,31.045624",30.09,31.045624,business_manufacturing_and_supply,b3c2c18f-dd47-4b3b-96cb-d15fd86149e4
Printopack,,صناعات سيارات وشاحنات ومركبات تجارية,المنطقة الصناعية بأبو رواش (القطاع الشمالي وطريق إسكندرية),مصنع جديد تماماً (حصري),—,+201129988000,http://www.printopack-eg.com/,Unnamed Road,"https://www.google.com/maps?q=30.093248,31.022316",30.093248,31.022316,business_manufacturing_and_supply,0045912f-d425-4276-9a64-9f2862bbaf25
شركة حافظ وفريد لصناعة البلاستيك,,صناعات بلاستيكية ومطاطية ومواسير,المنطقة الصناعية بأبو رواش (القطاع الشمالي وطريق إسكندرية),مصنع جديد تماماً (حصري),—,02 35392454,https://www.faridplastics.com,القطعة 55 - - منطقة 75 فدان,"https://www.google.com/maps?q=30.091772,31.022274",30.091772,31.022274,plastic_company,83752630-dcfe-40e5-b554-b38d46d639d6
Univent Factory,,تصنيع وإنتاج هندسي عام ومعدات,المنطقة الصناعية بأبو رواش (القطاع الشمالي وطريق إسكندرية),مصنع جديد تماماً (حصري),—,+20233442857,https://www.univents.org/,الجيزة,"https://www.google.com/maps?q=30.0903,31.021862",30.0903,31.021862,industrial_equipment,4c83609e-72e3-4a57-8b8e-8c5aa512274b
DHT For Metal Industries,,حديد وصلب وألومنيوم وتشكيل معادن,المنطقة الصناعية بأبو رواش (القطاع الشمالي وطريق إسكندرية),مصنع جديد تماماً (حصري),—,+201025932069,—,"Industrial zone of Abo Rawash, 8 Cairo-Alex desert R","https://www.google.com/maps?q=30.089312,31.022545",30.089312,31.022545,metal_supplier,48acde79-3e7f-478b-bc4d-73f96af02596
العمار للاعمال المعدنية,,غزل ونسيج وملابس جاهزة,المنطقة الصناعية بأبو رواش (القطاع الشمالي وطريق إسكندرية),مصنع جديد تماماً (حصري),—,+201001053103,—,"قطعة 92, منطقة ال75 فدان","https://www.google.com/maps?q=30.089609,31.023455",30.089609,31.023455,home_goods_store,46a1a44c-6a53-4333-821d-4b96790eb0d0
Sherif Baghdadi for Intermediate Industries,,كيماويات وبتروكيماويات ودهانات وزيوت,المنطقة الصناعية بأبو رواش (القطاع الشمالي وطريق إسكندرية),مصنع جديد تماماً (حصري),—,+201229202617,http://www.sherifbaghdadi.com/,Unnamed Road,"https://www.google.com/maps?q=30.090336,31.02375",30.090336,31.02375,chemical_plant,a7936254-7e9b-43d3-83b9-fe31871866b8
Travco abo Rawash,,نقل بري ولوجستيات وتخزين وأساطيل,المنطقة الصناعية بأبو رواش (القطاع الشمالي وطريق إسكندرية),مصنع جديد تماماً (حصري),—,—,—,Travco Abou Rawash,"https://www.google.com/maps?q=30.090635,31.034447",30.090635,31.034447,transportation,c7ca13a6-3faa-4509-9554-e2b6e6319fdb
Auto Jameel Abu Rawash,,صناعات سيارات وشاحنات ومركبات تجارية,المنطقة الصناعية بأبو رواش (القطاع الشمالي وطريق إسكندرية),مصنع جديد تماماً (حصري),—,+20235391968,—,السادس من اكتوبر,"https://www.google.com/maps?q=30.087973,31.032986",30.087973,31.032986,automotive_repair,60e8b567-3fda-48fb-830e-30bb8f80b80c
Ssangyong service center,,صناعات سيارات وشاحنات ومركبات تجارية,المنطقة الصناعية بأبو رواش (القطاع الشمالي وطريق إسكندرية),مصنع جديد تماماً (حصري),—,—,—,5 ب منطقة الامتداد الكيلو 28 المنطقة الصناعية ابو رواش,"https://www.google.com/maps?q=30.084982,31.030186",30.084982,31.030186,automotive_repair,b4748018-0284-45f9-8c15-28cc03c0073c
توكيل رينو ابو رواش,,صناعات سيارات وشاحنات ومركبات تجارية,المنطقة الصناعية بأبو رواش (القطاع الشمالي وطريق إسكندرية),مصنع جديد تماماً (حصري),—,—,www.renault.com.eg,ابو رواش,"https://www.google.com/maps?q=30.084568,31.031925",30.084568,31.031925,automotive_repair,c38e6ffa-bf5b-4dcf-bf48-111734812420
الشركة المصرية العالمية للسيارات - ماهيندرا,,صناعات سيارات وشاحنات ومركبات تجارية,المنطقة الصناعية بأبو رواش (القطاع الشمالي وطريق إسكندرية),مصنع جديد تماماً (حصري),—,02 35391983,http://www.eim-eg.com,القطعة 977 - كم 28 - طريق القاهرة اسكندرية الصحراوى - المنطقة الصناعية,"https://www.google.com/maps?q=30.084024,31.031839",30.084024,31.031839,forestry_service,ce2a204a-5cfb-4fa8-9569-dcccfe5bcc85
Cummins Egypt - EiM,,تصنيع وإنتاج هندسي عام ومعدات,المنطقة الصناعية بأبو رواش (القطاع الشمالي وطريق إسكندرية),مصنع جديد تماماً (حصري),—,+201003497321,https://www.eim-eg.com/Cummins.aspx,Egyptian International Motors - Cummins ,"https://www.google.com/maps?q=30.08391,31.032084",30.08391,31.032084,energy_company,d26c1ce1-1cca-4da3-a2f9-ac12d57ba620
Hyundai Egypt,,تصنيع وإنتاج هندسي عام ومعدات,المنطقة الصناعية بأبو رواش (القطاع الشمالي وطريق إسكندرية),مصنع جديد تماماً (حصري),—,+2016661,https://hyundai-egypt.net/,السادس من اكتوبر,"https://www.google.com/maps?q=30.08473,31.035133",30.08473,31.035133,car_dealer,a769cbcb-2218-4377-884b-b19892758a9c
Tractors Engineering Industries,,صناعات سيارات وشاحنات ومركبات تجارية,المنطقة الصناعية بأبو رواش (القطاع الشمالي وطريق إسكندرية),مصنع جديد تماماً (حصري),—,+20235392978,http://www.tractorsgroup.com/,Suez Canal St. plot G97/109 administration building,"https://www.google.com/maps?q=30.083263,31.034607",30.083263,31.034607,business_manufacturing_and_supply,ad97ff9d-be90-489b-a6b1-0b2cf69444e9
Egyptian Automotive and Trading Company,,صناعات سيارات وشاحنات ومركبات تجارية,المنطقة الصناعية بأبو رواش (القطاع الشمالي وطريق إسكندرية),مصنع جديد تماماً (حصري),—,+2035391176,—,"Abo Rawash Ind. Zone (Behind The Smart Village) Kilo 28, Cairo-Alex Desert Road، 28","https://www.google.com/maps?q=30.080637,31.033827",30.080637,31.033827,automotive_repair,c2507777-bcba-4bab-84c8-de692a536dd5
United Group Integrated,,تصنيع وإنتاج هندسي عام ومعدات,المنطقة الصناعية بأبو رواش (القطاع الشمالي وطريق إسكندرية),مصنع جديد تماماً (حصري),—,+20235380196,https://linkin.bio/ugi,"Cairo Alexandria Dessert Road, Smart Village, Arc - B319-320","https://www.google.com/maps?q=30.081869,31.021269",30.081869,31.021269,engineering_services,d5a5a8ed-5cfd-4c3f-b510-3601a17850a0
Alu Afric,,غزل ونسيج وملابس جاهزة,المنطقة الصناعية بأبو رواش (القطاع الشمالي وطريق إسكندرية),مصنع جديد تماماً (حصري),—,+201143228877,http://www.aluafric.net/,"Unnamed Road, Al Giza Desert, Giza Governorate, smart village, KM 28","https://www.google.com/maps?q=30.0868,31.027952",30.0868,31.027952,metal_supplier,355c7657-2f65-4e78-991a-916cc2461082
Egyptian for Steel Products Industries,,غزل ونسيج وملابس جاهزة,المنطقة الصناعية بأبو رواش (القطاع الشمالي وطريق إسكندرية),مصنع جديد تماماً (حصري),—,+20235392967,http://www.espi-eg.com/,Unnamed Road,"https://www.google.com/maps?q=30.088499,31.02396",30.088499,31.02396,business_manufacturing_and_supply,8a8e03e2-7d7d-44cd-b3f3-abe6ee4e5974
misr steel,,غزل ونسيج وملابس جاهزة,المنطقة الصناعية بأبو رواش (القطاع الشمالي وطريق إسكندرية),مصنع جديد تماماً (حصري),—,+20239100252,http://www.misrsteel.com/,الجيزة,"https://www.google.com/maps?q=30.088158,31.024616",30.088158,31.024616,metal_fabricator,d7f28c22-51b5-486c-9b9e-9d49e2c2bb67
أبو المجد للصناعات الخشبية,,تصنيع وإنتاج هندسي عام ومعدات,المنطقة الصناعية بأبو رواش (القطاع الشمالي وطريق إسكندرية),مصنع جديد تماماً (حصري),—,+201022000283,—,امام بوابه 5 القريه الذكيه - ابو رواش - الجيزه,"https://www.google.com/maps?q=30.086853,31.024443",30.086853,31.024443,,e6ebf615-eee4-41e2-8862-73ccfc976b50
Kia Egypt,,صناعات سيارات وشاحنات ومركبات تجارية,المنطقة الصناعية بأبو رواش (القطاع الشمالي وطريق إسكندرية),مصنع جديد تماماً (حصري),—,+201080017605,http://www.kia.com.eg/,"behind the, Km 28 Cairo-Alexandria Desert Road","https://www.google.com/maps?q=30.087975,31.021688",30.087975,31.021688,automotive_repair,ca83d8da-9fab-40d7-8eb0-ea11691d45b2
AMEX Car Maintenance Center,,صناعات سيارات وشاحنات ومركبات تجارية,المنطقة الصناعية بأبو رواش (القطاع الشمالي وطريق إسكندرية),مصنع جديد تماماً (حصري),—,+201050806141,http://www.amex-auto.com/,الجيزة، مدخل ابو رواش ٢  اخر سور القرية الذكية.. الشارع بجانب توكيل القصراوي .. خلف توكيل كيا ..  موقع هوندا سابقًا ...,"https://www.google.com/maps?q=30.088989,31.022402",30.088989,31.022402,automotive_repair,d0884e5f-4710-4d10-9bb5-d22ce98695cd
توكيل هيما ابو رواش,,صناعات سيارات وشاحنات ومركبات تجارية,المنطقة الصناعية بأبو رواش (القطاع الشمالي وطريق إسكندرية),مصنع جديد تماماً (حصري),—,—,—,طريق القاهرة - الإسكندرية الصحراوي،,"https://www.google.com/maps?q=30.088461,31.020948",30.088461,31.020948,automotive_repair,dca3a528-316e-49cc-ac0a-e8f4b9d1cfac
سينوفا القصراوى,,صناعات سيارات وشاحنات ومركبات تجارية,المنطقة الصناعية بأبو رواش (القطاع الشمالي وطريق إسكندرية),مصنع جديد تماماً (حصري),—,—,www.senovaegypt.com,الجيزة,"https://www.google.com/maps?q=30.088846,31.020304",30.088846,31.020304,car_dealer,aae48009-63ce-4d40-a5ef-787a55b12d14
CONNEX Assistance,,أدوية ومستحضرات تجميل ومستلزمات طبية,المنطقة الصناعية بأبو رواش (القطاع الشمالي وطريق إسكندرية),مصنع جديد تماماً (حصري),—,0233360005,http://www.connexassistance.com/,"3rd Floor, Building A, LINX Business Park, F5 F6, Smart Village","https://www.google.com/maps?q=30.082113,31.02071",30.082113,31.02071,b2b_medical_support_services,797d9606-0490-4d53-be5a-2840d1d0960e
Nacita Careers,,نقل بري ولوجستيات وتخزين وأساطيل,المنطقة الصناعية بأبو رواش (القطاع الشمالي وطريق إسكندرية),مصنع جديد تماماً (حصري),—,+2019725,http://www.NACITA.com/,Concordia B2111 Smart Village,"https://www.google.com/maps?q=30.080999,31.020763",30.080999,31.020763,transportation,6c24e9ef-9045-4dc5-a0c5-62c5d6d58350
دواجن الوطنية مصر - Alwatania Poultry Egypt,,صناعات غذائية ومشروبات ومطاحن,المنطقة الصناعية بأبو رواش (القطاع الشمالي وطريق إسكندرية),مصنع جديد تماماً (حصري),—,+20238244613,http://alwatania-egy.com/,"B102 - A22 قطعة، القرية الذكية, Cairo - Alexandria Desert Rd","https://www.google.com/maps?q=30.07765,31.020731",30.07765,31.020731,eat_and_drink,a483b5a4-92fe-4d19-9adc-0ed44792bea1
ماجيستك موتورز majestic motors,,صناعات سيارات وشاحنات ومركبات تجارية,المنطقة الصناعية بأبو رواش (القطاع الشمالي وطريق إسكندرية),مصنع جديد تماماً (حصري),—,—,http://majesticmotors.business.site/,17 شارع الطيران,"https://www.google.com/maps?q=30.079084,31.01672",30.079084,31.01672,car_dealer,74ff9ab6-453d-4d1e-bbf2-3c9502ca3683
Fawry Banking & Payment,,تصنيع وإنتاج هندسي عام ومعدات,المنطقة الصناعية بأبو رواش (القطاع الشمالي وطريق إسكندرية),مصنع جديد تماماً (حصري),—,—,—,Smart Village,"https://www.google.com/maps?q=30.081047,31.013206",30.081047,31.013206,industrial_equipment,98a582ce-6973-410a-a700-61d7d7d778d7
Egypt Trailers,,غزل ونسيج وملابس جاهزة,المنطقة الصناعية بأبو رواش (القطاع الشمالي وطريق إسكندرية),مصنع جديد تماماً (حصري),—,+201003600079,—,الكيلو 32,"https://www.google.com/maps?q=30.088636,31.011652",30.088636,31.011652,business_manufacturing_and_supply,0d50f933-0d5b-4c69-bd09-67ac58e98e87
Tiger Marine Industries,,تصنيع وإنتاج هندسي عام ومعدات,المنطقة الصناعية بأبو رواش (القطاع الشمالي وطريق إسكندرية),مصنع جديد تماماً (حصري),—,+201019407000,http://www.tigermarinei.com/,No 2 Metallic Industries - 124 Feddan - Abu Rawash Industrial Zone,"https://www.google.com/maps?q=30.088518,31.011642",30.088518,31.011642,industrial_equipment,fd809fc4-e691-423c-a2b4-a2d0cbb30681
MetalX,,غزل ونسيج وملابس جاهزة,المنطقة الصناعية بأبو رواش (القطاع الشمالي وطريق إسكندرية),مصنع جديد تماماً (حصري),—,+201103440720,—,"ابو رواش, قطعه 34, المنطقه الصناعيه","https://www.google.com/maps?q=30.090075,31.020351",30.090075,31.020351,powder_coating_service,816ee594-bf1f-4247-9578-5c5b0d57cb88
El-Dar Factory For Lifts,,تصنيع وإنتاج هندسي عام ومعدات,المنطقة الصناعية بأبو رواش (القطاع الشمالي وطريق إسكندرية),مصنع جديد تماماً (حصري),—,+201202000840,http://www.aldarelevators.com/,3rd Ind. Zone Ext.,"https://www.google.com/maps?q=30.090273,31.020224",30.090273,31.020224,elevator_service,24e28bfb-e549-407b-abb9-5e4a621626ce
First Group - Vegico,,تصنيع وإنتاج هندسي عام ومعدات,المنطقة الصناعية بأبو رواش (القطاع الشمالي وطريق إسكندرية),مصنع جديد تماماً (حصري),—,+201001478612,https://fgeco.squadcc.com/privacy-policy/,القطعة الخامسة - كم 32 - طريق القاهرة اسكندرية الصحراوى، المنطقة الصناعية - منط,"https://www.google.com/maps?q=30.082823,31.003519",30.082823,31.003519,industrial_equipment,c60942fe-0114-42c3-a91c-a17f9edc3e97
Infomedia,,صناعات سيارات وشاحنات ومركبات تجارية,المنطقة الصناعية بأبو رواش (القطاع الشمالي وطريق إسكندرية),مصنع جديد تماماً (حصري),—,+201090555170,http://www.infomediaagency.com/,"Piazza 59, Office No. 8","https://www.google.com/maps?q=30.062151,31.002392",30.062151,31.002392,business_advertising,00108004-3df1-4809-991c-51e922bcdfd5
Protection for Contracting and Design,,تصنيع وإنتاج هندسي عام ومعدات,المنطقة الصناعية بأبو رواش (القطاع الشمالي وطريق إسكندرية),مصنع جديد تماماً (حصري),—,+2037967251,https://protection-psc.com/prod/,الشيخ زايد,"https://www.google.com/maps?q=30.054293,30.994951",30.054293,30.994951,contractor,17ce5287-4022-43dc-b13c-9a28200f04dc
الصفوة سكيب,,تصنيع وإنتاج هندسي عام ومعدات,المنطقة الصناعية بأبو رواش (القطاع الشمالي وطريق إسكندرية),مصنع جديد تماماً (حصري),—,+201112464160,—,Cairo,"https://www.google.com/maps?q=30.059439,30.994833",30.059439,30.994833,construction_services,717be286-69f9-4a59-81d4-fcfcceaf7ffe
شركة المدائن للتشطيبات والمقاولات,,تصنيع وإنتاج هندسي عام ومعدات,المنطقة الصناعية بأبو رواش (القطاع الشمالي وطريق إسكندرية),مصنع جديد تماماً (حصري),—,—,—,الشيخ زايد,"https://www.google.com/maps?q=30.058634,30.987783",30.058634,30.987783,engineering_services,6423123a-d216-4494-b460-6e6ec3c8ac5c
المصرية الفرنسية  لقطع غيار سيارات الرينو الاصلية,,صناعات سيارات وشاحنات ومركبات تجارية,المنطقة الصناعية بأبو رواش (القطاع الشمالي وطريق إسكندرية),مصنع جديد تماماً (حصري),—,—,—,2 شارع الشباب,"https://www.google.com/maps?q=30.054106,30.990005",30.054106,30.990005,auto_parts_and_supply_store,53b90bb5-ef3c-4699-b3f1-7dc3649c8355
أحمد الدمشقي للردتيرات,,صناعات سيارات وشاحنات ومركبات تجارية,المنطقة الصناعية بأبو رواش (القطاع الشمالي وطريق إسكندرية),مصنع جديد تماماً (حصري),—,+201143835345,—,سنتر الشباب,"https://www.google.com/maps?q=30.054312,30.989723",30.054312,30.989723,automotive_repair,5adcab6c-370e-4550-8c64-c461d1120ff3
العفيفي لكهرباء السيارات وشحن التكيف,,نقل بري ولوجستيات وتخزين وأساطيل,المنطقة الصناعية بأبو رواش (القطاع الشمالي وطريق إسكندرية),مصنع جديد تماماً (حصري),—,+201201132901,—,Street 15,"https://www.google.com/maps?q=30.054335,30.989964",30.054335,30.989964,automotive_repair,96db7eb2-ac53-470b-8da8-771286b54b36
Tamayoz,,تصنيع وإنتاج هندسي عام ومعدات,المنطقة الصناعية بأبو رواش (القطاع الشمالي وطريق إسكندرية),مصنع جديد تماماً (حصري),—,+201021079210,—,"الحى 13 مجاورة 4 عمارة, Street 13","https://www.google.com/maps?q=30.054667,30.981289",30.054667,30.981289,interior_design,29b89190-f45a-4ab5-b326-6b4a1b1c0996
ونش رفع الاثاث في الشيخ زايد 01014368654 ونش رفع عفش,,نقل بري ولوجستيات وتخزين وأساطيل,المنطقة الصناعية بأبو رواش (القطاع الشمالي وطريق إسكندرية),موجود بالفعل بالسيستم (تحديث/إثراء إحداثيات),شركة نقل عفش بالعاشر من رمضان 01014368654 ،شركات نقل اثاث,+201014368654,—,الشيخ زايد ,"https://www.google.com/maps?q=30.065599,30.987144",30.065599,30.987144,freight_and_cargo_service,10c3f604-dc94-4539-9597-b03e352f9f1d
محطه صرف قريه عبدالصمد,,تصنيع وإنتاج هندسي عام ومعدات,المنطقة الصناعية بأبو رواش (القطاع الشمالي وطريق إسكندرية),مصنع جديد تماماً (حصري),—,—,—,، عزبة محمود عبد الصمد، المنصورية، إمبابة،,"https://www.google.com/maps?q=30.114164,31.080055",30.114164,31.080055,construction_services,f6fec1f0-f15f-4b43-baf6-7d6d395941f9
Egypt Trac Co.,,تصنيع وإنتاج هندسي عام ومعدات,المنطقة الصناعية بأبو رواش (القطاع الشمالي وطريق إسكندرية),مصنع جديد تماماً (حصري),—,+201008499906,http://Egypttrac.com/,"Tera, Elmansouria","https://www.google.com/maps?q=30.10903,31.084562",30.10903,31.084562,rental_service,e15da5d7-e874-41ff-9a33-4a97aef9a62f
الاخوة ستيل Alekhwa steel,,تصنيع وإنتاج هندسي عام ومعدات,المنطقة الصناعية بأبو رواش (القطاع الشمالي وطريق إسكندرية),مصنع جديد تماماً (حصري),—,+201155355715,http://www.ekhwasteel.com/,Giza,"https://www.google.com/maps?q=30.101938,31.087021",30.101938,31.087021,industrial_company,54ca3414-ab92-4964-afca-700967d9871c
شركة أطلس لتوريد طفايات الحريق ومواد السلامة والأمان الصناعي,,تصنيع وإنتاج هندسي عام ومعدات,المنطقة الصناعية بأبو رواش (القطاع الشمالي وطريق إسكندرية),مصنع جديد تماماً (حصري),—,+201097558638,https://atlas-safety.business.site/,مدخل عبدالصمد، طريق المنصورية، الصليبة,"https://www.google.com/maps?q=30.10146,31.086819",30.10146,31.086819,fire_protection_service,2850afa4-0972-4a50-bae7-d6777878715f
جابى كرفان | مبانى مسبقة الصنع | مطاعم جاهزة | حاويات للبيع | كرفانات للبيع,,تصنيع وإنتاج هندسي عام ومعدات,المنطقة الصناعية بأبو رواش (القطاع الشمالي وطريق إسكندرية),مصنع جديد تماماً (حصري),—,+201114446615,https://ghabee.wixsite.com/house,الكيلو 28طريق مصر اسكندريه الصحراوي مدخل الصليبه بجوار سان جورج,"https://www.google.com/maps?q=30.10111,31.086679",30.10111,31.086679,mobile_home_dealer,81e1c89f-7dfc-4f87-a634-a2a4f398b4dc
مؤسسة عماد الجمل - للأدوات الصحية,,تصنيع وإنتاج هندسي عام ومعدات,المنطقة الصناعية بأبو رواش (القطاع الشمالي وطريق إسكندرية),مصنع جديد تماماً (حصري),—,+201033834442,https://emadelgamal.com/,الجيزة / طريق المنصورية أول مدخل أوسيم ,"https://www.google.com/maps?q=30.105574,31.117975",30.105574,31.117975,contractor,e0059109-f82c-4151-951a-4b59afb5ec8b
النجار للكرفانات والحاويات ومنافذ البيع,,تصنيع وإنتاج هندسي عام ومعدات,المنطقة الصناعية بأبو رواش (القطاع الشمالي وطريق إسكندرية),مصنع جديد تماماً (حصري),—,+201001834167,https://elnajar0.wixsite.com/caravan,طريق المنصورية بعد مدخل كفر حكيم,"https://www.google.com/maps?q=30.08029,31.107161",30.08029,31.107161,mobile_home_dealer,f074332f-005e-4afb-ac01-c05049441d86
Tabi3y Farm,,صناعات غذائية ومشروبات ومطاحن,المنطقة الصناعية بأبو رواش (القطاع الشمالي وطريق إسكندرية),مصنع جديد تماماً (حصري),—,+201021210690,http://www.tabi3y.com/,Abdel Rahman Aly Basha Farm,"https://www.google.com/maps?q=30.095728,31.091028",30.095728,31.091028,fruits_and_vegetables,75d646e1-8df8-4fe0-8ef0-ce55b994f682
"الكينج ""للفيبر جلاس""",,تصنيع وإنتاج هندسي عام ومعدات,المنطقة الصناعية بأبو رواش (القطاع الشمالي وطريق إسكندرية),مصنع جديد تماماً (حصري),—,+201080669405,https://kingfiberglass.wixsite.com/home,طريق المحور _ مدخل المنصورية ,"https://www.google.com/maps?q=30.09309,31.092007",30.09309,31.092007,construction_services,5bc6dd28-61b8-4130-9dbf-9493c7eab035
كرفانات للبيع - Al-Nada,,تصنيع وإنتاج هندسي عام ومعدات,المنطقة الصناعية بأبو رواش (القطاع الشمالي وطريق إسكندرية),مصنع جديد تماماً (حصري),—,+201011203058,https://alnadacaravan.com/,طريق مصر اسكندريه الصحراوي الكيلو 5 بجوار المتحف المصري الكبير,"https://www.google.com/maps?q=30.089293,31.093597",30.089293,31.093597,mobile_home_dealer,24164252-d5fe-49b9-9e42-5c7fb67330ca
كرفانات للبيع بيتكو كرفان,,تصنيع وإنتاج هندسي عام ومعدات,المنطقة الصناعية بأبو رواش (القطاع الشمالي وطريق إسكندرية),مصنع جديد تماماً (حصري),—,+201028584010,https://betco-eg.wixsite.com/caravan,ابورواش - المنطقة الصناعية,"https://www.google.com/maps?q=30.100292,31.078575",30.100292,31.078575,construction_services,463a693a-19a7-4c35-a6ed-9070f5d657e3
مركز التهامي لإصلاح وتجديد السيارات,,صناعات سيارات وشاحنات ومركبات تجارية,المنطقة الصناعية بأبو رواش (القطاع الشمالي وطريق إسكندرية),مصنع جديد تماماً (حصري),—,+201125043988,—,مدخل المنطقه الصناعيه ابو رواش، الصليبه طريق المنصوريه,"https://www.google.com/maps?q=30.09971,31.076422",30.09971,31.076422,automotive_repair,24de4a6b-0e15-467f-b451-660463437d84
AgriSafe,,كيماويات وبتروكيماويات ودهانات وزيوت,المنطقة الصناعية بأبو رواش (القطاع الشمالي وطريق إسكندرية),مصنع جديد تماماً (حصري),—,+201028055412,http://www.agrisafe-eg.com/,طريق الصليبية ابو رواش,"https://www.google.com/maps?q=30.099861,31.076288",30.099861,31.076288,agriculture,57ab83a4-4e51-4e3a-94f6-0b700086b5c2
Al Baydaa Arabians Eg,,صناعات سيارات وشاحنات ومركبات تجارية,المنطقة الصناعية بأبو رواش (القطاع الشمالي وطريق إسكندرية),مصنع جديد تماماً (حصري),—,—,http://www.albaydaafarm.com/,Kerdasah,"https://www.google.com/maps?q=30.070433,31.082169",30.070433,31.082169,farm,78bb89c3-7527-45fb-8ae0-26acf8159f1f
كرفان الدوليه Igc,,تصنيع وإنتاج هندسي عام ومعدات,المنطقة الصناعية بأبو رواش (القطاع الشمالي وطريق إسكندرية),مصنع جديد تماماً (حصري),—,+201143031000,https://igccairo.wixsite.com/foodtruckrestaurant,"محور 26 يوليو , طريق مصر اسكندريه الصحراوي, المنطقة الصناعية ","https://www.google.com/maps?q=30.054642,31.072824",30.054642,31.072824,construction_services,36b16e30-2bfc-4e6c-b71c-34a6d0548822
المنارة - تصنيع الكرفانات الثابتة والمتحركة والحاويات,,تصنيع وإنتاج هندسي عام ومعدات,المنطقة الصناعية بأبو رواش (القطاع الشمالي وطريق إسكندرية),مصنع جديد تماماً (حصري),—,+201026257497,https://almanarah.wixsite.com/home,\nأكتوبر طريق مصر أسكندريه الصحراوي محور 26يوليو أمام نفق ڤودفون ,"https://www.google.com/maps?q=30.054834,31.074762",30.054834,31.074762,mobile_home_dealer,0c4d4538-63b5-40c7-998a-83fed138c3d5
كرفانات الفراعنة Pharaohs caravans,,تصنيع وإنتاج هندسي عام ومعدات,المنطقة الصناعية بأبو رواش (القطاع الشمالي وطريق إسكندرية),مصنع جديد تماماً (حصري),—,+201156206657,https://alfra3nacaravan.com/,ترعة المنصورية ,"https://www.google.com/maps?q=30.057175,31.07966",30.057175,31.07966,construction_services,ffd4a58d-b65f-4ae6-b35c-42297dec988b
Flex gas - عيد غاز,,صناعات سيارات وشاحنات ومركبات تجارية,المنطقة الصناعية بأبو رواش (القطاع الشمالي وطريق إسكندرية),مصنع جديد تماماً (حصري),—,+201006760285,https://www.blogger.com/u/3/blog/posts/3098648062911833819?pli=1,شارع المدينة المنورة ,"https://www.google.com/maps?q=30.057524,31.08568",30.057524,31.08568,automotive_repair,0b1a0c7f-ad7e-4d42-bbcb-a0c785191e65
عطارة طيبة,,تصنيع وإنتاج هندسي عام ومعدات,المنطقة الصناعية بأبو رواش (القطاع الشمالي وطريق إسكندرية),مصنع جديد تماماً (حصري),—,—,—,46 ع شارع الخزان  بوابة حورس  حدائق الاهرام,"https://www.google.com/maps?q=30.056732,31.085806",30.056732,31.085806,commercial_industrial,4f256660-9f88-424a-a2b3-de7d635d655d
شركة كرفانات الخالد,,تصنيع وإنتاج هندسي عام ومعدات,المنطقة الصناعية بأبو رواش (القطاع الشمالي وطريق إسكندرية),مصنع جديد تماماً (حصري),—,01080674946,https://www.alkhaled-caravans.com/,Abu Rawash - Kirdasah - Giza - Egypt - 12676,"https://www.google.com/maps?q=30.058081,31.084827",30.058081,31.084827,mobile_home_dealer,71826ee6-bcaa-4058-ac46-5491f523f86e
Monginis Factory,,تصنيع وإنتاج هندسي عام ومعدات,المنطقة الصناعية بأبو رواش (القطاع الشمالي وطريق إسكندرية),مصنع جديد تماماً (حصري),—,—,https://monginisscakes.com/egypt/,Kafr Abū Ḩumaydah,"https://www.google.com/maps?q=30.061087,31.087711",30.061087,31.087711,commercial_industrial,332a6e21-a875-4a3f-bc1e-290c68dccbdb
الاتحاد المصرى لصناعة الكرفانات والحاويات والمطاعم الجاهزة,,تصنيع وإنتاج هندسي عام ومعدات,المنطقة الصناعية بأبو رواش (القطاع الشمالي وطريق إسكندرية),مصنع جديد تماماً (حصري),—,+201152180192,https://alethadcaravan.com/,ابورواش - محور 26 يوليو ,"https://www.google.com/maps?q=30.061619,31.089748",30.061619,31.089748,construction_services,d45f314b-dd21-4ef0-8263-8fe2ef7dbbbe
شركة رخامكو لتوريد وتركيب الرخام والواجهات الحجرية,,مواد بناء ورخام وسيراميك وخرسانة جاهزة,المنطقة الصناعية بأبو رواش (القطاع الشمالي وطريق إسكندرية),مصنع جديد تماماً (حصري),—,+201152324155,http://rokham.wixsite.com/rokhamko,محور 26 يوليو - أبورواش,"https://www.google.com/maps?q=30.061771,31.089739",30.061771,31.089739,professional_services,a560c169-6ce9-4357-904a-9cd999bcb109
الشركة الألمانية كايرو لمكافحة الحشرات,,تصنيع وإنتاج هندسي عام ومعدات,المنطقة الصناعية بأبو رواش (القطاع الشمالي وطريق إسكندرية),مصنع جديد تماماً (حصري),—,+201028269054,—,المعادي شارع 9,"https://www.google.com/maps?q=30.061203,31.093576",30.061203,31.093576,pest_control_service,f419c7e0-ed9b-4f42-b628-38f5799a026b
شركة طيبة للكرفانات - صناعة الكرفانات والحاويات باقل التكاليف,,تصنيع وإنتاج هندسي عام ومعدات,المنطقة الصناعية بأبو رواش (القطاع الشمالي وطريق إسكندرية),مصنع جديد تماماً (حصري),—,+201022644357,https://tiba-eg.business.site/,ابورواش طريق المنصورية خلف مصنع مونجينى للمنتجات الغذائية,"https://www.google.com/maps?q=30.055462,31.089073",30.055462,31.089073,construction_services,bf4c5fe8-adc3-40de-a099-3e436cae22c9
الشركة الوطنية للكرفانات والحاويات - Elwatania,,تصنيع وإنتاج هندسي عام ومعدات,المنطقة الصناعية بأبو رواش (القطاع الشمالي وطريق إسكندرية),مصنع جديد تماماً (حصري),—,+201090504092,https://elwatania-caravan.com/,Giza,"https://www.google.com/maps?q=30.075451,31.100014",30.075451,31.100014,construction_services,0446ee3e-7a86-4981-8c01-27b08868fdce
مصنع  زمرده,,تصنيع وإنتاج هندسي عام ومعدات,المنطقة الصناعية بأبو رواش (القطاع الشمالي وطريق إسكندرية),مصنع جديد تماماً (حصري),—,+201009375833,—,كرداسه طريق ناهيا ابو رواش علي كوبري المجادله بجوار مسجد الفتح,"https://www.google.com/maps?q=30.057909,31.115929",30.057909,31.115929,,fdaee462-48f9-40f3-bcbb-394ce2ef0eb3
Stone land for Marble and Granite,,مواد بناء ورخام وسيراميك وخرسانة جاهزة,المنطقة الصناعية بأبو رواش (القطاع الشمالي وطريق إسكندرية),مصنع جديد تماماً (حصري),—,+201111200175,http://www.Stonelandeg.com/,"Address: ، 98 Al, Zahraa Al Maadi, Maadi, Cairo Governorate 11728","https://www.google.com/maps?q=30.058399,31.113297",30.058399,31.113297,industrial_company,83cf43fc-9d81-4cf0-9d9e-5fd6d059f245
مصنع نيو تريند لعبايات الاستقبال,,تصنيع وإنتاج هندسي عام ومعدات,المنطقة الصناعية بأبو رواش (القطاع الجنوبي والقرية الذكية),مصنع جديد تماماً (حصري),—,+201112139690,https://www.tiktok.com/@abaity.trend?_r=1&_t=ZS-929zjVva66u,الشارع السياحي,"https://www.google.com/maps?q=30.041819,31.113026",30.041819,31.113026,,bec22459-3d27-4de9-ab7e-83c9ba0484fe
Jebal wood,,صناعات سيارات وشاحنات ومركبات تجارية,المنطقة الصناعية بأبو رواش (القطاع الجنوبي والقرية الذكية),مصنع جديد تماماً (حصري),—,+201001217351,http://www.jebal.net/,كرداسة,"https://www.google.com/maps?q=30.047314,31.118404",30.047314,31.118404,business_manufacturing_and_supply,5f55f0d0-d770-40db-90c2-11971effc32a
مكتب ومصنع الماسة للعبايات أكبر مكتب جملة في مصر,,تصنيع وإنتاج هندسي عام ومعدات,المنطقة الصناعية بأبو رواش (القطاع الجنوبي والقرية الذكية),مصنع جديد تماماً (حصري),—,+201000878860,—,‎الجيزة كرداسة الشارع السياحي الرئيسي أول مكتب فالشارع السياحي,"https://www.google.com/maps?q=30.036411,31.119232",30.036411,31.119232,shopping,0cab8f2a-2e2c-46be-8c4c-5c49dcbb510d
مصنع العبد للعبايات ,,تصنيع وإنتاج هندسي عام ومعدات,المنطقة الصناعية بأبو رواش (القطاع الجنوبي والقرية الذكية),مصنع جديد تماماً (حصري),—,+201125705878,—,كرداسه شارع السياحه,"https://www.google.com/maps?q=30.035999,31.118469",30.035999,31.118469,,72a337b1-9e53-4f60-a46b-84b151b80e8b
مصنع مصطفى خليل,,تصنيع وإنتاج هندسي عام ومعدات,المنطقة الصناعية بأبو رواش (القطاع الجنوبي والقرية الذكية),مصنع جديد تماماً (حصري),—,+201021435373,http://t.me/mustafalkhalil,كرداسة,"https://www.google.com/maps?q=30.035999,31.118469",30.035999,31.118469,,b8a00a12-1d1d-4979-b58c-58193973fd07
Ready Car Service,,صناعات سيارات وشاحنات ومركبات تجارية,المنطقة الصناعية بأبو رواش (القطاع الجنوبي والقرية الذكية),مصنع جديد تماماً (حصري),—,+201012291241,http://www.readycarservice.com/,"شارع مسجد, Salama Al Shaer","https://www.google.com/maps?q=30.030502,31.118637",30.030502,31.118637,automotive_repair,d3e0d9f2-e868-454c-80e3-03a142e9eaf3
جاجوار لكماليات السيارات وافلام الحماية والعزل الحراري,,صناعات سيارات وشاحنات ومركبات تجارية,المنطقة الصناعية بأبو رواش (القطاع الجنوبي والقرية الذكية),مصنع جديد تماماً (حصري),—,+201066213484,—,طريق اللبيني بجوار مسجد الشاعر ب فيلا عبد رشوان ,"https://www.google.com/maps?q=30.030231,31.118711",30.030231,31.118711,auto_customization,b70867ca-7659-48ae-890a-4fc07518cc20
Kayan for Cars,,صناعات سيارات وشاحنات ومركبات تجارية,المنطقة الصناعية بأبو رواش (القطاع الجنوبي والقرية الذكية),مصنع جديد تماماً (حصري),—,+201013978001,—,"Streat, 10 elbank, محور اللبيني","https://www.google.com/maps?q=30.033348,31.117695",30.033348,31.117695,car_dealer,2155ebde-9b59-45fc-9aa8-6dc138e2afa0
مصنع الحمزة فاشون للعبايات,,تصنيع وإنتاج هندسي عام ومعدات,المنطقة الصناعية بأبو رواش (القطاع الجنوبي والقرية الذكية),مصنع جديد تماماً (حصري),—,+201032002178,https://www.youtube.com/@user-ALHAMZA2022, #كرداسة #الشارع السياحي ,"https://www.google.com/maps?q=30.033754,31.115189",30.033754,31.115189,,d5faec04-0ecb-4f7a-9b1d-06a066772449
كريستال تكس,,غزل ونسيج وملابس جاهزة,المنطقة الصناعية بأبو رواش (القطاع الجنوبي والقرية الذكية),مصنع جديد تماماً (حصري),—,+201203062551,—,، طريق مصرف اللبيني,"https://www.google.com/maps?q=30.034073,31.117233",30.034073,31.117233,wholesale_store,d3fd69ff-db40-4042-924d-dcb5fcc764f1
الابداع لصناعة الكرفانات والحاويات,,تصنيع وإنتاج هندسي عام ومعدات,المنطقة الصناعية بأبو رواش (القطاع الجنوبي والقرية الذكية),مصنع جديد تماماً (حصري),—,+201020076620,https://allebda3.wixsite.com/home,ابورواش-الطريق الابيض-الجيزة ,"https://www.google.com/maps?q=30.035572,31.112438",30.035572,31.112438,construction_services,e591f63c-d35f-4e55-90b6-77257d72a651
"United Textile Trading & Supply Co,",,غزل ونسيج وملابس جاهزة,المنطقة الصناعية بأبو رواش (القطاع الجنوبي والقرية الذكية),مصنع جديد تماماً (حصري),—,+20237982448,http://united-tex.net/,kerdasa,"https://www.google.com/maps?q=30.035599,31.111734",30.035599,31.111734,b2b_textiles,125a7e46-70b1-4c65-95e8-6d8d91792468
همام تكس لتجارة المنسوجات,,غزل ونسيج وملابس جاهزة,المنطقة الصناعية بأبو رواش (القطاع الجنوبي والقرية الذكية),مصنع جديد تماماً (حصري),—,+201030003360,—,"بجوار مول خان, نزلة طريق مصرف بني مجدول","https://www.google.com/maps?q=30.03694,31.11426",30.03694,31.11426,fabric_store,31e45f33-f9d3-4729-a3a6-bfa89dd50f34
AZAB STORE,,صناعات سيارات وشاحنات ومركبات تجارية,المنطقة الصناعية بأبو رواش (القطاع الجنوبي والقرية الذكية),مصنع جديد تماماً (حصري),—,+201141334668,—,نزله,"https://www.google.com/maps?q=30.036283,31.114901",30.036283,31.114901,automotive_repair,bac648fc-0bf6-4612-9fee-e45646305e14
لين ستايل - Leen Style,,صناعات سيارات وشاحنات ومركبات تجارية,المنطقة الصناعية بأبو رواش (القطاع الجنوبي والقرية الذكية),مصنع جديد تماماً (حصري),—,+201012571687,https://t.me/eldawlifashion/1605?single,كرداسه الشارع السياحي \n,"https://www.google.com/maps?q=30.035332,31.108389",30.035332,31.108389,marketing_agency,59ac1071-9629-45db-bd73-e51478163a17
المتحدة للكرفانات,,تصنيع وإنتاج هندسي عام ومعدات,المنطقة الصناعية بأبو رواش (القطاع الجنوبي والقرية الذكية),مصنع جديد تماماً (حصري),—,+201003010064,https://mutaheda.wixsite.com/almutaheda,مصنع المتحدة للكرفنانات طريق الابيض ابورواش بعد البنزينة ,"https://www.google.com/maps?q=30.035234,31.100912",30.035234,31.100912,industrial_company,81d1f4c5-1184-493d-9a4b-f45675352132
نيو فيجن للكرفانات والحاويات,,تصنيع وإنتاج هندسي عام ومعدات,المنطقة الصناعية بأبو رواش (القطاع الجنوبي والقرية الذكية),مصنع جديد تماماً (حصري),—,+201030730150,https://maps.app.goo.gl/vchrdyy61125TaccA,أبورواش طريق المنصورية محور ٢٦ يوليو,"https://www.google.com/maps?q=30.040379,31.096691",30.040379,31.096691,construction_services,ae9dc3c8-9057-4d04-863e-981c3e5adac8
الوليد لصناعة وتوريد الكرفانات والحاويات,,تصنيع وإنتاج هندسي عام ومعدات,المنطقة الصناعية بأبو رواش (القطاع الجنوبي والقرية الذكية),مصنع جديد تماماً (حصري),—,+201019182293,https://alwalied.wixsite.com/home,ابورواش طريق المنصورية,"https://www.google.com/maps?q=30.040379,31.096691",30.040379,31.096691,construction_services,fd71cf0a-6220-4a24-b987-6501be5fbbfd
Ezbet El Basha - عزبه الباشا ,,صناعات غذائية ومشروبات ومطاحن,المنطقة الصناعية بأبو رواش (القطاع الجنوبي والقرية الذكية),مصنع جديد تماماً (حصري),—,+201094466887,—,"Mansoria, Abo Rawash , Giza ","https://www.google.com/maps?q=30.040379,31.096691",30.040379,31.096691,farm,67fd4ab9-8cef-43ae-923a-8358fef92d14
شركة ابوطالب اوتو,,تصنيع وإنتاج هندسي عام ومعدات,المنطقة الصناعية بأبو رواش (القطاع الجنوبي والقرية الذكية),مصنع جديد تماماً (حصري),—,+201003499439,https://www.facebook.com/share/g/1PcXssDtHM/,الإدارة كرداسة طريق المنصورية عمارة ابوطالب بجوار بنزينة التعاون \n,"https://www.google.com/maps?q=30.040401,31.096691",30.040401,31.096691,motorcycle_dealer,acfd782c-b096-4463-a12b-c75847b73884
Tut Masr - Live Reptiles Exporter,,صناعات سيارات وشاحنات ومركبات تجارية,المنطقة الصناعية بأبو رواش (القطاع الجنوبي والقرية الذكية),مصنع جديد تماماً (حصري),—,01119566552,https://tutmasr.com/,"Abu Rawash, Kirdasah , Giza , Egypt 12676","https://www.google.com/maps?q=30.044413,31.09577",30.044413,31.09577,exporters,7de97e00-d73d-4a9e-afb0-cca03875825d
شركة نظافة النجيب ايكون شاين,,تصنيع وإنتاج هندسي عام ومعدات,المنطقة الصناعية بأبو رواش (القطاع الجنوبي والقرية الذكية),مصنع جديد تماماً (حصري),—,+201009090859,https://www.alnageeb-clean.com/,كرداسة,"https://www.google.com/maps?q=30.044504,31.095778",30.044504,31.095778,home_cleaning,d1a9b0e9-379c-4221-a835-bf6b12337b29
Jahez Studio,,صناعات سيارات وشاحنات ومركبات تجارية,المنطقة الصناعية بأبو رواش (القطاع الجنوبي والقرية الذكية),مصنع جديد تماماً (حصري),—,+201022415704,https://www.behance.net/jahezstudio,شارع الشهيد أحمد عبود الزمر - بجوار مسجد الشهداء,"https://www.google.com/maps?q=30.045599,31.10914",30.045599,31.10914,internet_marketing_service,6fb4324b-2620-4da2-8b4a-397c159915b0
الكرنك ستون,,تصنيع وإنتاج هندسي عام ومعدات,المنطقة الصناعية بأبو رواش (القطاع الشمالي وطريق إسكندرية),مصنع جديد تماماً (حصري),—,010 07373773,https://www.elkarnkstone.com,ابو رواش الطريق الابيض,"https://www.google.com/maps?q=30.053284,31.101414",30.053284,31.101414,commercial_industrial,30fe1805-6cfe-48ca-a243-972171d21cf7
كرفانات داود لتصنيع وتوريد الكرفانات والحاويات,,صناعات سيارات وشاحنات ومركبات تجارية,المنطقة الصناعية بأبو رواش (القطاع الجنوبي والقرية الذكية),مصنع جديد تماماً (حصري),—,+201284040664,—,طريق المنصوريه,"https://www.google.com/maps?q=30.049185,31.095615",30.049185,31.095615,business_manufacturing_and_supply,8c7b3a79-6943-496d-8385-7a0d204f368d
الخولي لتشكيل المعادن,,غزل ونسيج وملابس جاهزة,المنطقة الصناعية بأبو رواش (القطاع الشمالي وطريق إسكندرية),مصنع جديد تماماً (حصري),—,+201140206062,https://goo.gl/maps/Kas2aBgv7gBPiA2u6?g_st=aw,Cairo,"https://www.google.com/maps?q=30.051151,31.097466",30.051151,31.097466,metal_fabricator,62345da5-29c1-4a50-9c11-3adacaf4bcb8
أكويلا راوتر,,صناعات سيارات وشاحنات ومركبات تجارية,المنطقة الصناعية بأبو رواش (القطاع الجنوبي والقرية الذكية),مصنع جديد تماماً (حصري),—,+201143331040,—,طريق المنصورية ابورواش شارع المعسكر بجوار مسجد د سعيد حساسين ,"https://www.google.com/maps?q=30.047575,31.089993",30.047575,31.089993,business_advertising,78b0554e-8ca1-4bd5-baa7-132f7badb245
كرفانات للبيع شركة المها,,تصنيع وإنتاج هندسي عام ومعدات,المنطقة الصناعية بأبو رواش (القطاع الجنوبي والقرية الذكية),مصنع جديد تماماً (حصري),—,+201090847001,http://almaha7star.com/,طريق المنصوريه,"https://www.google.com/maps?q=30.046785,31.094988",30.046785,31.094988,building_supply_store,7a3ff731-3ba0-4778-80f8-30c5f939db72
كرفانات للبيع | حاويات | شركة المجد لتوريد الكرفانات والكناتر,,تصنيع وإنتاج هندسي عام ومعدات,المنطقة الصناعية بأبو رواش (القطاع الجنوبي والقرية الذكية),مصنع جديد تماماً (حصري),—,+201113951451,https://almajd-caravan.business.site/,طريق,"https://www.google.com/maps?q=30.046436,31.094984",30.046436,31.094984,mobile_home_dealer,6affd542-a211-4453-adce-48b803361099
كرفان كير لصناعة وتوريد الكرفانات والحاويات,,تصنيع وإنتاج هندسي عام ومعدات,المنطقة الصناعية بأبو رواش (القطاع الجنوبي والقرية الذكية),مصنع جديد تماماً (حصري),—,+201150609094,https://caravan-care.wixsite.com/caravancare,كرداسة,"https://www.google.com/maps?q=30.045599,31.092499",30.045599,31.092499,industrial_equipment,2dff3940-96cc-4729-a5c6-1946dbc0ce8c
Global Green Planet - GGP,,كيماويات وبتروكيماويات ودهانات وزيوت,المنطقة الصناعية بأبو رواش (القطاع الجنوبي والقرية الذكية),مصنع جديد تماماً (حصري),—,+201024443443,http://www.globalgreenplanet.com/,قطعة 7 منطقة ال 75 فدان بجوار توكيل القصراوى خلف القرية الذكية ابو رواش المنطقة الصناعية,"https://www.google.com/maps?q=30.045918,31.09234",30.045918,31.09234,chemical_plant,f301b3c5-916b-4056-a8f5-fff34ff772aa
شركة الشرق الأوسط لصناعة حبيبات Pvc,,صناعات بلاستيكية ومطاطية ومواسير,المنطقة الصناعية بأبو رواش (القطاع الجنوبي والقرية الذكية),مصنع جديد تماماً (حصري),—,+201272004145,—,كرداسة,"https://www.google.com/maps?q=30.045153,31.093628",30.045153,31.093628,corporate_office,5467a3a7-9419-4864-9847-c5d608c66901
GTCO GermanTechnology Co.,,تصنيع وإنتاج هندسي عام ومعدات,المنطقة الصناعية بأبو رواش (القطاع الجنوبي والقرية الذكية),مصنع جديد تماماً (حصري),—,+201220144002,https://gtco-eg.com/eg-ar,1ش القاضي أبو سيف - الدقي - الجيزة.,"https://www.google.com/maps?q=30.045778,31.094671",30.045778,31.094671,engineering_services,7543ad05-7173-4ad2-ab98-9c00c663761a
شركة نظافة المكة للخدمات الفندقية 01119555852,,مواد بناء ورخام وسيراميك وخرسانة جاهزة,المنطقة الصناعية بأبو رواش (القطاع الجنوبي والقرية الذكية),مصنع جديد تماماً (حصري),—,+201119555852,https://www.youtube.com/@MAKA.CLEANing,شارع مدرسة الأزهر ابورواش ,"https://www.google.com/maps?q=30.043695,31.093744",30.043695,31.093744,home_cleaning,8c260490-6669-4aed-a09e-15f29356840a
الشركة المصرية الألمانية لصيانة السيارات,,صناعات سيارات وشاحنات ومركبات تجارية,المنطقة الصناعية بأبو رواش (القطاع الجنوبي والقرية الذكية),مصنع جديد تماماً (حصري),—,+201225633318,https://www.youtube.com/channel/UCI82r1tRFh01NKJzoy3xW6A,المنطقة الصناعية بأبو رواش (القطاع الجنوبي والقرية الذكية),"https://www.google.com/maps?q=30.043837,31.0865",30.043837,31.0865,automotive_repair,0d1df9d7-4c6e-45b6-ac00-44d59ef35ec9
كرفانات للبيع  شركة سمارت للكرفانات الثابتة و المتحركة,,تصنيع وإنتاج هندسي عام ومعدات,المنطقة الصناعية بأبو رواش (القطاع الشمالي وطريق إسكندرية),مصنع جديد تماماً (حصري),—,+201098654699,—,ابو رواش . شارع الجيش . المتفرع من طريق المصورية ,"https://www.google.com/maps?q=30.052938,31.084606",30.052938,31.084606,professional_services,a7c4c52f-effc-4181-9eb2-511413872f60
Innova caravan,,تصنيع وإنتاج هندسي عام ومعدات,المنطقة الصناعية بأبو رواش (القطاع الشمالي وطريق إسكندرية),مصنع جديد تماماً (حصري),—,+201117590771,https://innovacaravan.com/,المنطقة الصناعية - أبو رواش,"https://www.google.com/maps?q=30.052803,31.077053",30.052803,31.077053,construction_services,1fb57d24-07e7-423b-a4ca-c482d279287f
Caravanox  كرفان اوكس للانشاءات و المبانى الجاهزة,,تصنيع وإنتاج هندسي عام ومعدات,المنطقة الصناعية بأبو رواش (القطاع الشمالي وطريق إسكندرية),مصنع جديد تماماً (حصري),—,+201019319133,https://caravanox.com/,تقاطع نفق فودافون مع محور 26 يوليو - المنطقة الصناعية ابو رواش,"https://www.google.com/maps?q=30.053259,31.076235",30.053259,31.076235,construction_services,895770b3-8952-402c-8e80-6388fabf2a68
Al Baher For Caravans and Containers - الباهر للكرفانات والحاويات,,تصنيع وإنتاج هندسي عام ومعدات,المنطقة الصناعية بأبو رواش (القطاع الجنوبي والقرية الذكية),مصنع جديد تماماً (حصري),—,+201012106071,https://albaher-eg.wixsite.com/caravanelbaher,طريق مصر اسكندريه الصحراوي الكيلو 6 مدخل قطر الندى ,"https://www.google.com/maps?q=30.036423,31.094389",30.036423,31.094389,commercial_industrial,b317b680-5848-452f-872d-04b780e01116
ستار الوطنية للسيارات,,صناعات سيارات وشاحنات ومركبات تجارية,المنطقة الصناعية بأبو رواش (القطاع الجنوبي والقرية الذكية),مصنع جديد تماماً (حصري),—,—,—,كيلو 22 طريق اسكندرية الصحراوي,"https://www.google.com/maps?q=30.021029,31.071878",30.021029,31.071878,car_dealer,f0202c83-4b13-4751-ac72-68e994593c9f
Pyramids Heights Authorized Dealership,,صناعات سيارات وشاحنات ومركبات تجارية,المنطقة الصناعية بأبو رواش (القطاع الجنوبي والقرية الذكية),مصنع جديد تماماً (حصري),—,+20235390925,http://www.mercedes-benz.com.eg/eccp,"Pyramids Heights , km 22, Cairo-Alex desert road","https://www.google.com/maps?q=30.022013,31.075256",30.022013,31.075256,automotive_consultant,3b57bf35-5462-4492-8eaf-f1110174798d
Star National Automotive,,صناعات سيارات وشاحنات ومركبات تجارية,المنطقة الصناعية بأبو رواش (القطاع الجنوبي والقرية الذكية),مصنع جديد تماماً (حصري),—,+20237250031,https://www.sna.mercedes-benz.com.eg/passengercars/startpage.html,"Pyramids Heights, الكيلو 22 Cairo - Alexandria Desert Rd","https://www.google.com/maps?q=30.021685,31.075319",30.021685,31.075319,car_dealer,d324fb6f-c3e3-4a61-a92e-553b9bd35907
الجيزه الوطنيه للسيارات,,صناعات سيارات وشاحنات ومركبات تجارية,المنطقة الصناعية بأبو رواش (القطاع الجنوبي والقرية الذكية),مصنع جديد تماماً (حصري),—,—,—,السادس من اكتوبر,"https://www.google.com/maps?q=30.021473,31.075287",30.021473,31.075287,shopping,115a8d43-7f09-4cd4-9eb3-46fed6cf8a5b
Spectrum Engineering,,تصنيع وإنتاج هندسي عام ومعدات,المنطقة الصناعية بأبو رواش (القطاع الجنوبي والقرية الذكية),مصنع جديد تماماً (حصري),—,+201286555898,http://www.spectrum-egypt.com/,"Pyramid Hills Compound, 19 km west Cairo- Alexandria desert road","https://www.google.com/maps?q=30.008669,31.088863",30.008669,31.088863,engineering_services,5e6940be-3049-4e43-8ee2-e3ea2117a244
Score Grass,,تصنيع وإنتاج هندسي عام ومعدات,المنطقة الصناعية بأبو رواش (القطاع الجنوبي والقرية الذكية),مصنع جديد تماماً (حصري),—,+201225555275,http://www.scoregrass.com/,https://maps.app.goo.gl/zMg8XhH7eCtXi34r8?g_st=iw,"https://www.google.com/maps?q=30.010344,31.108339",30.010344,31.108339,landscaping,ab3b2a16-92bc-4964-9ff4-e43444a2e936
Recharged by Infinity,,تصنيع وإنتاج هندسي عام ومعدات,المنطقة الصناعية بأبو رواش (القطاع الجنوبي والقرية الذكية),مصنع جديد تماماً (حصري),—,+201500801009,https://linktr.ee/rechargedeg,"El Naggar Mall, km18 Cairo - Alexandria Desert Rd","https://www.google.com/maps?q=30.01067,31.108534",30.01067,31.108534,contractor,736ce32a-ec42-4cf5-b07b-280d815a710b
OneraSystems,,تصنيع وإنتاج هندسي عام ومعدات,المنطقة الصناعية بأبو رواش (القطاع الجنوبي والقرية الذكية),مصنع جديد تماماً (حصري),—,+20235377555,http://www.OneraSystems.com/,EL-Nagaar Mall,"https://www.google.com/maps?q=30.010799,31.108217",30.010799,31.108217,solar_installation,d85b7bd7-dc5a-4577-bdee-83cdc40e5b3e
منصور شيفورليه,,صناعات سيارات وشاحنات ومركبات تجارية,المنطقة الصناعية بأبو رواش (القطاع الجنوبي والقرية الذكية),مصنع جديد تماماً (حصري),—,—,http://www.almansour.com.eg/,Cairo Alex Desert Road,"https://www.google.com/maps?q=30.016872,31.101261",30.016872,31.101261,automotive_repair,b56109d5-9bc8-41de-98be-1f44e01558d5
شركة أولاد رفعت عبد المقصود,,صناعات سيارات وشاحنات ومركبات تجارية,المنطقة الصناعية بأبو رواش (القطاع الجنوبي والقرية الذكية),مصنع جديد تماماً (حصري),—,+201003747160,https://sites.google.com/view/refaat-abdelmaksoud-company,"مطعم عبلة بعد200متر، بجوار, Al Mansoureya Canal","https://www.google.com/maps?q=30.026915,31.105516",30.026915,31.105516,automotive_repair,1cc2556a-e656-4096-aa7e-b4d0c637b1df
شركة الفتح للكرفانات والحاويات,,تصنيع وإنتاج هندسي عام ومعدات,المنطقة الصناعية بأبو رواش (القطاع الجنوبي والقرية الذكية),مصنع جديد تماماً (حصري),—,+201004695960,https://elfathcaravan.com/,Abu Rawash ,"https://www.google.com/maps?q=30.025341,31.106459",30.025341,31.106459,construction_services,22a40273-fafb-4563-9c94-6cec15d0bdfd
ابو يوسف لقطع غيار السيارات النقل الثقيل وللوازم الكهرباء,,نقل بري ولوجستيات وتخزين وأساطيل,المنطقة الصناعية بأبو رواش (القطاع الجنوبي والقرية الذكية),مصنع جديد تماماً (حصري),—,+201021189441,—,طريق ترعة المنصورية,"https://www.google.com/maps?q=30.023952,31.108589",30.023952,31.108589,car_dealer,df7e4f24-e27e-4fb2-a25e-851a95fa3308
نيومكس لكيماويات البناء الحديث,,كيماويات وبتروكيماويات ودهانات وزيوت,المنطقة الصناعية بأبو رواش (القطاع الجنوبي والقرية الذكية),مصنع جديد تماماً (حصري),—,+201090962422,—,شارع الرشاح,"https://www.google.com/maps?q=30.025484,31.114595",30.025484,31.114595,business_manufacturing_and_supply,3601f5e6-c8bc-4c3d-9a8a-e3214899f8c0
مركز فبريكا لسمكرة ودهان السيارات,,صناعات سيارات وشاحنات ومركبات تجارية,المنطقة الصناعية بأبو رواش (القطاع الجنوبي والقرية الذكية),مصنع جديد تماماً (حصري),—,+201007762957,—,طريق المنصوريه كوبري عابدين هرم,"https://www.google.com/maps?q=30.016329,31.111893",30.016329,31.111893,automotive_repair,81f73c24-1376-4732-8e12-b3e13366cd64
شركة هيمكو لمحركات الديزل Hd,,تصنيع وإنتاج هندسي عام ومعدات,المنطقة الصناعية بأبو رواش (القطاع الجنوبي والقرية الذكية),مصنع جديد تماماً (حصري),—,+14044871301,http://hemcoo.blogspot.com/,288ترعه المنصوريه - طريق كرداسه - فيصل - الجيزه -  مصر,"https://www.google.com/maps?q=30.012735,31.114395",30.012735,31.114395,auto_parts_and_supply_store,0707f908-e971-43fb-a0e6-638f5a4cb631
